4,20,7,7,1,47,38,7,2,32,6,6,26,20,35,25,46,5,42,3,4,25,5,49,3,24,40,23,5,2,1,35,2,5,29,0,3,8,0,53,3,2,1,30,19,40,0,42,40,0,4,23,1,5,17,49,15,27,29,30,7,2,4,10,22,8,0,0,3,5,30,17,40,7,11,36,2,1,5,27,4,3,19,4,65,1,32,45,6,30,11,3,3,5,14,5,28,25,2,7,46,7,23,7,30,7,1,26,34,0,26,1,13,24,3,8,0,1,1,11,35,20,26,30,1,14,2,55,2,23,5,5,1,2,6,43,6,2,7,2,22,3,31,44,1,29,12,2,0,1,11,13,7,39,42,0,8,38,27,13,28,55,1,4,5,31,16,11,38,10
40,31,3,46,9,33,44,2,6,5,1,42,26,31,3,7,31,3,42,14,16,25,2,3,6,7,6,15,47,8,1,43,9,2,27,26,38,22,5,23,5,8,2,30,7,26,28,6,28,1,42,6,5,9,8,46,0,4,0,14,1,40,4,14,8,2,3,7,2,3,1,5,1,6,5,1,7,2,4,2,1,4,6,7,46,6,0,1,5,3,5,2,7,1,6,3,40,0,12,4,25,7,9,0,22,2,19,6,32,35,29,31,44,20,31,0,30,4,1,30,3,25,7,1,2,5,18,0,6,34,54,47,44,4,37,7,36,7,37,27,0,0,42,30,2,41,0,0,2,3,3,32,3,4,2,37,3,2,8,0,4,5,2,18,31,3,51,22,2,46
15,16,33,32,8,1,23,23,43,9,24,0,3,0,1,3,34,40,6,29,16,4,6,5,24,32,4,1,27,5,35,7,6,12,5,2,42,21,1,3,2,28,7,9,37,6,29,34,32,23,33,1,25,2,4,18,2,38,4,10,24,36,46,2,33,37,7,9,8,30,30,27,6,17,6,28,8,8,5,9,1,7,0,36,37,4,36,28,29,20,7,39,4,5,2,6,33,0,1,32,36,32,1,4,7,41,2,3,6,24,3,0,21,10,4,10,4,15,22,2,7,17,8,21,2,6,0,20,7,6,20,44,33,1,30,43,1,34,6,6,43,4,2,29,7,31,2,17,41,1,5,1,7,5,7,30,1,4,4,24,36,34,42,30,29,47,5,26,3,42
29,55,2,29,25,42,40,5,31,1,25,37,4,3,31,5,22,9,0,33,6,28,2,6,8,13,1,2,4,12,3,29,23,3,37,35,4,42,28,2,29,22,26,32,5,35,3,24,15,18,35,1,41,5,7,3,1,1,38,1,1,38,1,31,4,35,32,3,24,17,27,10,3,3,5,39,9,2,4,0,25,1,18,39,36,32,0,4,1,2,42,4,35,47,34,15,29,51,29,30,39,27,35,5,2,0,31,32,41,15,6,15,14,1,40,1,34,10,0,25,10,28,45,2,14,24,50,1,3,31,6,20,20,18,12,2,39,9,3,25,3,9,9,4,3,29,3,0,30,4,0,0,6,2,3,5,4,3,30,5,41,6,1,7,38,6,4,2,4,7
3,7,37,3,32,37,33,1,1,28,0,7,30,1,7,47,24,5,15,3,31,4,1,3,4,38,4,9,26,6,5,4,7,16,28,3,15,20,42,6,6,52,30,0,2,2,1,1,0,1,7,4,28,1,6,5,17,21,41,28,1,6,0,2,8,1,3,10,35,5,5,1,29,7,5,8,31,4,3,6,11,28,2,52,28,4,5,2,10,0,4,34,0,0,0,2,1,2,4,1,26,3,50,5,34,0,4,5,47,6,37,7,9,24,1,1,34,7,2,42,4,5,6,22,7,10,31,16,38,51,3,0,5,28,14,1,0,7,5,7,2,2,2,13,66,1,25,8,0,31,5,7,2,5,0,6,45,7,5,0,47,1,6,3,4,46,9,4,2,23
36,40,3,34,45,32,3,0,6,4,3,4,48,2,0,3,30,4,9,2,1,39,36,3,32,1,37,1,2,12,4,6,2,50,2,4,3,7,27,3,2,5,2,3,4,3,5,1,3,7,7,39,2,0,5,1,3,0,46,33,1,4,31,3,2,1,43,22,40,1,4,0,3,4,6,39,4,4,2,38,9,51,37,3,5,1,43,2,2,47,3,0,3,0,48,47,10,4,5,6,0,21,11,3,6,1,0,43,2,6,5,0,11,43,7,4,5,8,41,1,25,3,1,48,3,9,5,35,8,34,6,38,5,16,35,4,2,0,0,5,1,7,28,7,45,29,1,30,37,43,5,24,23,3,10,45,46,4,22,9,4,47,7,2,39,47,9,8,1,10
0,5,7,0,22,30,4,20,5,40,7,2,3,3,5,40,1,11,7,20,4,5,1,3,5,3,1,31,26,54,10,7,4,6,37,25,5,6,0,1,2,22,4,21,2,52,20,44,3,7,24,54,41,1,27,36,0,4,7,2,26,0,6,0,6,26,0,4,1,6,34,28,3,45,51,6,25,2,4,46,2,32,10,8,39,38,6,3,3,31,26,6,27,27,25,0,3,4,4,7,3,3,7,6,0,33,3,10,15,35,0,56,3,3,2,2,33,46,2,4,2,2,0,2,0,23,4,1,32,3,40,6,10,28,38,22,40,29,1,8,32,8,3,45,33,2,4,3,21,42,12,3,45,31,6,5,3,7,41,5,7,5,32,40,6,47,9,35,9,53
31,5,2,26,2,6,4,43,35,1,2,0,0,3,3,3,2,2,3,23,12,2,16,4,2,37,3,12,2,1,8,10,6,1,4,14,38,6,17,4,1,1,4,2,35,36,9,0,4,2,45,4,6,20,57,27,1,47,2,1,35,40,5,6,3,7,2,5,3,5,7,63,4,9,4,7,32,56,1,29,10,1,1,8,39,36,2,23,26,45,5,3,4,65,19,3,39,4,39,11,3,4,4,0,28,53,1,3,47,5,5,15,38,35,3,7,2,1,4,2,23,5,5,28,3,2,0,38,5,19,2,39,52,5,5,53,4,4,27,3,25,5,0,6,28,2,5,5,1,6,6,2,7,5,45,7,6,2,3,4,8,2,9,39,4,0,1,5,1,8
2,6,2,2,41,13,3,38,3,18,4,22,5,1,30,44,7,13,3,24,1,0,21,3,3,24,0,32,4,39,11,9,34,1,0,24,3,6,6,8,4,3,46,35,35,36,3,4,40,3,45,0,48,36,4,4,56,10,5,25,5,5,3,24,25,38,22,3,7,46,34,6,2,42,32,31,29,44,11,4,22,1,9,30,34,3,6,9,35,0,9,3,7,2,4,0,39,5,36,9,1,41,20,38,0,14,8,4,37,1,0,7,8,24,32,3,5,3,3,4,37,8,6,6,3,7,33,8,25,34,5,2,42,3,5,5,0,39,6,45,4,1,5,9,25,34,28,33,35,2,28,43,20,1,22,2,3,36,28,4,0,4,26,24,13,4,3,34,8,2
2,6,20,0,28,0,33,5,3,17,1,4,36,40,31,4,0,23,29,8,28,36,29,6,4,32,3,6,21,2,41,2,8,1,31,6,32,43,3,2,35,4,1,7,27,2,3,4,22,0,46,23,37,4,32,4,12,5,27,29,3,3,7,8,32,26,30,2,27,12,3,9,15,1,7,9,0,29,20,3,37,2,44,23,28,36,6,7,4,35,9,1,24,3,2,3,33,5,29,27,25,1,56,32,31,28,43,41,2,2,4,34,23,29,20,5,19,8,8,38,5,32,26,0,4,2,1,6,5,9,24,30,36,3,2,8,47,0,2,1,7,44,15,2,0,44,1,4,6,10,7,2,3,31,35,13,47,9,28,3,28,3,37,4,3,38,5,26,42,33
32,1,2,33,2,28,0,29,5,1,2,14,40,4,4,4,21,6,3,33,35,18,35,34,2,6,0,2,32,51,38,0,36,1,4,26,41,34,32,32,3,5,4,4,7,27,19,33,6,8,27,8,11,26,1,6,0,7,17,1,8,3,29,6,8,27,17,36,28,3,2,6,11,39,26,8,45,48,2,44,14,7,6,6,6,7,1,4,37,3,21,4,27,6,2,5,4,2,5,5,2,27,36,27,5,3,28,2,4,3,7,6,3,37,38,15,0,20,15,30,29,26,28,1,0,33,5,42,8,51,6,25,4,3,30,0,37,3,7,4,25,35,30,25,4,4,24,15,6,32,20,0,37,3,3,22,1,59,40,1,3,3,26,3,2,27,48,6,3,26
0,1,41,10,7,32,8,1,2,0,5,0,35,43,4,37,3,1,3,5,4,3,8,5,30,30,7,9,3,2,1,30,0,27,42,1,8,4,1,2,5,24,2,32,7,23,0,20,35,3,5,31,6,3,32,4,35,1,10,10,1,20,2,36,36,19,7,21,1,5,30,4,36,35,5,23,2,0,1,5,3,56,2,49,8,19,3,8,25,10,4,4,28,4,7,4,6,16,32,30,26,5,27,0,3,7,0,4,32,1,5,3,41,9,30,0,9,4,5,29,3,3,3,7,26,7,2,5,49,8,25,30,50,1,29,6,39,2,15,8,36,5,1,3,8,1,38,3,16,36,39,29,46,29,29,30,49,30,32,6,4,3,1,2,44,5,3,26,3,0
12,1,1,6,15,4,2,50,0,3,2,3,1,6,44,3,33,7,31,14,6,1,47,5,0,3,2,32,37,18,1,6,37,10,36,27,4,0,6,23,7,38,1,29,3,44,5,6,20,0,27,11,7,1,48,35,5,0,8,1,3,23,3,1,5,0,28,1,3,9,3,0,5,30,37,2,3,40,6,23,17,5,18,3,28,4,7,20,7,4,32,37,22,1,38,3,4,3,6,1,36,25,1,45,12,47,29,43,8,21,36,6,1,2,33,24,33,30,1,6,15,2,5,5,33,12,3,7,63,33,29,2,0,40,12,3,4,2,58,7,3,27,50,35,3,28,37,25,24,36,3,1,7,7,17,6,0,7,34,0,3,39,2,8,6,14,3,0,3,2
2,5,3,1,44,2,0,2,6,31,6,1,26,2,16,3,40,5,2,22,4,8,5,2,4,5,38,0,1,19,41,6,7,30,2,1,2,1,16,42,7,23,29,1,29,3,2,0,32,22,4,34,3,5,2,4,7,42,2,28,38,5,2,2,1,0,2,4,3,3,6,3,4,2,12,23,4,3,55,6,7,5,30,3,4,2,30,6,35,5,3,0,3,2,3,1,1,6,36,32,30,5,2,22,1,16,36,33,4,8,46,11,4,20,37,4,5,3,7,31,2,23,5,2,5,3,2,5,39,2,39,4,4,6,37,31,38,39,39,33,0,3,4,8,35,0,7,11,6,31,2,3,44,2,5,33,20,4,4,0,28,2,8,1,7,3,0,34,4,6
8,28,8,3,2,27,13,16,6,43,0,1,30,8,29,10,3,4,1,29,32,2,5,4,3,5,7,0,6,7,3,1,0,5,2,3,2,3,34,5,25,1,7,42,7,6,9,6,3,2,59,4,20,35,26,7,6,48,5,1,4,20,4,38,4,16,9,6,9,1,3,63,3,38,2,27,3,6,33,4,7,21,5,6,6,45,33,41,2,4,39,5,3,0,2,5,5,4,30,0,4,4,39,52,25,34,38,24,6,0,49,11,14,38,4,16,26,3,1,2,38,1,5,3,5,2,39,3,6,7,9,2,3,37,0,54,4,2,3,3,3,7,4,8,2,35,7,42,40,4,4,3,2,3,6,9,43,2,45,7,28,5,2,4,46,5,31,26,0,1
3,3,3,0,26,5,14,28,25,31,1,9,2,6,2,1,5,3,46,0,41,0,5,2,7,28,40,5,9,2,4,39,2,2,49,32,5,4,5,6,12,1,7,45,5,41,1,2,8,28,6,1,5,28,3,7,1,1,1,29,10,22,7,5,26,32,5,2,1,26,7,3,5,5,0,0,6,3,7,26,3,3,1,41,41,33,5,40,52,31,19,42,16,0,4,43,0,2,32,4,2,6,23,0,3,16,1,57,1,0,37,1,2,3,4,7,3,2,33,10,2,0,25,2,2,31,21,20,9,3,2,1,31,8,7,7,1,47,5,1,4,22,2,47,37,6,2,54,23,2,40,34,26,25,7,5,2,1,34,7,56,2,8,3,1,6,5,2,3,37
24,2,16,31,7,45,3,27,4,49,28,42,54,3,1,28,4,8,3,3,17,31,2,6,32,10,2,37,8,0,28,6,24,37,12,21,1,4,0,3,2,2,35,5,48,11,4,2,39,26,41,50,3,1,3,27,31,14,34,7,0,2,31,0,2,1,29,25,49,0,42,3,7,0,2,37,31,47,4,28,8,17,1,0,23,7,7,11,2,2,38,1,3,42,18,0,32,29,0,5,6,2,1,20,19,7,7,7,29,23,7,35,3,45,8,31,6,2,2,38,40,28,39,30,27,1,9,4,6,26,29,2,17,8,4,17,4,27,7,1,0,3,30,1,6,23,5,4,6,32,35,4,25,2,38,1,1,9,8,0,5,28,7,4,0,4,38,7,0,2
2,33,45,15,6,4,6,7,2,34,5,10,24,7,6,35,5,3,35,0,11,4,21,20,6,6,1,4,6,50,42,8,1,5,0,42,40,7,18,24,0,3,12,5,1,42,34,38,7,42,32,0,15,7,9,1,0,1,3,1,6,4,0,41,46,1,1,5,3,1,18,18,9,1,3,16,9,49,0,32,23,8,5,43,43,35,4,21,4,6,2,3,21,1,6,29,0,7,34,37,29,41,37,5,1,31,0,4,2,2,4,3,28,1,0,3,1,44,19,23,20,2,1,3,1,4,33,5,2,31,41,3,3,9,25,6,8,1,30,2,0,4,21,1,3,32,3,3,1,2,38,27,0,4,3,0,31,6,32,6,2,26,32,7,42,4,5,9,32,0
37,34,36,1,6,32,2,1,26,4,3,27,6,49,40,6,18,5,7,18,20,1,2,7,33,43,33,8,50,2,19,32,35,41,37,4,5,6,26,8,2,8,3,3,2,8,37,2,2,3,7,39,24,4,24,6,3,7,29,2,35,1,9,0,39,4,6,2,5,0,0,2,2,19,31,4,1,3,7,45,2,30,21,9,5,22,29,25,3,34,8,8,4,42,4,4,12,37,8,22,31,21,37,3,29,4,41,6,31,5,5,29,18,35,33,30,1,35,6,13,6,27,4,8,9,5,29,0,3,4,46,18,7,7,10,3,0,39,2,32,6,24,4,5,0,48,0,39,1,3,5,2,6,31,43,31,0,6,19,2,32,7,53,3,4,5,36,29,4,2
6,0,4,32,3,1,5,35,36,11,7,40,2,4,42,46,24,2,1,5,0,23,6,5,33,8,5,3,30,2,8,4,29,1,2,3,32,11,12,24,54,6,4,27,6,38,39,4,28,38,31,7,31,45,4,6,31,5,1,17,8,3,5,2,8,0,17,48,3,36,2,0,0,28,22,1,2,39,11,4,6,32,8,10,35,35,2,5,1,0,39,10,23,2,25,3,45,6,4,6,30,34,21,32,1,32,3,37,5,4,25,2,29,3,4,26,1,0,4,2,47,8,27,4,30,4,2,3,6,3,9,1,38,38,6,30,28,14,0,0,32,7,5,4,0,3,37,24,35,3,7,28,5,3,5,24,34,29,7,20,2,38,2,2,3,29,4,55,4,4
7,1,34,5,0,3,2,1,7,44,3,45,10,2,38,8,30,3,31,49,2,2,0,30,21,5,2,5,32,3,34,5,32,10,0,4,5,46,1,20,25,4,40,3,15,27,4,48,4,40,7,43,19,4,2,1,35,28,6,6,45,23,32,22,26,1,8,9,49,0,28,5,6,35,0,1,27,3,28,0,20,38,0,5,2,24,7,3,22,24,2,3,4,5,41,4,8,29,3,2,1,4,5,33,6,34,21,36,1,5,2,2,7,3,3,2,46,21,26,5,37,6,0,4,26,3,6,4,23,0,6,5,34,3,7,5,39,4,44,40,39,3,37,0,34,43,7,1,19,0,7,6,22,3,2,32,25,4,41,2,28,13,9,1,5,3,18,0,8,4
45,37,54,39,6,6,34,2,28,4,0,4,4,3,0,22,38,8,10,2,4,0,0,9,6,3,12,0,5,36,3,0,6,29,5,41,3,26,2,6,3,7,40,29,1,33,41,2,25,37,8,31,3,6,0,4,46,42,1,14,0,25,30,4,0,7,31,2,3,2,5,7,7,0,5,4,1,35,0,2,0,21,50,4,2,22,22,31,3,2,21,4,3,4,2,0,1,8,0,1,25,5,26,4,2,8,2,7,20,7,24,7,26,0,3,27,21,0,0,1,35,25,10,33,3,28,1,29,1,37,19,29,35,40,8,1,0,9,35,2,35,6,1,17,2,5,26,1,11,41,3,8,5,8,0,2,28,3,10,0,5,32,24,7,5,0,31,48,44,0
17,3,34,5,2,29,9,9,23,32,4,1,33,21,42,7,6,20,11,3,5,9,26,21,43,39,36,50,0,19,5,3,0,1,5,2,2,5,3,4,20,7,1,1,4,4,40,32,3,35,43,0,5,3,45,34,6,6,3,37,21,0,5,4,11,42,4,7,35,28,15,1,13,6,4,7,25,3,5,1,7,0,3,2,10,8,35,3,3,29,0,23,49,6,2,3,6,31,18,5,2,4,16,0,30,4,7,40,24,3,16,6,4,5,4,1,35,48,22,2,8,5,3,72,31,4,7,5,4,32,3,11,37,2,2,11,2,8,25,47,0,1,30,41,8,19,0,55,7,3,7,3,4,2,1,49,8,13,0,5,4,7,3,3,2,28,38,0,2,46
34,2,3,21,3,43,6,6,4,3,4,7,32,0,7,2,2,24,0,32,32,6,47,9,41,22,3,9,41,3,38,3,24,6,2,7,37,5,14,8,2,20,3,24,1,0,2,30,42,3,3,7,3,3,4,9,3,6,6,2,30,34,7,20,34,3,33,3,4,39,26,34,27,18,20,2,1,3,32,5,1,4,33,2,49,7,24,4,3,0,1,37,40,34,5,17,0,1,5,20,28,6,0,4,23,7,8,1,4,5,3,21,0,6,5,12,3,6,0,4,6,21,36,40,7,33,31,36,4,36,0,28,0,45,8,4,5,1,0,3,11,1,1,32,20,3,5,38,5,7,0,0,22,5,1,6,2,9,3,5,36,6,6,24,6,36,2,15,28,6
23,6,7,2,37,10,7,3,20,30,2,5,0,12,46,2,26,33,3,1,18,25,3,31,6,53,24,34,5,29,7,4,30,2,3,5,5,26,42,49,5,28,9,12,23,6,29,2,20,6,8,5,3,20,2,8,33,2,6,33,4,10,3,2,44,7,10,38,52,2,34,8,2,28,0,5,6,4,4,1,30,45,3,1,4,11,7,4,38,0,21,36,7,21,1,35,26,3,0,9,1,2,7,6,16,1,36,3,4,6,44,16,6,5,41,34,5,22,0,6,26,20,38,0,1,4,26,9,23,32,7,39,7,8,6,22,13,3,0,4,4,2,5,2,30,1,0,1,6,22,38,0,25,6,7,1,5,8,28,29,0,7,19,2,8,12,3,12,47,4
3,10,2,6,5,0,3,7,2,39,26,5,4,24,0,8,26,1,3,1,17,4,37,2,9,3,46,38,5,41,0,46,19,0,7,1,3,2,1,18,8,1,3,16,3,36,29,6,35,6,36,2,2,2,3,5,3,6,2,34,37,4,7,6,0,22,5,55,2,5,16,1,3,3,30,58,0,2,3,7,1,2,31,41,4,26,6,27,39,40,2,4,2,4,1,33,17,26,6,30,27,18,37,2,7,2,8,45,41,3,4,1,63,7,26,4,3,4,1,45,1,22,0,4,2,9,31,2,7,3,1,22,4,34,12,6,1,7,32,1,3,28,3,4,3,28,20,3,6,2,4,3,2,35,1,6,0,8,8,0,1,11,25,45,34,0,2,38,64,30
1,6,1,1,35,5,5,38,3,5,4,6,0,0,3,29,3,10,2,3,43,0,2,25,42,47,2,6,5,42,6,1,27,3,23,2,4,1,41,1,0,21,47,1,5,23,48,3,34,25,22,6,19,0,36,27,45,3,34,9,3,25,3,7,1,37,9,4,28,5,27,36,8,0,43,6,5,6,8,1,1,0,8,2,6,0,3,25,21,2,29,1,19,0,37,28,8,29,19,27,4,0,26,3,7,25,46,37,1,3,35,3,42,30,6,3,0,36,42,31,25,8,36,26,4,37,2,26,28,37,0,35,30,1,28,15,4,15,42,27,26,5,1,7,28,3,7,1,6,2,1,0,34,41,21,6,4,33,5,30,2,1,0,1,1,9,9,37,27,7
8,2,0,7,3,55,2,0,28,31,29,39,4,2,7,5,4,39,0,7,24,36,11,8,27,38,3,5,0,9,4,7,2,25,5,14,5,6,32,32,34,13,4,41,25,9,31,25,29,2,18,27,20,29,44,3,5,4,4,1,35,1,24,2,46,38,3,35,4,1,28,0,6,5,4,4,4,1,4,44,42,7,5,2,4,7,0,3,46,18,5,5,1,4,46,22,44,16,1,6,1,30,29,2,3,32,36,26,24,1,6,4,2,20,0,29,27,3,1,43,40,3,8,49,5,3,25,0,12,4,4,4,4,28,2,5,1,5,49,28,9,5,18,2,22,4,2,2,32,2,43,30,10,1,1,1,26,2,23,30,30,6,1,8,14,26,1,11,3,20
27,8,2,2,3,3,5,2,14,10,33,3,0,7,10,41,40,36,8,2,7,41,2,3,46,0,35,26,5,2,3,4,8,14,3,7,6,6,49,26,6,3,46,6,0,39,2,0,40,24,29,3,39,5,4,36,5,28,4,4,9,49,4,2,39,47,3,0,8,2,1,31,4,40,44,10,18,9,4,10,2,2,10,38,2,36,28,0,6,5,5,23,0,0,3,2,3,27,21,5,1,35,36,41,33,6,0,8,5,5,35,3,5,3,0,0,3,41,1,28,10,0,15,20,39,1,48,32,5,2,1,6,5,34,29,39,7,32,8,2,2,44,10,24,2,0,8,6,11,26,36,4,2,7,46,6,30,27,8,1,35,5,19,2,38,0,23,40,4,5
38,23,38,46,0,28,24,2,9,12,42,10,4,1,4,8,7,26,25,9,12,4,2,7,4,1,4,3,7,2,58,37,1,1,38,28,38,1,34,4,32,2,25,3,8,5,41,5,21,33,26,2,38,62,5,9,29,2,0,1,6,5,15,3,1,44,41,4,5,4,45,0,30,44,2,22,29,12,26,33,5,35,3,28,6,14,4,25,4,29,4,6,7,1,3,8,1,28,28,39,44,6,19,2,6,1,9,26,4,3,26,3,24,25,2,14,18,34,3,2,7,1,3,31,38,30,39,32,0,6,14,48,5,26,2,5,4,28,7,33,2,23,29,16,3,9,2,1,25,5,28,36,8,30,0,4,42,25,19,0,10,34,0,5,1,5,5,16,2,1
6,48,5,12,45,3,0,4,1,7,7,6,5,30,4,29,3,10,28,6,36,1,2,36,22,4,7,7,3,38,2,1,4,34,5,2,35,23,1,4,25,2,5,0,34,4,0,43,24,46,2,46,49,38,1,24,4,6,4,4,5,4,5,44,8,3,6,10,3,7,1,0,4,1,6,1,1,3,34,6,3,69,39,49,3,5,3,8,9,0,26,5,26,43,1,7,44,1,1,4,27,1,6,6,43,28,32,7,1,0,5,3,31,0,2,8,2,22,8,46,3,4,24,7,44,8,29,6,7,61,5,23,0,29,0,58,29,32,25,5,2,4,50,6,4,6,39,7,3,5,53,10,33,5,2,33,7,38,34,3,24,24,4,2,19,10,2,6,33,9
8,0,29,2,11,18,5,40,3,45,0,2,9,7,34,5,23,7,4,3,8,6,0,43,41,5,1,22,32,6,5,3,20,4,37,1,7,23,5,28,5,7,41,1,24,3,3,4,19,5,35,5,38,31,9,29,4,6,54,1,8,40,5,2,0,2,36,7,22,3,39,4,1,0,26,26,1,4,14,0,5,3,44,3,4,5,0,4,12,3,2,25,6,0,0,35,1,1,0,3,28,0,8,33,26,0,1,7,29,8,4,0,5,38,2,41,2,33,3,7,4,1,30,0,1,0,10,21,2,0,28,0,17,35,38,0,25,20,6,0,4,4,7,8,6,54,10,3,36,0,31,43,27,40,49,2,9,3,6,2,1,43,31,3,5,32,33,38,39,2
1,4,5,1,29,2,2,9,28,32,4,7,38,18,2,0,39,24,23,38,46,7,3,7,37,27,37,26,4,50,29,5,1,3,30,2,40,6,11,2,13,51,5,18,45,38,40,28,31,3,2,4,24,20,6,1,22,33,33,35,29,27,51,8,5,44,40,4,1,12,2,53,1,1,5,5,30,4,13,30,2,6,50,17,25,23,11,4,4,44,5,2,3,36,2,38,7,10,4,1,3,5,0,9,2,23,45,20,4,4,4,3,32,54,1,6,3,0,7,9,1,38,20,4,35,7,26,40,26,2,7,1,31,8,33,41,36,35,12,1,5,24,4,27,3,28,35,22,21,43,27,0,9,31,2,0,5,2,33,31,4,4,43,12,5,0,6,25,1,23
34,4,4,3,7,47,36,33,16,33,25,27,1,7,5,49,2,4,3,33,5,34,6,44,0,6,8,5,37,71,34,3,6,21,6,0,46,4,32,1,33,37,30,5,2,42,0,40,11,2,39,6,32,49,19,40,21,29,1,8,29,2,12,27,0,2,42,30,3,33,4,7,25,1,25,42,0,37,33,6,4,3,29,11,33,3,4,37,8,11,29,4,1,2,40,1,1,21,25,7,5,8,6,14,1,10,1,1,2,3,4,24,4,2,0,6,1,10,8,3,16,4,1,26,3,1,21,3,4,29,24,0,8,6,22,5,6,3,3,10,3,1,8,2,1,32,15,4,41,0,3,45,1,6,26,7,1,5,36,22,4,5,30,2,7,6,3,0,1,20
45,4,40,9,5,41,2,53,7,7,4,33,5,30,38,8,5,5,2,6,0,3,1,6,3,39,26,30,20,3,6,36,5,4,4,9,9,24,4,1,14,6,17,3,54,21,5,34,25,1,1,32,51,39,7,3,5,2,46,8,9,41,19,26,1,4,4,5,4,33,0,3,1,29,5,7,5,1,6,3,21,23,10,2,3,42,27,4,3,4,37,3,26,0,37,1,1,2,2,6,5,5,4,1,1,2,0,35,39,4,6,25,25,2,28,4,0,3,50,0,6,4,2,2,9,44,7,9,1,6,3,31,2,10,36,1,0,0,8,4,16,6,5,0,23,8,31,34,27,32,5,0,6,1,2,7,24,44,17,2,30,35,6,40,2,23,38,1,3,0
0,2,33,27,0,39,2,2,32,5,3,30,2,3,40,2,5,43,3,6,0,3,44,4,27,6,23,10,2,1,0,34,45,2,41,43,9,0,36,9,42,26,43,21,1,10,2,4,1,6,39,10,21,0,39,6,33,2,0,3,44,3,2,9,20,1,4,4,5,28,10,1,5,22,2,2,34,41,9,6,27,6,9,7,0,8,2,3,4,2,5,3,38,6,32,49,4,38,52,6,32,4,1,2,1,31,32,1,35,5,9,6,28,3,9,28,5,1,0,40,27,8,5,25,5,39,6,40,26,47,34,2,46,34,30,29,4,28,27,29,45,6,1,1,30,24,33,4,36,27,25,32,6,9,3,4,23,4,1,2,6,2,8,3,2,4,28,35,2,22
31,38,41,18,6,3,0,1,2,40,60,10,6,7,1,2,6,0,3,6,2,28,7,1,1,10,35,11,18,4,4,0,0,9,3,37,4,44,21,4,0,23,0,7,4,0,4,23,28,5,5,2,4,4,2,1,9,4,4,1,1,2,6,10,20,5,20,5,2,26,3,3,46,45,4,37,4,3,11,0,26,6,3,5,1,4,7,30,44,2,5,3,6,3,29,1,32,38,1,9,53,8,4,27,4,45,1,5,3,3,8,1,1,2,42,5,3,10,26,41,4,2,20,6,38,7,5,3,3,9,1,2,3,47,12,2,1,24,33,3,8,21,32,6,19,39,1,9,4,2,2,4,7,0,4,2,4,24,4,32,6,0,36,53,5,2,1,3,39,33
2,19,23,30,20,6,43,4,42,13,36,30,3,6,0,17,36,7,1,39,24,6,1,2,3,42,1,45,6,6,33,37,2,30,3,1,42,37,5,23,35,26,43,29,10,39,5,36,7,32,2,3,1,61,6,52,3,5,43,54,10,1,2,58,32,26,3,32,2,41,4,9,4,22,0,4,10,36,3,22,1,8,4,0,2,3,8,25,45,2,4,1,22,42,1,28,12,48,1,10,4,6,1,6,22,6,6,6,14,4,15,25,0,25,9,7,18,5,2,5,2,36,34,17,7,1,56,6,43,19,2,3,3,47,9,33,5,1,7,5,3,34,38,0,4,37,3,15,8,9,10,4,21,0,4,3,1,1,3,2,1,3,1,9,35,30,6,12,63,9
5,3,6,4,15,3,0,33,24,53,5,1,3,0,3,9,29,2,7,22,4,9,2,5,46,29,6,22,8,35,10,4,2,9,7,27,5,4,18,1,5,44,21,6,0,17,30,4,41,29,5,2,38,3,27,33,1,40,1,35,3,7,6,10,3,25,12,44,3,0,28,31,8,9,3,32,46,31,0,3,28,8,19,44,10,28,5,3,34,1,3,31,4,8,1,25,7,19,0,6,7,2,33,19,3,2,7,22,10,2,40,23,1,9,8,6,7,41,5,4,21,24,2,30,0,4,28,32,22,10,7,2,1,19,3,39,6,2,0,34,39,2,9,9,3,6,5,0,3,26,28,11,4,1,22,8,1,3,41,5,4,2,27,29,2,36,4,9,0,32
1,14,1,1,1,6,11,7,22,37,22,6,2,6,8,5,39,50,0,8,6,7,37,2,1,10,32,30,2,22,1,2,5,3,6,1,0,4,8,2,4,0,3,53,32,0,35,8,32,0,6,4,6,1,2,38,31,35,4,1,7,2,51,0,5,1,36,35,23,53,47,0,3,1,31,8,48,4,57,2,4,7,24,0,4,24,1,8,7,36,1,0,1,1,0,3,32,5,20,36,3,8,5,6,25,1,46,40,20,3,16,4,7,0,2,0,7,37,41,1,10,35,19,24,6,23,2,27,2,32,1,19,8,21,28,3,28,6,4,33,37,4,5,1,5,4,2,47,8,5,7,7,1,48,27,33,6,21,18,0,36,2,2,2,2,8,1,5,3,5
28,5,3,35,5,0,1,3,2,3,45,34,27,41,8,3,8,2,0,3,3,2,1,28,5,3,4,0,0,34,3,4,2,9,1,11,9,8,29,10,40,24,4,1,31,0,5,3,53,0,1,28,10,36,7,9,2,9,0,3,34,1,21,2,31,48,29,28,24,26,50,5,30,32,6,20,0,2,3,30,31,33,3,22,4,6,2,2,2,9,29,21,22,26,4,3,47,10,3,52,1,22,4,37,4,4,49,5,44,8,25,0,4,17,11,4,8,41,40,6,2,18,36,11,3,7,30,1,43,2,28,2,28,3,35,32,38,8,2,31,35,5,30,36,4,28,8,24,6,0,19,3,5,30,44,4,39,36,0,5,33,33,8,40,13,0,4,32,3,4
2,4,35,0,5,32,7,0,5,25,6,31,34,2,37,32,4,10,10,4,32,3,38,31,3,15,3,6,0,10,3,7,1,32,5,8,4,7,7,27,7,6,5,38,1,39,32,1,0,34,2,2,6,2,12,26,1,1,0,0,25,24,41,15,43,47,22,35,17,3,23,31,1,21,22,0,30,21,5,2,31,23,8,2,2,29,3,3,3,2,17,39,20,19,3,9,38,5,2,5,30,51,23,24,24,36,3,52,3,48,22,6,6,3,24,7,35,6,2,19,3,52,0,1,3,9,3,37,24,7,34,4,4,33,1,2,7,6,66,2,41,24,30,1,3,1,6,1,22,32,23,26,18,6,5,26,21,1,45,4,29,3,8,32,31,7,48,25,24,2
1,4,4,1,1,19,3,1,4,5,35,27,52,8,30,6,6,16,44,38,23,1,48,0,32,12,2,0,7,2,32,14,8,11,1,5,49,30,1,6,39,0,0,1,49,3,2,4,21,7,2,9,9,1,40,51,36,32,30,7,20,0,38,32,27,3,0,0,4,3,7,27,8,27,4,3,0,29,26,35,37,4,3,8,40,3,40,4,0,33,6,4,4,4,1,2,1,37,3,33,3,47,12,24,2,1,16,34,30,2,43,35,5,4,33,4,16,31,4,36,2,0,36,1,8,16,4,4,3,0,28,31,26,46,9,3,44,29,25,4,3,1,38,0,30,2,8,8,2,30,3,33,48,14,51,2,5,16,14,40,0,22,1,46,43,2,13,31,5,34
29,4,26,5,2,18,6,0,28,9,2,0,6,8,4,3,1,3,4,28,4,10,2,3,3,3,43,35,0,8,5,8,21,39,24,44,5,21,27,0,3,6,1,5,5,2,11,3,53,5,45,6,31,30,24,7,5,10,4,0,11,3,26,33,48,26,32,6,37,5,12,12,0,3,35,24,7,19,26,2,35,1,14,1,35,0,5,5,7,5,2,10,38,3,37,32,3,6,60,2,2,21,26,18,25,4,45,41,9,49,8,18,23,28,21,9,9,49,33,37,9,45,31,31,7,0,3,4,9,6,7,6,6,4,29,0,12,3,52,41,4,5,11,6,6,18,9,1,5,4,24,23,3,9,34,3,38,27,29,32,3,14,1,5,1,26,5,23,4,7
29,0,36,2,4,3,5,1,6,47,0,6,0,3,37,5,3,6,46,0,8,15,3,5,50,1,5,25,37,2,18,5,34,1,12,3,1,0,0,31,4,9,2,38,6,8,28,23,6,30,43,6,0,37,12,38,5,1,2,20,35,0,9,4,5,27,10,11,7,27,23,6,24,3,45,0,4,2,16,29,4,11,31,33,6,54,51,5,40,3,4,4,33,1,5,1,6,5,3,2,28,6,28,0,3,31,43,2,1,39,4,34,28,6,3,1,8,0,8,4,10,4,22,3,4,31,5,25,0,50,20,7,52,9,0,3,0,25,7,3,24,1,4,21,7,40,6,24,6,3,1,6,1,1,22,36,1,6,8,44,8,2,17,1,2,5,0,7,7,2
7,44,0,7,1,4,6,44,6,31,8,43,7,35,4,4,3,25,1,3,2,1,2,7,9,6,1,5,5,3,1,45,1,1,1,2,1,7,2,3,10,12,1,2,1,0,2,7,8,25,18,3,4,5,3,34,22,36,0,44,39,3,2,3,4,31,4,7,37,2,43,7,46,6,6,8,15,36,5,53,12,9,38,36,45,31,36,0,38,1,6,0,6,1,58,1,1,5,0,28,18,0,43,1,32,8,46,1,3,25,9,4,7,8,7,37,2,35,5,6,0,1,1,14,33,6,2,1,32,3,8,46,0,35,0,1,0,3,40,2,7,5,26,28,17,1,7,2,5,3,31,5,40,3,2,39,3,14,5,5,2,0,11,7,7,2,30,3,4,35
35,3,27,9,45,3,51,3,39,3,51,38,30,6,11,29,1,9,9,0,6,8,9,6,11,3,4,17,0,47,2,41,47,24,15,37,1,6,7,2,7,0,24,18,38,3,4,4,6,11,35,5,1,16,4,41,9,24,27,4,0,5,24,10,58,1,29,8,16,4,42,30,8,7,0,42,5,42,34,32,25,0,3,1,49,2,1,27,3,5,45,1,2,3,1,5,4,2,8,2,33,11,20,6,1,45,3,0,9,33,4,26,7,0,7,30,12,6,6,23,5,3,3,25,37,14,4,34,3,47,3,6,2,1,23,4,8,1,0,0,0,37,27,27,0,6,4,2,27,11,38,28,25,1,1,30,40,6,3,0,2,3,4,21,37,2,3,33,3,3
47,31,2,13,2,0,2,6,21,32,5,2,5,47,11,25,2,2,8,41,4,1,44,3,19,1,4,1,31,37,44,2,0,10,5,16,0,1,1,17,48,35,18,28,26,0,34,3,36,12,41,0,4,7,0,16,24,38,33,8,2,29,47,1,16,31,7,2,32,4,50,7,6,21,2,3,40,3,6,26,10,0,3,39,1,6,2,44,3,25,7,9,5,8,47,1,8,31,1,39,4,49,2,3,3,23,4,34,10,3,14,7,5,2,8,2,34,5,0,6,31,37,0,5,0,2,4,3,39,1,29,6,3,2,31,7,33,2,23,5,12,4,2,29,5,8,2,7,37,1,5,24,3,31,24,20,34,6,34,39,9,0,0,30,3,35,2,1,23,4
4,3,33,3,30,1,25,16,4,6,8,2,5,11,3,2,25,2,6,5,1,29,3,45,6,6,1,0,1,39,9,5,54,5,5,21,1,1,7,12,2,0,7,30,3,1,35,13,34,2,14,8,7,4,8,25,5,10,18,29,2,3,3,10,11,17,34,21,0,2,53,4,5,12,4,4,5,5,1,5,2,38,4,2,47,44,46,14,49,9,4,2,27,27,3,10,8,5,27,1,0,3,5,24,3,8,41,1,40,1,35,19,2,6,36,9,1,6,43,33,45,27,2,50,0,32,5,37,5,1,7,7,47,5,29,3,52,5,6,1,6,11,9,2,1,3,4,25,42,1,2,1,45,22,6,42,45,2,37,7,2,3,29,7,2,9,5,2,35,3
31,1,10,1,7,32,17,29,26,38,8,4,41,36,28,8,5,6,18,1,1,1,40,40,9,5,31,13,2,47,3,16,4,1,42,49,10,4,10,22,1,22,27,39,1,8,6,4,8,8,4,35,0,20,33,0,0,3,3,6,6,3,3,24,3,6,42,3,10,3,27,34,35,0,4,22,33,5,32,6,38,10,38,7,0,0,46,4,5,29,5,21,26,5,1,3,7,10,27,23,10,22,24,4,30,0,30,6,35,5,33,0,1,4,5,0,1,7,6,2,30,25,6,1,26,35,1,25,2,33,9,1,17,1,2,3,10,26,2,1,2,26,0,41,2,4,4,12,24,4,3,28,5,2,43,2,4,27,5,7,30,5,3,7,3,32,11,5,3,21
33,5,22,2,5,7,37,7,0,1,9,16,2,20,5,22,2,8,48,3,31,2,4,1,4,5,9,22,41,8,0,49,14,4,6,39,2,3,10,9,54,0,4,8,5,11,19,5,0,24,0,4,46,35,15,5,49,9,2,17,6,35,5,0,44,18,4,34,4,14,3,50,38,46,2,40,41,38,8,13,4,10,5,3,3,2,3,2,41,13,53,5,5,6,2,22,36,6,44,3,1,1,1,3,9,3,0,10,29,1,42,7,51,23,2,3,2,0,2,1,7,2,5,8,0,0,3,32,44,5,7,24,2,1,0,0,37,6,2,13,1,33,2,4,2,4,0,8,4,8,10,31,19,2,4,0,1,5,43,0,9,37,7,7,8,33,6,0,11,0
0,3,2,39,2,1,6,8,9,7,9,6,32,27,0,4,9,4,6,6,9,21,4,7,23,4,29,4,1,3,10,5,8,42,2,25,8,2,18,34,3,4,35,2,28,48,32,0,35,8,33,8,3,9,5,32,7,1,34,0,41,3,38,0,0,4,30,7,7,8,6,2,35,26,42,2,27,4,40,7,31,1,7,3,5,29,30,0,30,6,19,6,4,9,43,21,40,38,8,4,5,12,2,2,0,2,29,9,1,23,2,2,22,10,1,30,31,32,4,3,7,2,7,35,4,3,12,39,6,2,42,35,43,4,9,3,8,41,4,1,8,8,39,4,7,4,2,2,3,1,8,2,0,2,5,47,3,39,0,9,8,30,1,5,6,3,39,1,2,0
39,2,3,2,6,3,28,25,2,2,21,20,19,2,5,4,30,15,25,9,41,17,7,4,13,2,6,38,6,1,26,1,3,0,2,1,34,3,23,9,34,31,2,35,1,6,24,6,36,20,25,4,26,0,4,40,0,2,10,2,4,44,30,22,31,2,22,6,32,22,2,4,6,0,1,3,9,22,33,34,27,0,1,13,44,26,4,7,39,4,29,5,49,29,4,2,1,5,31,28,0,34,40,7,23,0,36,18,2,1,38,3,6,28,1,28,39,32,4,3,35,6,7,3,33,37,32,34,2,41,25,1,8,7,3,13,1,2,2,32,40,5,0,7,21,3,44,5,5,1,25,0,32,9,5,32,23,40,34,3,6,6,4,20,3,27,8,31,36,26
8,0,20,3,26,41,1,16,3,43,9,16,3,32,0,30,35,4,17,2,6,1,21,5,39,1,27,33,6,3,3,33,0,3,3,7,3,50,30,5,17,5,5,25,9,44,25,6,2,51,0,6,4,3,1,7,44,2,15,4,3,10,3,2,1,29,32,1,37,1,38,2,2,26,4,1,1,4,1,38,25,1,2,5,6,5,45,1,8,4,3,3,0,2,2,2,2,16,2,34,2,3,26,24,41,4,0,6,16,4,6,3,4,10,27,5,2,28,30,21,39,1,31,10,20,1,31,34,6,4,7,3,53,2,6,1,5,40,9,2,23,2,3,29,3,5,0,5,5,32,17,37,0,4,32,8,36,49,0,7,9,24,8,0,36,39,39,5,6,4
40,24,6,5,2,43,7,29,6,7,4,28,24,30,1,35,15,1,1,9,6,5,3,37,1,5,4,6,7,18,39,25,4,18,10,3,40,7,5,0,24,4,60,9,37,6,1,31,10,10,1,40,10,5,16,1,4,5,25,7,43,31,0,5,32,26,7,54,11,0,7,4,27,35,2,2,9,9,26,10,41,1,28,1,5,3,1,1,5,34,7,8,2,33,2,5,27,8,0,5,43,1,2,0,31,5,4,10,34,0,34,7,26,11,0,7,26,4,3,3,35,1,2,42,31,1,25,3,5,23,19,26,34,3,0,39,24,6,9,6,6,3,60,6,20,6,48,2,3,1,22,4,0,6,8,2,28,36,26,8,22,9,24,47,42,2,7,26,38,33
28,3,0,3,5,27,1,32,0,2,13,3,7,5,20,25,5,1,30,8,0,28,0,36,2,16,1,9,30,6,34,23,6,3,5,5,46,3,30,13,2,6,5,8,7,2,14,3,1,0,25,44,0,4,4,0,28,28,1,1,2,18,1,2,3,2,4,44,0,8,33,1,43,6,0,3,29,32,51,1,4,9,41,3,51,3,2,0,6,39,6,4,34,49,31,2,33,8,7,5,4,2,25,5,24,1,43,7,45,2,6,5,4,0,6,1,8,7,13,5,10,2,1,4,29,7,7,1,46,1,39,1,6,0,2,6,2,3,0,37,0,6,32,33,18,5,2,2,43,2,33,20,0,36,0,1,9,2,1,3,3,41,5,4,4,3,2,30,9,0
8,42,12,5,41,23,2,10,4,22,8,12,54,3,29,27,8,27,2,0,35,32,2,37,0,5,4,0,1,31,32,4,45,5,2,1,44,9,30,36,20,2,21,34,30,9,2,2,0,5,1,15,6,0,23,5,0,1,2,3,5,27,35,38,8,57,8,2,3,6,0,2,25,6,1,8,7,26,8,13,27,3,33,3,0,33,6,3,1,3,5,19,5,1,8,1,3,1,8,2,10,33,7,16,1,8,40,8,3,4,9,37,3,31,5,5,3,2,1,7,0,8,11,0,18,10,38,0,8,32,31,12,5,22,41,22,48,5,2,37,33,17,32,0,40,1,35,28,31,3,7,41,2,35,30,27,6,35,44,2,5,27,8,27,20,3,42,4,7,41
0,37,2,25,26,1,2,23,2,37,5,3,6,20,5,17,24,4,34,2,36,33,4,17,3,34,6,3,0,9,4,37,4,23,4,43,20,8,6,56,8,11,5,35,46,2,0,6,4,44,6,6,2,40,52,24,9,24,5,3,26,2,8,5,4,6,4,26,3,1,4,6,42,0,40,14,27,4,0,24,3,26,31,6,1,27,1,35,7,46,1,3,8,33,3,7,0,22,8,25,0,29,5,42,40,4,25,33,5,7,38,1,29,43,4,33,4,10,7,8,2,5,11,26,19,6,1,25,4,24,4,27,6,45,8,29,9,33,3,19,6,9,4,27,2,43,3,2,2,3,24,48,1,34,9,4,3,6,34,44,11,36,3,6,0,30,1,3,51,8
10,33,2,15,5,1,2,2,47,6,27,33,29,5,31,1,5,2,7,33,1,5,10,24,12,5,9,39,1,2,18,0,30,0,38,5,0,23,37,37,2,1,0,1,21,37,0,6,25,49,5,44,1,6,3,3,33,5,6,5,2,32,3,4,36,2,1,3,4,1,2,33,0,4,28,8,5,1,32,0,0,2,2,2,47,30,3,34,6,38,6,6,38,2,1,7,4,3,2,4,36,3,28,35,4,10,5,32,0,0,1,4,1,7,34,1,2,4,0,2,4,37,30,12,4,46,43,9,13,28,10,6,3,0,22,9,6,35,26,45,42,6,2,8,0,28,1,43,4,1,1,15,6,1,48,4,2,17,3,27,5,0,5,47,3,17,1,6,37,7
28,6,22,6,0,6,6,0,39,1,38,48,43,2,1,24,38,51,18,1,19,5,46,4,21,36,3,1,0,37,1,5,12,2,33,2,47,8,6,5,2,38,4,36,11,4,20,1,6,31,0,47,3,1,36,0,2,3,1,12,4,5,1,0,1,5,3,3,32,3,36,22,7,2,37,30,33,3,24,40,3,6,22,26,2,1,1,1,0,49,19,25,21,10,5,42,1,46,20,1,28,5,8,30,4,42,2,6,24,17,7,5,4,0,1,35,8,23,29,7,20,5,2,1,8,10,32,1,2,37,7,22,3,38,27,0,5,39,27,35,24,5,37,2,3,26,53,1,24,3,21,6,29,3,2,34,6,7,1,1,38,24,3,12,0,44,8,34,23,16
1,24,3,16,2,2,13,25,5,7,47,4,2,23,33,2,27,2,13,40,4,33,2,12,35,20,22,31,37,3,4,34,2,2,4,1,2,18,6,3,1,1,0,0,7,2,3,5,3,0,5,16,6,7,41,0,26,37,1,0,42,3,31,37,54,5,13,4,6,1,0,2,4,3,15,12,0,0,36,6,9,41,8,4,3,1,6,1,6,4,1,22,10,20,4,1,33,2,11,4,23,1,3,39,3,0,2,28,9,0,42,1,6,22,3,33,33,41,0,0,3,2,4,6,32,6,34,6,7,3,3,1,2,54,6,51,4,35,10,2,25,22,38,5,40,5,0,30,8,7,6,6,5,41,0,1,0,2,33,4,7,7,24,7,18,7,32,2,24,29
41,3,8,0,9,35,3,20,2,1,40,30,37,7,15,1,4,6,25,15,0,9,1,42,4,2,4,6,2,8,2,1,36,1,2,26,3,5,3,1,30,28,32,2,1,12,1,29,2,29,32,8,5,49,2,13,0,38,3,40,2,3,28,4,32,40,26,34,4,0,6,13,7,40,23,20,36,1,2,3,31,0,28,0,7,40,5,6,10,1,37,27,0,1,5,21,1,38,31,2,25,2,38,11,4,5,3,15,1,10,7,29,21,2,52,3,27,10,10,4,5,39,3,6,1,3,5,1,9,8,3,37,29,4,5,0,2,42,1,6,2,37,33,33,3,5,0,34,6,1,5,3,3,0,46,29,1,5,6,30,6,10,38,1,27,30,41,3,3,4
7,1,1,4,5,2,10,3,10,33,0,4,1,6,3,37,1,1,41,3,5,18,7,33,2,0,35,2,2,20,7,31,3,4,18,3,3,5,5,34,2,7,6,31,5,19,4,0,31,17,38,32,8,2,3,50,12,5,8,1,44,29,29,4,2,6,15,7,1,4,4,2,6,7,3,8,38,3,3,49,8,4,4,30,7,3,0,3,3,28,35,2,4,1,26,3,2,4,17,7,2,1,7,37,4,4,32,9,42,21,0,30,31,28,35,20,4,2,8,3,3,3,22,21,3,35,23,4,19,8,1,4,4,2,34,0,48,0,7,1,1,0,26,5,34,34,27,3,4,1,32,41,0,27,5,4,55,12,5,1,23,5,7,2,38,36,28,0,23,22
0,2,9,53,4,2,30,37,2,6,6,4,0,7,2,6,31,3,10,0,7,4,3,2,52,6,1,26,33,0,3,34,0,5,7,5,30,6,22,4,6,2,35,23,21,5,41,3,4,0,25,23,3,1,4,1,5,0,3,3,4,0,38,1,0,8,2,0,6,11,5,7,44,2,49,3,34,2,3,4,10,4,3,17,4,3,4,8,0,6,27,1,6,40,6,11,37,10,0,1,1,0,0,2,8,0,22,5,47,3,0,3,4,37,45,30,0,9,1,10,0,1,7,9,12,3,6,5,7,37,2,31,4,1,4,1,7,6,4,28,1,4,6,1,21,2,24,0,6,1,1,41,32,28,2,37,6,36,37,0,49,45,2,9,6,0,4,31,5,5
0,6,22,27,2,57,1,24,21,21,5,3,23,5,23,1,36,32,46,5,4,30,5,27,5,4,41,38,35,2,5,1,1,5,4,1,5,5,4,2,28,33,23,7,3,5,35,4,40,1,50,42,26,9,7,9,39,28,15,2,5,25,4,2,3,2,5,6,6,2,20,0,32,27,26,3,14,15,9,6,38,4,3,43,8,7,3,5,7,2,23,35,0,29,0,33,2,45,28,5,2,62,2,6,4,7,4,9,8,0,6,13,29,25,36,8,40,5,8,0,46,5,9,2,5,3,36,5,28,25,41,40,4,36,1,1,4,20,2,4,8,38,20,37,33,3,4,6,0,2,4,8,0,13,2,2,2,35,3,2,1,3,7,5,29,10,3,31,35,22
33,1,9,40,31,30,3,27,40,34,5,7,6,0,8,3,0,5,9,1,2,61,2,11,5,13,1,6,0,6,10,26,6,1,4,10,49,35,4,40,1,43,5,18,45,5,29,4,3,29,5,15,5,5,1,6,5,13,2,4,5,5,4,5,33,0,20,8,10,5,2,28,3,3,30,2,0,23,4,9,5,4,1,19,0,8,1,3,6,7,20,21,29,3,6,47,3,42,42,0,32,32,7,7,4,12,46,28,0,1,5,3,0,2,4,6,21,32,18,35,1,29,2,1,3,11,39,33,25,2,3,31,3,8,30,4,2,7,10,4,1,5,26,3,37,11,27,4,0,31,2,5,4,5,2,0,5,0,6,23,45,2,4,33,7,1,4,48,42,0
45,5,2,50,5,1,5,4,28,40,39,9,7,29,1,2,2,30,4,2,4,4,30,37,5,7,1,0,5,4,22,6,45,0,5,29,46,6,32,47,3,6,10,0,2,6,2,3,6,2,24,6,4,9,49,0,7,14,3,35,3,1,7,3,7,5,39,2,52,8,7,5,42,33,2,9,10,37,3,5,2,5,29,23,3,3,6,1,0,22,25,4,2,44,29,35,1,62,7,1,5,2,4,5,2,5,6,0,0,4,4,7,0,36,34,37,5,0,2,44,5,0,4,2,3,5,38,2,30,4,35,1,6,4,31,11,1,0,47,26,43,6,5,0,4,34,31,2,2,2,45,6,4,37,7,47,8,4,38,52,7,1,2,24,1,27,34,48,6,38
22,20,19,7,29,10,5,0,6,6,5,27,3,3,5,41,4,18,5,14,3,26,4,15,3,1,2,2,3,33,6,28,3,5,35,28,4,3,27,27,41,1,8,4,1,40,5,17,53,33,0,39,5,29,6,3,26,35,4,19,5,0,25,1,20,14,2,4,26,26,25,33,23,0,29,32,2,7,39,4,2,28,18,45,4,9,1,6,10,2,2,4,25,37,30,1,1,0,3,1,6,25,31,17,34,44,5,4,5,0,34,2,2,20,20,22,0,10,5,1,22,50,1,6,6,18,8,1,6,43,1,7,4,3,11,5,36,4,2,2,3,1,3,25,35,3,4,6,6,6,24,37,55,6,1,30,6,15,23,5,3,3,35,12,4,28,5,4,25,1
34,4,5,30,33,41,37,4,35,11,5,5,0,6,22,3,3,1,4,25,6,3,27,6,3,55,25,5,25,1,4,4,25,4,35,8,8,9,2,7,2,32,1,24,17,30,1,3,3,25,3,5,12,38,7,6,7,5,13,10,2,42,7,3,8,2,10,4,24,2,43,1,0,1,8,1,22,35,8,6,2,9,4,1,40,4,6,37,2,4,5,1,23,2,2,26,34,30,3,6,50,4,6,37,25,4,3,51,3,7,22,6,17,4,26,2,35,0,5,6,35,25,23,34,36,4,43,1,14,1,6,2,7,20,6,7,5,2,32,6,1,0,33,7,2,4,1,11,0,0,7,5,2,56,28,6,6,8,26,2,35,7,20,0,6,8,4,49,5,49
7,28,3,32,4,7,2,7,33,2,5,5,7,1,32,34,3,29,32,1,9,8,3,31,27,3,40,5,10,1,21,20,1,4,4,0,0,6,9,1,5,5,3,22,3,8,28,3,1,1,4,0,39,23,49,37,45,22,2,6,6,2,11,0,4,5,37,3,0,22,1,36,38,31,8,1,37,8,6,38,6,1,8,34,6,8,10,6,0,8,41,24,2,36,9,1,2,27,28,6,33,9,40,4,5,2,4,4,6,9,2,2,28,41,0,5,0,34,3,7,1,0,38,6,1,39,5,22,29,8,4,34,2,41,5,7,2,7,2,1,0,33,2,3,11,1,31,34,8,0,17,2,0,5,5,16,23,21,1,11,4,8,19,4,3,25,4,3,37,6
33,34,21,12,24,8,2,2,13,5,38,3,8,13,0,41,9,34,26,33,3,6,8,29,21,0,39,42,7,3,4,32,2,3,28,18,4,5,10,1,32,2,0,7,2,2,1,1,28,40,40,0,50,7,4,36,3,5,0,41,1,5,1,5,0,54,4,48,6,45,5,7,3,0,36,3,6,24,38,2,45,4,27,1,5,3,42,38,1,15,1,28,5,24,38,28,9,2,4,44,0,5,38,37,42,35,19,33,1,1,31,1,4,15,20,24,2,0,17,3,2,0,29,9,7,29,8,0,5,6,29,32,3,3,0,3,5,1,28,8,1,4,7,0,4,2,10,0,35,2,3,0,1,29,0,19,3,32,8,32,8,2,6,9,22,0,1,1,3,10
41,2,56,25,2,14,1,33,49,8,0,42,6,18,2,53,1,2,1,5,0,2,0,4,5,43,5,5,1,1,3,29,24,33,31,24,4,26,28,5,7,1,42,1,5,9,9,8,43,3,24,6,1,1,6,10,8,0,24,7,6,29,0,0,2,3,8,2,23,1,9,5,8,1,29,3,27,22,7,1,1,7,4,35,17,23,4,45,32,6,0,50,31,5,1,37,5,1,28,22,47,38,8,34,14,37,29,1,1,3,3,17,1,33,7,1,1,4,1,3,45,1,34,9,1,3,5,2,2,0,38,12,24,27,4,2,15,15,4,24,9,8,61,5,3,13,38,0,41,1,2,2,21,0,20,1,1,41,1,39,4,5,2,35,0,6,8,7,7,5
1,2,35,0,5,43,29,5,4,5,6,10,1,44,3,4,1,25,8,20,4,1,8,4,3,4,4,24,0,3,1,36,1,6,0,39,5,3,25,5,35,0,31,0,0,4,46,33,8,8,3,6,1,0,1,0,1,37,3,4,5,20,2,5,7,2,8,3,24,0,3,9,7,7,6,5,1,6,53,3,24,27,17,6,2,27,1,42,2,9,4,24,4,7,30,2,24,33,27,1,6,5,3,41,26,4,33,42,1,21,28,1,3,34,3,41,7,3,19,32,3,5,1,5,1,3,8,9,2,24,5,34,23,49,3,3,3,34,3,6,2,43,27,35,3,1,6,28,8,0,5,5,2,6,1,30,38,1,6,8,3,4,2,1,3,29,9,6,4,32
6,4,38,1,5,31,6,2,32,32,26,0,1,20,4,21,43,5,0,0,1,29,2,6,8,6,39,31,2,2,45,8,4,0,24,0,2,3,6,4,2,2,5,3,35,32,21,2,18,23,20,7,2,20,2,7,43,41,23,0,32,29,2,42,6,6,4,2,37,1,45,35,5,0,8,29,19,2,3,31,1,5,0,4,9,13,0,34,7,6,2,2,0,23,4,46,3,1,5,34,4,4,1,30,57,9,54,4,0,1,1,2,58,66,39,38,36,25,0,3,3,9,4,11,8,2,22,0,19,24,1,7,40,5,6,5,30,0,0,7,28,28,32,0,1,49,8,54,6,24,4,2,4,6,4,3,1,1,4,0,37,6,6,7,5,37,35,0,4,27
4,5,34,38,30,4,32,12,6,0,2,25,24,27,4,34,6,21,3,7,2,5,28,0,2,3,26,42,25,2,3,3,49,2,5,64,4,9,1,40,3,43,33,1,3,19,4,32,32,8,4,12,3,27,10,2,49,10,1,5,65,30,20,2,2,10,0,8,0,10,0,22,0,35,4,24,0,5,5,2,5,6,33,4,2,6,1,42,2,33,1,1,5,5,2,2,8,4,0,6,20,48,28,41,33,26,22,29,8,1,2,7,3,15,7,0,5,8,5,42,7,37,0,38,26,2,40,48,1,1,1,7,3,0,6,8,3,41,32,0,2,30,1,3,29,31,30,4,5,2,7,1,7,5,44,3,22,32,1,5,8,11,3,6,37,39,46,29,28,7
46,6,4,7,2,2,6,7,37,41,37,53,56,3,4,31,28,9,1,4,32,29,5,37,39,40,4,6,31,1,0,4,44,9,1,2,1,2,8,0,6,3,20,2,2,29,4,52,2,5,0,2,3,2,32,31,1,2,4,3,5,21,32,39,6,2,5,2,0,2,5,26,33,4,0,0,4,5,4,9,48,44,3,1,8,27,1,5,7,5,25,3,22,21,35,3,6,3,0,1,5,1,9,6,6,19,35,28,41,6,18,0,17,5,38,25,35,35,11,4,4,3,3,39,4,2,4,4,0,4,25,7,30,3,6,29,35,17,2,7,33,4,23,28,7,35,11,4,32,0,28,5,19,44,0,28,19,4,8,6,7,36,3,19,8,26,46,1,33,4
0,3,23,16,43,32,7,1,1,37,1,4,2,2,37,8,17,30,22,33,0,7,16,2,2,38,35,41,4,1,10,11,8,37,34,43,3,9,3,31,4,0,5,10,6,28,18,0,17,23,2,5,0,8,3,30,4,48,7,34,12,1,6,39,42,4,3,27,1,11,1,59,23,30,9,3,36,7,1,7,5,6,20,2,32,1,5,23,7,7,0,3,32,6,30,10,8,6,11,5,5,5,18,1,5,4,1,7,0,18,5,8,2,5,4,7,1,6,4,6,4,5,40,16,33,27,1,27,34,1,2,3,31,1,7,7,31,23,28,2,6,32,9,0,31,4,25,1,0,31,5,32,23,30,31,42,3,30,33,5,36,24,1,29,47,5,3,42,33,41
34,8,3,6,0,1,55,0,54,3,38,3,33,34,5,2,25,1,2,2,3,34,1,3,3,9,24,28,3,24,2,19,4,5,20,31,9,3,1,0,11,39,23,5,4,37,49,2,31,4,6,2,5,1,23,1,1,1,0,49,0,33,7,27,4,1,47,1,23,4,32,4,5,1,7,7,7,26,22,4,2,3,0,1,2,3,5,1,1,3,3,32,41,29,10,9,4,24,23,2,9,16,5,1,18,25,1,20,7,19,31,2,1,0,31,3,6,38,6,12,32,16,5,3,22,1,6,1,5,6,35,30,0,49,4,45,35,0,30,2,30,44,36,6,2,15,1,31,2,37,3,5,34,3,38,0,1,4,39,22,2,1,6,0,5,24,0,3,3,25
9,3,63,3,8,40,9,18,3,22,3,22,20,2,8,8,48,7,1,4,41,9,27,36,0,0,0,9,27,3,23,0,5,4,38,22,4,2,25,4,42,33,1,49,4,24,2,38,38,3,44,3,11,8,0,24,29,3,37,30,20,0,4,8,0,7,5,2,1,20,36,39,24,5,43,30,26,1,44,6,38,2,2,7,16,6,19,6,5,26,3,45,32,12,6,30,7,2,12,16,9,1,25,1,2,4,9,3,6,1,22,6,5,2,6,4,7,2,5,3,2,36,21,9,5,10,8,6,41,2,19,3,4,1,41,46,33,0,24,3,1,2,3,34,2,4,3,6,4,0,1,0,29,35,2,27,37,2,34,6,24,33,33,27,7,2,3,4,5,6
0,21,2,3,30,4,0,2,8,8,39,4,35,2,3,0,4,6,32,5,0,3,1,3,52,1,28,5,39,1,10,26,31,1,3,19,2,1,23,3,1,38,4,37,34,21,6,26,41,3,3,37,29,6,6,1,1,3,30,31,3,3,35,5,36,26,4,2,21,7,41,55,2,5,5,6,5,4,41,0,5,3,45,4,17,35,5,11,2,32,11,17,5,38,31,0,5,2,37,7,36,21,1,5,6,10,4,8,2,31,2,7,5,9,24,4,2,11,8,29,3,8,4,0,23,44,1,8,35,8,25,2,0,0,31,29,29,0,4,7,20,5,0,2,29,4,2,0,33,0,6,34,31,28,9,4,3,4,6,36,8,7,5,48,8,3,4,3,40,4
1,51,0,47,7,0,8,51,41,54,0,41,3,2,41,10,5,4,2,1,7,4,15,2,4,35,15,32,3,1,8,34,37,26,3,54,35,1,36,1,1,34,3,9,1,2,0,26,8,5,5,10,2,7,28,0,1,54,5,3,7,39,29,0,39,31,7,5,24,37,5,5,36,8,5,5,4,6,2,8,31,12,1,42,3,11,1,2,6,4,1,6,7,2,0,9,1,14,25,25,15,8,16,6,33,3,1,1,33,4,8,0,42,5,14,31,7,33,22,2,34,28,7,5,36,33,23,0,2,5,3,43,0,3,27,6,3,6,28,3,37,38,5,36,4,2,12,43,36,39,27,21,4,36,1,5,4,3,26,33,34,22,1,7,0,0,44,5,38,6
0,11,2,23,23,2,3,4,7,13,3,0,4,9,3,5,0,5,20,2,5,43,2,3,25,1,5,9,44,2,7,2,44,1,8,30,5,3,1,3,25,11,5,22,4,1,0,29,4,10,4,7,41,36,1,2,32,2,27,1,40,1,1,5,31,29,16,41,36,3,4,3,6,5,1,2,6,6,2,46,31,18,5,3,43,6,4,5,4,31,0,1,26,2,4,4,1,29,6,6,38,9,45,4,2,3,39,6,35,5,2,6,35,25,3,2,6,4,17,9,3,1,4,7,3,1,7,2,0,9,1,11,38,0,19,31,10,22,1,34,6,0,6,4,1,3,8,1,34,3,1,29,12,8,7,44,1,35,2,0,25,5,4,7,4,3,27,7,47,44
2,2,22,2,0,1,19,28,28,7,10,4,30,22,5,1,70,3,6,5,11,63,6,0,27,3,0,12,28,45,2,5,48,29,20,7,4,41,4,2,6,0,7,1,2,38,29,34,0,6,1,52,2,31,7,31,7,33,0,0,25,22,40,2,3,5,7,9,4,27,4,36,34,0,0,2,4,44,38,37,24,2,3,2,0,41,6,40,30,2,8,16,40,36,0,6,2,42,4,28,0,1,32,0,27,5,2,1,4,6,4,51,2,56,2,1,21,18,5,4,33,4,3,6,1,40,1,4,26,38,0,2,1,4,2,32,4,7,2,21,7,8,7,2,6,6,1,0,14,12,0,0,7,8,1,40,7,37,6,28,44,3,22,7,1,0,51,0,47,1
2,2,16,5,4,42,3,45,27,1,8,36,37,31,22,2,3,4,6,6,1,6,33,1,36,4,4,26,3,4,10,46,19,26,48,5,9,40,24,3,4,3,1,21,6,1,1,3,42,5,7,42,23,3,1,2,22,7,3,8,37,8,39,40,7,2,3,5,0,46,3,1,9,4,2,6,2,41,2,25,40,38,35,2,0,4,7,0,8,4,0,13,2,35,25,16,39,5,21,1,4,6,6,5,41,6,5,3,31,30,3,8,3,28,30,24,31,1,3,5,6,6,9,3,3,1,4,4,20,1,0,39,0,2,2,28,4,3,3,6,0,5,26,7,30,8,6,6,5,1,23,35,7,2,2,6,6,1,4,29,7,53,3,45,3,30,19,9,4,0
3,22,37,34,3,1,1,35,2,0,7,9,3,40,2,9,4,50,2,6,2,27,1,33,5,3,2,7,3,19,2,46,3,3,32,3,6,1,1,2,0,7,22,21,1,23,30,23,8,1,2,15,4,2,1,10,1,1,21,3,7,27,31,35,10,25,0,42,42,35,26,29,6,3,38,25,4,4,58,32,8,29,4,6,7,46,34,2,2,28,8,4,34,5,27,8,19,25,3,37,34,0,3,13,12,36,9,38,12,4,2,36,49,3,5,62,8,45,0,5,41,7,0,31,6,4,6,4,1,5,6,2,7,3,40,3,5,6,5,12,3,32,44,2,39,3,9,21,2,25,32,49,1,4,43,3,14,22,1,10,11,3,44,6,34,26,14,1,2,2
58,1,34,23,46,32,36,21,3,3,2,38,0,38,35,3,47,5,0,35,2,21,0,0,3,1,14,4,5,38,3,6,27,6,1,7,2,5,4,3,19,6,4,32,0,4,2,5,1,51,6,2,3,4,8,50,0,2,38,4,6,10,4,20,25,3,5,4,3,46,15,1,31,5,37,4,3,3,41,7,0,59,8,2,11,2,5,7,8,6,6,40,2,26,39,32,8,14,10,5,6,1,0,1,0,33,42,33,1,1,3,48,32,6,6,6,23,33,29,27,0,3,27,1,1,7,3,34,32,36,5,2,5,24,4,10,2,3,1,5,3,5,31,32,30,1,2,33,4,8,9,30,22,29,4,4,1,3,6,39,2,0,7,4,9,7,0,1,7,2
3,3,38,3,9,4,11,36,3,40,28,41,48,22,6,36,3,2,4,3,0,2,3,42,6,46,3,2,28,4,0,7,9,0,32,6,0,5,0,42,30,20,7,6,45,0,4,4,45,34,23,1,5,10,5,33,23,1,7,1,5,18,3,3,17,1,8,1,4,8,10,4,36,6,30,43,4,39,4,18,21,1,5,28,6,3,1,28,10,2,36,49,10,2,3,5,8,27,5,37,0,7,5,9,4,42,9,6,7,1,1,1,0,4,4,33,7,6,35,32,8,3,5,2,23,25,6,25,4,3,7,6,7,1,2,9,8,5,13,41,35,0,10,2,29,12,4,6,4,4,2,3,2,21,7,0,9,5,17,44,55,43,2,29,0,1,2,3,1,0
50,4,9,1,1,1,0,0,20,35,39,3,1,30,5,34,8,6,45,40,25,6,22,22,0,31,31,40,20,3,5,0,55,0,1,40,4,5,1,40,4,38,1,28,4,9,0,6,5,48,52,5,1,3,3,5,3,39,2,22,34,23,2,9,28,29,3,4,2,42,27,7,0,10,3,4,19,2,7,1,0,23,41,24,5,5,23,14,2,1,2,10,7,6,20,10,37,7,7,0,0,39,2,4,5,2,5,35,48,6,36,1,0,0,2,5,1,2,3,29,3,2,0,2,20,6,3,4,30,2,12,19,37,3,2,0,28,8,1,7,3,40,5,20,9,7,27,3,1,5,26,5,5,26,24,29,5,7,2,40,50,3,23,3,33,5,1,6,33,6
0,31,1,5,7,33,40,31,1,46,10,13,35,0,1,0,16,4,1,25,7,33,21,50,6,23,1,4,2,7,21,31,0,5,2,2,2,32,1,28,0,29,8,0,3,27,37,23,1,24,24,12,4,17,1,30,41,1,3,4,36,9,2,8,7,5,24,46,2,16,4,4,26,3,6,12,49,9,0,2,2,6,0,5,6,0,2,7,3,4,43,1,6,4,1,3,35,22,42,43,5,42,1,36,24,2,30,20,1,36,38,6,29,3,3,26,46,3,6,6,31,7,5,2,25,35,0,5,32,2,30,3,2,34,7,27,24,41,24,9,32,41,6,6,7,7,18,4,4,37,42,0,2,9,1,1,7,9,0,46,0,5,43,7,32,1,38,39,3,10
55,3,30,36,37,31,4,35,20,2,29,6,4,3,38,6,7,7,34,0,6,40,4,8,33,0,33,11,3,1,2,3,0,6,43,1,0,41,52,27,7,28,8,4,5,4,35,11,22,20,28,2,1,0,37,8,39,28,1,2,30,26,2,2,3,8,4,6,32,27,5,24,5,26,8,7,30,3,8,28,22,29,46,7,4,36,3,7,52,31,36,33,25,4,0,19,22,5,6,26,0,4,1,7,10,5,21,2,36,5,10,1,8,1,37,0,0,42,4,0,6,36,1,35,8,25,1,32,12,0,5,0,15,15,34,30,23,19,25,2,47,40,21,34,1,1,5,8,33,4,6,7,27,4,3,41,9,37,3,1,6,21,38,19,24,15,0,33,3,19
6,0,40,59,40,3,0,2,5,24,25,17,6,6,21,1,3,6,2,37,8,1,9,28,5,41,2,33,37,2,26,47,6,3,31,1,31,33,3,2,33,4,8,5,0,1,30,0,0,2,39,0,38,1,1,3,15,1,2,1,1,33,0,35,34,5,3,48,5,4,23,2,5,5,4,1,9,0,2,4,4,5,8,1,33,26,1,48,29,23,5,56,31,18,4,4,2,27,29,7,34,40,37,2,4,7,2,7,1,26,2,23,51,1,40,4,24,30,7,4,2,4,32,26,1,5,28,25,22,4,24,3,2,24,31,23,6,38,24,25,23,3,0,4,5,6,38,1,44,5,22,9,0,5,7,19,37,9,21,8,1,2,5,30,2,32,0,5,3,8
12,26,2,29,10,3,3,26,3,3,4,24,8,7,11,29,29,6,3,30,36,22,7,5,15,20,8,7,7,21,0,5,39,25,6,6,2,37,44,8,1,4,2,26,28,1,6,9,36,19,2,29,3,35,1,6,11,5,38,33,9,30,6,28,8,1,6,6,36,46,25,2,2,32,34,36,33,3,0,47,0,20,2,46,1,1,8,21,4,3,31,18,24,3,3,8,3,5,4,2,46,30,23,1,2,4,6,31,37,26,3,33,1,17,5,1,5,7,33,22,6,3,20,22,26,57,3,0,27,30,0,1,0,4,0,39,1,5,6,12,2,3,11,9,0,7,9,3,5,31,3,40,36,36,2,7,20,7,36,4,9,4,23,19,1,0,29,2,32,3
4,35,7,6,19,2,38,3,25,2,3,0,23,17,32,5,38,6,28,43,36,6,0,32,34,3,37,2,37,10,28,0,35,1,7,28,7,7,44,6,3,11,2,1,0,34,4,4,4,28,27,33,6,1,30,6,7,6,18,34,4,3,22,2,27,0,3,0,44,32,0,5,37,25,4,6,43,1,6,3,35,13,7,7,35,19,3,5,30,3,2,31,38,6,52,46,20,20,3,10,41,6,1,34,3,36,4,6,7,4,25,4,23,19,5,4,25,45,17,1,3,32,44,32,3,21,38,26,7,3,28,5,21,7,22,39,3,6,0,22,34,30,1,1,4,5,3,4,7,12,5,9,4,55,7,0,1,40,1,0,31,2,26,6,4,22,3,22,5,1
8,30,58,1,7,0,28,29,5,7,1,7,29,8,5,4,6,6,6,6,23,20,1,4,18,8,7,21,29,20,3,8,48,2,30,1,4,10,3,2,6,10,31,25,31,49,35,3,4,50,0,35,3,39,1,4,28,32,7,4,8,0,35,5,0,8,5,41,19,1,5,2,1,23,43,5,30,36,2,0,34,6,0,2,8,3,20,5,32,42,4,0,7,5,2,7,2,2,5,36,4,1,1,9,2,4,4,3,1,3,31,35,2,4,8,2,26,30,4,22,19,4,8,0,4,3,1,1,5,11,45,1,1,4,28,4,17,46,28,1,1,5,2,25,6,3,22,1,0,3,6,0,28,8,21,2,2,9,41,0,33,3,6,1,7,25,0,19,36,19
1,5,4,37,10,1,10,8,3,6,22,9,5,43,24,17,3,6,18,32,3,8,35,8,26,1,47,45,30,8,7,37,2,1,3,34,49,2,4,1,3,2,0,28,4,24,34,30,4,40,1,1,25,1,1,2,10,33,16,3,5,1,4,47,13,2,2,0,30,0,3,29,25,27,3,1,4,3,2,2,6,4,0,8,6,18,2,37,16,2,20,37,37,5,4,27,25,3,10,7,2,28,11,35,0,38,1,4,39,6,31,5,0,42,4,2,32,0,1,2,22,28,4,0,7,45,7,8,11,37,7,9,14,2,0,20,0,29,15,2,2,6,9,27,1,30,2,34,4,25,2,45,2,30,3,9,2,0,45,54,53,20,1,6,49,33,2,3,2,5
23,8,32,29,25,1,29,11,41,5,2,24,7,61,7,1,5,30,4,2,35,31,39,4,1,8,0,5,6,2,23,6,33,52,44,9,2,8,41,2,27,54,2,36,5,33,24,28,34,33,25,49,31,33,4,0,2,2,2,11,35,41,29,3,1,0,5,37,31,23,33,8,5,42,4,4,9,10,28,2,6,37,32,28,39,2,0,0,27,57,2,5,29,18,3,21,2,49,49,1,2,1,13,28,21,27,8,3,0,36,1,7,5,34,38,4,3,38,2,4,0,1,1,1,0,43,6,28,4,34,27,43,3,3,1,5,2,5,1,28,1,13,17,3,40,37,12,8,24,45,0,20,2,2,30,28,31,2,4,1,16,5,56,2,20,0,35,41,9,29
26,27,31,3,35,11,1,30,18,10,5,32,1,7,0,2,59,4,40,2,43,46,1,1,5,30,5,45,6,1,39,3,36,39,24,0,29,7,41,28,2,4,27,45,30,8,6,8,3,46,1,16,6,34,1,45,7,15,7,47,23,4,5,46,7,2,0,4,5,35,36,44,4,3,0,1,6,3,4,6,31,26,38,31,1,30,35,7,23,2,35,5,4,3,39,23,2,14,1,34,6,3,0,5,4,0,3,2,43,2,2,40,5,0,5,0,2,27,2,1,6,0,40,3,23,3,3,4,2,0,31,10,6,34,0,1,19,2,7,10,3,1,2,28,10,1,6,28,1,4,32,55,25,6,41,34,1,44,4,18,3,10,25,3,4,7,5,0,0,4
3,7,1,43,8,2,7,39,35,0,3,28,3,26,2,24,28,2,0,24,23,46,33,40,35,24,33,42,7,42,5,3,1,2,31,57,1,1,6,4,6,10,11,51,54,3,28,2,35,40,35,10,4,6,32,7,40,1,1,7,7,33,0,4,33,5,8,5,14,35,2,4,1,5,14,0,0,11,31,27,41,3,0,10,3,1,8,32,6,41,18,40,35,40,15,20,4,42,34,41,4,46,3,3,29,37,10,1,1,4,4,41,3,29,35,27,23,13,3,45,4,20,4,1,44,3,2,0,2,3,1,23,0,6,6,1,4,7,36,3,23,2,7,7,3,1,2,2,2,6,3,26,3,32,6,6,1,5,19,0,2,30,1,60,4,2,8,18,30,4
0,0,0,0,0,0,0,0,0,0,0,0,0,0,0,0,0,0,0,0
0,0,0,0,0,0,0,0,0,0,0,0,0,0,0,0,0,0,0,0
0,0,0,0,0,0,0,0,0,0,0,0,0,0,0,0,0,0,0,0
0,0,0,0,0,0,0,0,0,0,0,0,0,0,0,0,0,0,0,0
0,0,0,0,0,0,0,0,0,0,0,0,0,0,0,0,0,0,0,0
0,0,0,0,0,0,0,0,0,0,0,0,0,0,0,0,0,0,0,0
0,0,0,0,0,0,0,0,0,0,0,0,0,0,0,0,0,0,0,0
0,0,0,0,0,0,0,0,0,0,0,0,0,0,0,0,0,0,0,0
0,0,0,0,0,0,0,0,0,0,0,0,0,0,0,0,0,0,0,0
0,0,0,0,0,0,0,0,0,0,0,0,0,0,0,0,0,0,0,0
0,0,0,0,0,0,0,0,0,0,0,0,0,0,0,0,0,0,0,0
0,0,0,0,0,0,0,0,0,0,0,0,0,0,0,0,0,0,0,0
0,0,0,0,0,0,0,0,0,0,0,0,0,0,0,0,0,0,0,0
0,0,0,0,0,0,0,0,0,0,0,0,0,0,0,0,0,0,0,0
0,0,0,0,0,0,0,0,0,0,0,0,0,0,0,0,0,0,0,0
0,0,0,0,0,0,0,0,0,0,0,0,0,0,0,0,0,0,0,0
0,0,0,0,0,0,0,0,0,0,0,0,0,0,0,0,0,0,0,0
0,0,0,0,0,0,0,0,0,0,0,0,0,0,0,0,0,0,0,0
0,0,0,0,0,0,0,0,0,0,0,0,0,0,0,0,0,0,0,0
0,0,0,0,0,0,0,0,0,0,0,0,0,0,0,0,0,0,0,0
0,0,0,0,0,0,0,0,0,0,0,0,0,0,0,0,0,0,0,0
0,0,0,0,0,0,0,0,0,0,0,0,0,0,0,0,0,0,0,0
0,0,0,0,0,0,0,0,0,0,0,0,0,0,0,0,0,0,0,0
0,0,0,0,0,0,0,0,0,0,0,0,0,0,0,0,0,0,0,0
0,0,0,0,0,0,0,0,0,0,0,0,0,0,0,0,0,0,0,0
0,0,0,0,0,0,0,0,0,0,0,0,0,0,0,0,0,0,0,0
0,0,0,0,0,0,0,0,0,0,0,0,0,0,0,0,0,0,0,0
0,0,0,0,0,0,0,0,0,0,0,0,0,0,0,0,0,0,0,0
0,0,0,0,0,0,0,0,0,0,0,0,0,0,0,0,0,0,0,0
0,0,0,0,0,0,0,0,0,0,0,0,0,0,0,0,0,0,0,0
0,0,0,0,0,0,0,0,0,0,0,0,0,0,0,0,0,0,0,0
0,0,0,0,0,0,0,0,0,0,0,0,0,0,0,0,0,0,0,0
0,0,0,0,0,0,0,0,0,0,0,0,0,0,0,0,0,0,0,0
0,0,0,0,0,0,0,0,0,0,0,0,0,0,0,0,0,0,0,0
0,0,0,0,0,0,0,0,0,0,0,0,0,0,0,0,0,0,0,0
0,0,0,0,0,0,0,0,0,0,0,0,0,0,0,0,0,0,0,0
0,0,0,0,0,0,0,0,0,0,0,0,0,0,0,0,0,0,0,0
0,0,0,0,0,0,0,0,0,0,0,0,0,0,0,0,0,0,0,0
0,0,0,0,0,0,0,0,0,0,0,0,0,0,0,0,0,0,0,0
0,0,0,0,0,0,0,0,0,0,0,0,0,0,0,0,0,0,0,0
0,0,0,0,0,0,0,0,0,0,0,0,0,0,0,0,0,0,0,0
0,0,0,0,0,0,0,0,0,0,0,0,0,0,0,0,0,0,0,0
0,0,0,0,0,0,0,0,0,0,0,0,0,0,0,0,0,0,0,0
0,0,0,0,0,0,0,0,0,0,0,0,0,0,0,0,0,0,0,0
0,0,0,0,0,0,0,0,0,0,0,0,0,0,0,0,0,0,0,0
0,0,0,0,0,0,0,0,0,0,0,0,0,0,0,0,0,0,0,0
0,0,0,0,0,0,0,0,0,0,0,0,0,0,0,0,0,0,0,0
0,0,0,0,0,0,0,0,0,0,0,0,0,0,0,0,0,0,0,0
0,0,0,0,0,0,0,0,0,0,0,0,0,0,0,0,0,0,0,0
0,0,0,0,0,0,0,0,0,0,0,0,0,0,0,0,0,0,0,0
0,0,0,0,0,0,0,0,0,0,0,0,0,0,0,0,0,0,0,0
0,0,0,0,0,0,0,0,0,0,0,0,0,0,0,0,0,0,0,0
0,0,0,0,0,0,0,0,0,0,0,0,0,0,0,0,0,0,0,0
0,0,0,0,0,0,0,0,0,0,0,0,0,0,0,0,0,0,0,0
0,0,0,0,0,0,0,0,0,0,0,0,0,0,0,0,0,0,0,0
0,0,0,0,0,0,0,0,0,0,0,0,0,0,0,0,0,0,0,0
0,0,0,0,0,0,0,0,0,0,0,0,0,0,0,0,0,0,0,0
0,0,0,0,0,0,0,0,0,0,0,0,0,0,0,0,0,0,0,0
0,0,0,0,0,0,0,0,0,0,0,0,0,0,0,0,0,0,0,0
0,0,0,0,0,0,0,0,0,0,0,0,0,0,0,0,0,0,0,0
0,0,0,0,0,0,0,0,0,0,0,0,0,0,0,0,0,0,0,0
0,0,0,0,0,0,0,0,0,0,0,0,0,0,0,0,0,0,0,0
0,0,0,0,0,0,0,0,0,0,0,0,0,0,0,0,0,0,0,0
0,0,0,0,0,0,0,0,0,0,0,0,0,0,0,0,0,0,0,0
0,0,0,0,0,0,0,0,0,0,0,0,0,0,0,0,0,0,0,0
0,0,0,0,0,0,0,0,0,0,0,0,0,0,0,0,0,0,0,0
0,0,0,0,0,0,0,0,0,0,0,0,0,0,0,0,0,0,0,0
0,0,0,0,0,0,0,0,0,0,0,0,0,0,0,0,0,0,0,0
0,0,0,0,0,0,0,0,0,0,0,0,0,0,0,0,0,0,0,0
0,0,0,0,0,0,0,0,0,0,0,0,0,0,0,0,0,0,0,0
0,0,0,0,0,0,0,0,0,0,0,0,0,0,0,0,0,0,0,0
0,0,0,0,0,0,0,0,0,0,0,0,0,0,0,0,0,0,0,0
0,0,0,0,0,0,0,0,0,0,0,0,0,0,0,0,0,0,0,0
0,0,0,0,0,0,0,0,0,0,0,0,0,0,0,0,0,0,0,0
0,0,0,0,0,0,0,0,0,0,0,0,0,0,0,0,0,0,0,0
0,0,0,0,0,0,0,0,0,0,0,0,0,0,0,0,0,0,0,0
0,0,0,0,0,0,0,0,0,0,0,0,0,0,0,0,0,0,0,0
0,0,0,0,0,0,0,0,0,0,0,0,0,0,0,0,0,0,0,0
0,0,0,0,0,0,0,0,0,0,0,0,0,0,0,0,0,0,0,0
0,0,0,0,0,0,0,0,0,0,0,0,0,0,0,0,0,0,0,0
0,0,0,0,0,0,0,0,0,0,0,0,0,0,0,0,0,0,0,0
0,0,0,0,0,0,0,0,0,0,0,0,0,0,0,0,0,0,0,0
0,0,0,0,0,0,0,0,0,0,0,0,0,0,0,0,0,0,0,0
0,0,0,0,0,0,0,0,0,0,0,0,0,0,0,0,0,0,0,0
0,0,0,0,0,0,0,0,0,0,0,0,0,0,0,0,0,0,0,0
0,0,0,0,0,0,0,0,0,0,0,0,0,0,0,0,0,0,0,0
0,0,0,0,0,0,0,0,0,0,0,0,0,0,0,0,0,0,0,0
0,0,0,0,0,0,0,0,0,0,0,0,0,0,0,0,0,0,0,0
0,0,0,0,0,0,0,0,0,0,0,0,0,0,0,0,0,0,0,0
0,0,0,0,0,0,0,0,0,0,0,0,0,0,0,0,0,0,0,0
0,0,0,0,0,0,0,0,0,0,0,0,0,0,0,0,0,0,0,0
0,0,0,0,0,0,0,0,0,0,0,0,0,0,0,0,0,0,0,0
0,0,0,0,0,0,0,0,0,0,0,0,0,0,0,0,0,0,0,0
0,0,0,0,0,0,0,0,0,0,0,0,0,0,0,0,0,0,0,0
0,0,0,0,0,0,0,0,0,0,0,0,0,0,0,0,0,0,0,0
0,0,0,0,0,0,0,0,0,0,0,0,0,0,0,0,0,0,0,0
0,0,0,0,0,0,0,0,0,0,0,0,0,0,0,0,0,0,0,0
0,0,0,0,0,0,0,0,0,0,0,0,0,0,0,0,0,0,0,0
0,0,0,0,0,0,0,0,0,0,0,0,0,0,0,0,0,0,0,0
0,0,0,0,0,0,0,0,0,0,0,0,0,0,0,0,0,0,0,0
0,0,0,0,0,0,0,0,0,0,0,0,0,0,0,0,0,0,0,0
0,0,0,0,0,0,0,0,0,0,0,0,0,0,0,0,0,0,0,0
0,0,0,0,0,0,0,0,0,0,0,0,0,0,0,0,0,0,0,0
0,0,0,0,0,0,0,0,0,0,0,0,0,0,0,0,0,0,0,0
0,0,0,0,0,0,0,0,0,0,0,0,0,0,0,0,0,0,0,0
0,0,0,0,0,0,0,0,0,0,0,0,0,0,0,0,0,0,0,0
0,0,0,0,0,0,0,0,0,0,0,0,0,0,0,0,0,0,0,0
0,0,0,0,0,0,0,0,0,0,0,0,0,0,0,0,0,0,0,0
0,0,0,0,0,0,0,0,0,0,0,0,0,0,0,0,0,0,0,0
0,0,0,0,0,0,0,0,0,0,0,0,0,0,0,0,0,0,0,0
0,0,0,0,0,0,0,0,0,0,0,0,0,0,0,0,0,0,0,0
0,0,0,0,0,0,0,0,0,0,0,0,0,0,0,0,0,0,0,0
0,0,0,0,0,0,0,0,0,0,0,0,0,0,0,0,0,0,0,0
0,0,0,0,0,0,0,0,0,0,0,0,0,0,0,0,0,0,0,0
0,0,0,0,0,0,0,0,0,0,0,0,0,0,0,0,0,0,0,0
0,0,0,0,0,0,0,0,0,0,0,0,0,0,0,0,0,0,0,0
0,0,0,0,0,0,0,0,0,0,0,0,0,0,0,0,0,0,0,0
0,0,0,0,0,0,0,0,0,0,0,0,0,0,0,0,0,0,0,0
0,0,0,0,0,0,0,0,0,0,0,0,0,0,0,0,0,0,0,0
0,0,0,0,0,0,0,0,0,0,0,0,0,0,0,0,0,0,0,0
0,0,0,0,0,0,0,0,0,0,0,0,0,0,0,0,0,0,0,0
0,0,0,0,0,0,0,0,0,0,0,0,0,0,0,0,0,0,0,0
0,0,0,0,0,0,0,0,0,0,0,0,0,0,0,0,0,0,0,0
0,0,0,0,0,0,0,0,0,0,0,0,0,0,0,0,0,0,0,0
0,0,0,0,0,0,0,0,0,0,0,0,0,0,0,0,0,0,0,0
0,0,0,0,0,0,0,0,0,0,0,0,0,0,0,0,0,0,0,0
0,0,0,0,0,0,0,0,0,0,0,0,0,0,0,0,0,0,0,0
0,0,0,0,0,0,0,0,0,0,0,0,0,0,0,0,0,0,0,0
0,0,0,0,0,0,0,0,0,0,0,0,0,0,0,0,0,0,0,0
0,0,0,0,0,0,0,0,0,0,0,0,0,0,0,0,0,0,0,0
0,0,0,0,0,0,0,0,0,0,0,0,0,0,0,0,0,0,0,0
0,0,0,0,0,0,0,0,0,0,0,0,0,0,0,0,0,0,0,0
0,0,0,0,0,0,0,0,0,0,0,0,0,0,0,0,0,0,0,0
0,0,0,0,0,0,0,0,0,0,0,0,0,0,0,0,0,0,0,0
0,0,0,0,0,0,0,0,0,0,0,0,0,0,0,0,0,0,0,0
0,0,0,0,0,0,0,0,0,0,0,0,0,0,0,0,0,0,0,0
0,0,0,0,0,0,0,0,0,0,0,0,0,0,0,0,0,0,0,0
0,0,0,0,0,0,0,0,0,0,0,0,0,0,0,0,0,0,0,0
0,0,0,0,0,0,0,0,0,0,0,0,0,0,0,0,0,0,0,0
0,0,0,0,0,0,0,0,0,0,0,0,0,0,0,0,0,0,0,0
0,0,0,0,0,0,0,0,0,0,0,0,0,0,0,0,0,0,0,0
0,0,0,0,0,0,0,0,0,0,0,0,0,0,0,0,0,0,0,0
0,0,0,0,0,0,0,0,0,0,0,0,0,0,0,0,0,0,0,0
0,0,0,0,0,0,0,0,0,0,0,0,0,0,0,0,0,0,0,0
0,0,0,0,0,0,0,0,0,0,0,0,0,0,0,0,0,0,0,0
0,0,0,0,0,0,0,0,0,0,0,0,0,0,0,0,0,0,0,0
0,0,0,0,0,0,0,0,0,0,0,0,0,0,0,0,0,0,0,0
0,0,0,0,0,0,0,0,0,0,0,0,0,0,0,0,0,0,0,0
0,0,0,0,0,0,0,0,0,0,0,0,0,0,0,0,0,0,0,0
0,0,0,0,0,0,0,0,0,0,0,0,0,0,0,0,0,0,0,0
0,0,0,0,0,0,0,0,0,0,0,0,0,0,0,0,0,0,0,0
0,0,0,0,0,0,0,0,0,0,0,0,0,0,0,0,0,0,0,0
0,0,0,0,0,0,0,0,0,0,0,0,0,0,0,0,0,0,0,0
0,0,0,0,0,0,0,0,0,0,0,0,0,0,0,0,0,0,0,0
0,0,0,0,0,0,0,0,0,0,0,0,0,0,0,0,0,0,0,0
0,0,0,0,0,0,0,0,0,0,0,0,0,0,0,0,0,0,0,0
0,0,0,0,0,0,0,0,0,0,0,0,0,0,0,0,0,0,0,0
0,0,0,0,0,0,0,0,0,0,0,0,0,0,0,0,0,0,0,0
0,0,0,0,0,0,0,0,0,0,0,0,0,0,0,0,0,0,0,0
0,0,0,0,0,0,0,0,0,0,0,0,0,0,0,0,0,0,0,0
0,0,0,0,0,0,0,0,0,0,0,0,0,0,0,0,0,0,0,0
0,0,0,0,0,0,0,0,0,0,0,0,0,0,0,0,0,0,0,0
0,0,0,0,0,0,0,0,0,0,0,0,0,0,0,0,0,0,0,0
0,0,0,0,0,0,0,0,0,0,0,0,0,0,0,0,0,0,0,0
0,0,0,0,0,0,0,0,0,0,0,0,0,0,0,0,0,0,0,0
0,0,0,0,0,0,0,0,0,0,0,0,0,0,0,0,0,0,0,0
0,0,0,0,0,0,0,0,0,0,0,0,0,0,0,0,0,0,0,0
0,0,0,0,0,0,0,0,0,0,0,0,0,0,0,0,0,0,0,0
0,0,0,0,0,0,0,0,0,0,0,0,0,0,0,0,0,0,0,0
0,0,0,0,0,0,0,0,0,0,0,0,0,0,0,0,0,0,0,0
0,0,0,0,0,0,0,0,0,0,0,0,0,0,0,0,0,0,0,0
0,0,0,0,0,0,0,0,0,0,0,0,0,0,0,0,0,0,0,0
0,0,0,0,0,0,0,0,0,0,0,0,0,0,0,0,0,0,0,0
0,0,0,0,0,0,0,0,0,0,0,0,0,0,0,0,0,0,0,0
0,0,0,0,0,0,0,0,0,0,0,0,0,0,0,0,0,0,0,0
0,0,0,0,0,0,0,0,0,0,0,0,0,0,0,0,0,0,0,0
0,0,0,0,0,0,0,0,0,0,0,0,0,0,0,0,0,0,0,0
0,0,0,0,0,0,0,0,0,0,0,0,0,0,0,0,0,0,0,0
0,0,0,0,0,0,0,0,0,0,0,0,0,0,0,0,0,0,0,0
0,0,0,0,0,0,0,0,0,0,0,0,0,0,0,0,0,0,0,0
0,0,0,0,0,0,0,0,0,0,0,0,0,0,0,0,0,0,0,0
0,0,0,0,0,0,0,0,0,0,0,0,0,0,0,0,0,0,0,0
0,0,0,0,0,0,0,0,0,0,0,0,0,0,0,0,0,0,0,0
0,0,0,0,0,0,0,0,0,0,0,0,0,0,0,0,0,0,0,0
0,0,0,0,0,0,0,0,0,0,0,0,0,0,0,0,0,0,0,0
0,0,0,0,0,0,0,0,0,0,0,0,0,0,0,0,0,0,0,0
0,0,0,0,0,0,0,0,0,0,0,0,0,0,0,0,0,0,0,0
0,0,0,0,0,0,0,0,0,0,0,0,0,0,0,0,0,0,0,0
0,0,0,0,0,0,0,0,0,0,0,0,0,0,0,0,0,0,0,0
0,0,0,0,0,0,0,0,0,0,0,0,0,0,0,0,0,0,0,0
0,0,0,0,0,0,0,0,0,0,0,0,0,0,0,0,0,0,0,0
0,0,0,0,0,0,0,0,0,0,0,0,0,0,0,0,0,0,0,0
0,0,0,0,0,0,0,0,0,0,0,0,0,0,0,0,0,0,0,0
0,0,0,0,0,0,0,0,0,0,0,0,0,0,0,0,0,0,0,0
0,0,0,0,0,0,0,0,0,0,0,0,0,0,0,0,0,0,0,0
0,0,0,0,0,0,0,0,0,0,0,0,0,0,0,0,0,0,0,0
0,0,0,0,0,0,0,0,0,0,0,0,0,0,0,0,0,0,0,0
0,0,0,0,0,0,0,0,0,0,0,0,0,0,0,0,0,0,0,0
0,0,0,0,0,0,0,0,0,0,0,0,0,0,0,0,0,0,0,0
0,0,0,0,0,0,0,0,0,0,0,0,0,0,0,0,0,0,0,0
0,0,0,0,0,0,0,0,0,0,0,0,0,0,0,0,0,0,0,0
0,0,0,0,0,0,0,0,0,0,0,0,0,0,0,0,0,0,0,0
0,0,0,0,0,0,0,0,0,0,0,0,0,0,0,0,0,0,0,0
0,0,0,0,0,0,0,0,0,0,0,0,0,0,0,0,0,0,0,0
96
3
14
48
7
58
1
7
12
13
82
4
81
14
13
1
30
9
31
25
10
8
7
13
12
107
41
11
96
25
64
92
10
3
6
6
10
43
41
8
6
10
104
4
81
43
15
13
11
70
12
79
2
101
14
9
16
15
78
5
5
100
0
83
80
12
12
5
58
79
104
10
51
67
9
67
7
68
8
8
70
12
17
38
12
74
7
10
9
4
10
59
83
27
9
76
71
87
95
99
9
8
90
104
1
56
69
1
0
6
32
86
86
87
84
10
84
1
94
18
85
1
91
77
5
91
89
7
7
82
7
89
67
71
100
9
10
72
72
99
8
3
77
80
7
9
7
9
91
6
7
101
58
76
6
13
7
54
19
75
67
110
10
74
5
20
91
2
8
11
9
5
93
84
89
91
7
95
10
15
84
8
15
12
73
106
14
3
111
12
53
5
78
75
13
6
3
104
95
9
7
106
92
104
79
98
76
86
11
13
5
9
11
107
4
94
114
91
82
9
84
83
9
81
10
8
96
6
11
13
108
99
8
13
61
77
97
75
101
8
6
98
97
82
6
5
8
3
15
100
10
54
99
75
6
107
12
11
9
13
13
76
105
102
67
101
9
8
66
80
11
95
87
107
101
67
7
36
67
106
13
105
5
113
9
11
84
105
90
10
59
81
85
2
