6,9,36,41,31,26,3,28,10,10,0,29,24,21,22,5,2,38,6,6,54,24,9,8,5,3,7,19,5,6,3,3,3,3,23,40,2,30,4,27,4,6,6,2,19,21,32,6,1,39,3,2,3,1,6,11,9,21,6,3,7,28,24,19,3,28,29,27,5,4,28,36,5,24,12,21,39,19,7,2,29,46,8,4,17,12,2,1,5,47,24,2,29,28,1,30,31,4,3,5,3,0,4,2,29,29,2,3,24,44,3,15,26,25,5,0,7,6,25,3,14,27,28,46,6,20,5,8,30,10,24,3,33,6,8,1,5,4,23,20,32,32,4,26,1,29,4,6,5,9,40,5,3,5,2,19,5,2,5,30,34,19,27,8,39,37,23,0,5,10,3,0,30,26,7,40,5,1,23,5,29,38,5,33,24,19,35,3,32,31,17,4,5,6,28,15,33,8,30,53,7,16,6,5,36,10,9,23,4
6,6,4,5,5,7,23,5,20,2,3,13,29,20,37,23,7,23,15,1,4,5,21,5,44,5,30,6,4,2,0,29,8,6,8,50,36,0,6,30,7,3,28,2,3,3,31,1,19,7,25,5,29,3,4,19,23,5,1,4,5,27,7,24,5,7,34,2,29,7,35,4,36,3,3,0,29,20,7,29,6,29,28,37,14,14,30,2,34,20,1,33,7,4,34,21,8,0,22,1,4,1,33,57,6,7,29,28,8,12,8,18,21,21,8,2,29,25,29,2,1,16,7,11,36,6,17,41,4,38,6,6,26,27,17,5,30,3,27,32,44,0,10,39,24,2,22,26,32,23,33,5,5,34,43,21,26,4,8,7,32,8,5,28,26,2,2,25,3,18,2,5,7,21,2,3,34,11,23,12,1,33,28,3,31,5,3,19,8,31,15,16,3,26,35,8,0,1,8,37,33,5,1,37,4,8,5,10,5
27,5,17,10,6,5,3,6,34,3,3,8,45,7,27,31,1,39,6,9,20,11,24,22,22,29,2,9,1,4,23,39,13,17,10,29,4,40,24,25,4,26,4,8,25,4,18,5,5,43,0,7,30,22,1,3,0,5,1,28,1,27,24,39,3,25,8,1,5,23,6,48,31,7,32,4,5,1,0,43,26,6,32,45,0,39,9,28,30,23,3,25,4,31,33,37,6,1,31,18,47,6,5,9,9,2,23,6,1,3,24,16,34,31,33,24,6,2,19,6,4,12,5,1,17,8,25,7,34,28,0,37,2,21,28,6,4,3,2,5,6,41,4,3,0,4,5,6,3,9,7,8,3,21,3,3,10,6,30,24,2,0,32,3,10,26,4,35,27,2,7,36,23,30,2,0,7,7,5,7,3,40,5,25,6,0,40,20,39,16,20,3,4,5,3,6,31,26,14,20,22,16,39,27,18,33,6,0,29
6,22,5,5,4,20,8,4,1,15,1,7,3,48,39,7,8,18,29,37,29,3,7,6,5,10,2,1,2,7,6,5,3,5,19,24,5,24,21,36,5,21,5,5,15,0,33,17,4,4,0,15,3,4,3,3,27,3,2,33,35,6,21,5,32,5,22,3,6,20,43,1,4,22,16,4,1,1,29,39,28,25,5,26,5,6,0,32,23,25,23,14,31,3,4,36,19,32,44,29,7,5,4,6,2,24,8,26,10,34,29,42,33,42,41,3,32,3,37,26,20,32,24,4,23,46,2,48,33,22,5,22,33,30,32,31,23,4,26,0,42,2,5,2,21,27,5,17,36,46,14,4,20,3,8,29,26,10,10,7,7,7,6,36,36,6,30,7,4,22,5,4,35,5,3,6,26,32,8,18,3,30,5,39,20,28,9,6,36,53,4,1,35,12,27,19,10,7,5,1,1,34,27,2,26,21,7,20,6
21,34,32,38,27,1,3,7,5,37,3,2,0,30,29,37,3,28,18,28,7,5,0,5,4,5,8,7,37,4,26,22,31,3,31,27,5,0,32,21,38,24,5,44,2,28,5,5,8,4,28,17,4,9,5,4,23,24,34,37,52,0,28,0,17,4,19,38,4,1,0,25,3,5,31,3,22,3,4,4,33,11,1,30,5,1,6,48,6,4,49,9,29,6,38,22,5,0,2,0,7,3,30,7,4,1,7,38,25,32,3,1,7,1,37,11,19,42,2,31,5,5,29,5,7,15,42,18,8,6,29,6,39,3,6,6,34,5,4,6,4,5,5,21,2,10,2,6,5,32,2,1,4,5,29,7,7,5,15,7,6,4,27,22,0,8,1,21,34,4,3,44,7,5,5,32,24,8,17,37,2,30,0,27,9,0,35,34,24,27,4,3,39,27,30,7,39,42,34,0,22,6,3,33,3,25,4,4,1
33,8,10,32,5,28,0,5,4,4,2,10,35,2,23,8,8,5,18,8,3,27,1,3,37,33,5,2,2,37,0,2,8,19,6,12,7,3,23,35,3,27,36,32,24,6,4,24,7,35,4,23,7,4,10,2,20,6,37,32,7,3,3,0,24,41,3,3,25,7,16,20,5,28,5,4,17,29,31,5,33,8,6,36,32,3,8,4,33,30,1,31,33,20,35,2,7,3,5,1,14,2,48,6,39,2,55,29,3,5,54,9,36,7,1,5,30,3,37,2,21,7,7,6,10,37,5,23,7,12,2,7,30,42,3,27,5,2,4,6,42,30,7,3,32,7,0,30,34,5,5,7,21,7,32,4,25,6,6,35,37,7,1,30,22,34,35,6,6,8,25,20,31,9,6,17,24,3,7,11,34,25,24,36,6,39,5,6,7,20,28,28,44,30,39,3,8,9,21,33,1,1,29,35,0,7,5,54,5
15,17,1,7,5,35,34,3,29,33,6,7,0,25,7,43,2,41,5,40,52,25,5,6,5,8,3,39,5,8,47,8,6,27,36,8,1,44,5,21,37,23,50,3,37,5,23,5,7,3,34,6,4,7,34,1,7,5,3,4,3,32,27,6,26,0,40,3,5,6,4,4,29,21,5,8,36,31,4,4,35,33,37,7,6,6,2,29,7,5,2,6,7,7,5,1,2,24,6,3,6,32,3,34,44,7,31,28,28,0,1,5,27,33,7,5,30,22,39,16,0,6,31,7,7,6,4,5,2,3,5,31,4,8,36,5,4,0,33,8,6,36,6,32,1,4,3,9,13,27,2,54,41,28,4,35,3,24,7,4,6,27,36,35,31,4,3,2,20,5,2,6,5,5,28,7,37,34,29,22,32,28,27,25,0,10,6,9,4,5,41,7,3,5,7,6,34,9,5,6,3,3,2,32,7,45,3,8,0
39,39,8,16,27,17,3,47,35,36,1,6,21,28,4,4,39,13,8,0,22,12,36,2,43,5,3,49,23,39,45,7,6,34,3,7,2,4,4,40,6,41,12,5,4,4,35,4,1,43,4,2,8,3,8,37,46,28,7,4,4,19,4,15,36,14,35,7,4,6,34,2,8,25,23,4,13,40,6,4,26,3,4,5,3,24,43,7,11,30,42,31,32,17,5,22,6,13,4,23,1,35,43,36,37,27,32,28,5,6,5,5,21,5,41,25,29,26,31,36,5,4,1,5,3,8,4,7,4,8,3,37,0,31,36,6,2,5,8,26,25,23,20,29,32,33,8,17,35,26,2,7,3,7,37,27,27,4,0,31,7,5,5,38,7,19,14,37,31,5,25,18,20,1,4,6,30,21,35,6,3,4,39,1,18,3,7,4,26,36,5,7,35,37,25,11,6,43,15,9,1,15,4,33,17,34,8,16,20
27,5,35,1,5,22,2,4,1,14,3,6,2,32,3,39,33,3,7,3,2,6,9,5,8,3,34,5,6,21,11,5,27,5,42,42,26,4,3,7,8,37,3,5,2,4,3,4,6,41,4,39,50,51,7,47,8,44,27,24,3,33,28,49,0,5,4,7,4,4,1,42,6,5,23,32,40,29,7,3,1,2,1,5,8,2,8,1,5,2,29,7,4,25,6,6,5,4,0,41,3,32,7,2,30,20,5,28,6,30,36,18,19,2,2,53,2,3,27,2,2,5,49,5,31,1,58,2,7,10,2,33,4,32,14,1,32,34,1,37,26,3,8,8,4,5,23,8,10,32,40,28,5,9,30,31,42,39,31,4,3,11,6,23,7,4,43,23,4,7,6,3,18,8,19,7,27,34,33,3,3,1,46,5,3,29,7,25,35,5,3,4,4,4,8,20,31,42,21,41,47,4,18,42,39,0,5,6,46
5,4,5,4,9,25,6,4,24,6,5,42,8,37,9,1,25,12,20,5,2,2,8,32,2,3,5,7,3,42,8,33,5,31,28,40,1,7,4,2,5,4,22,24,39,0,6,47,7,5,22,26,32,8,5,27,23,25,18,1,9,17,34,34,4,7,6,4,4,30,2,5,8,3,3,24,3,25,11,40,31,5,22,4,0,41,33,2,28,8,6,26,32,27,4,33,4,7,11,4,25,3,20,31,4,37,4,12,36,17,19,3,24,31,5,22,1,1,49,14,2,41,1,30,8,34,36,6,27,6,5,38,5,17,5,11,4,16,1,3,5,2,25,17,4,4,37,5,3,3,6,35,9,19,25,42,19,27,11,2,41,1,0,6,21,4,9,2,29,6,3,3,0,17,3,5,36,21,7,6,5,4,37,38,5,24,4,3,8,3,23,4,18,33,11,41,0,2,4,5,2,10,6,35,26,7,9,21,5
5,36,39,4,7,8,9,8,8,53,5,20,6,30,3,17,3,29,2,30,2,32,9,35,6,39,21,3,10,38,39,32,6,41,33,6,31,32,34,3,23,45,6,6,31,7,2,5,1,1,0,32,3,34,7,14,4,1,36,39,4,5,3,1,5,24,4,4,0,24,4,4,46,5,34,9,5,34,3,5,3,4,0,34,3,27,34,5,1,38,3,5,3,34,6,1,31,1,3,2,0,0,4,23,2,7,2,5,5,6,4,6,6,6,1,22,7,1,7,2,45,36,13,3,26,30,34,3,3,4,5,25,41,1,3,2,6,7,3,50,3,1,22,19,39,7,6,3,3,25,27,8,41,28,20,2,1,24,5,3,27,39,4,24,29,6,7,5,2,6,8,25,25,1,3,31,36,28,2,9,9,36,39,7,23,32,6,6,3,7,5,14,30,37,5,33,4,9,6,5,38,20,33,3,44,22,1,52,6
28,4,21,26,4,2,5,26,9,25,6,15,5,18,1,7,1,4,7,32,3,3,20,8,51,6,2,8,33,20,32,31,6,5,0,11,9,31,37,6,29,29,4,42,36,3,32,33,5,35,20,37,3,3,29,3,17,38,5,38,6,5,7,5,5,9,5,9,3,4,9,34,19,37,23,5,27,20,17,30,18,38,35,4,5,6,27,2,32,2,35,29,3,36,2,3,36,20,25,24,1,28,8,18,9,3,1,4,18,3,5,5,7,43,35,2,7,28,4,24,3,8,7,4,28,36,27,32,5,6,26,12,33,47,22,2,43,33,37,25,46,5,5,21,9,30,3,3,1,8,32,6,25,4,42,14,17,29,36,38,31,6,9,3,5,31,19,24,29,29,8,42,39,3,36,5,6,0,0,21,33,1,3,5,3,5,3,3,33,2,3,7,48,38,6,7,5,33,30,22,4,24,21,7,6,23,1,43,40
42,5,26,3,26,25,22,30,14,6,26,38,9,5,5,5,8,4,33,3,4,31,4,31,12,8,2,18,6,36,30,3,30,2,16,3,6,6,6,28,3,8,5,8,18,4,4,25,21,2,19,26,4,14,36,6,36,0,5,1,35,40,6,21,7,7,7,41,8,3,1,20,41,4,13,3,26,33,33,9,1,4,30,30,3,2,25,29,3,22,27,26,2,8,32,33,16,8,7,43,2,30,4,5,34,5,28,38,6,5,6,25,4,5,0,6,25,20,23,4,5,8,0,40,22,34,27,4,7,4,11,1,28,25,35,29,7,2,33,20,28,2,7,8,1,43,53,27,29,5,3,5,1,1,24,49,43,1,37,3,30,3,7,5,31,0,8,10,19,4,5,5,32,15,6,47,5,4,35,6,8,47,33,8,1,23,22,32,27,6,30,31,23,6,7,10,32,5,7,3,4,35,7,3,4,8,4,6,37
1,48,33,9,3,2,47,5,4,7,6,0,4,30,6,16,23,3,6,7,23,4,6,6,0,9,37,19,39,16,29,34,5,5,35,3,3,18,40,2,5,16,23,36,24,4,23,7,0,2,26,9,0,28,4,7,33,4,8,38,21,2,2,1,5,0,7,6,10,3,20,6,23,39,40,3,20,28,23,3,6,36,25,4,6,33,27,3,14,40,5,33,10,16,41,4,4,2,3,6,5,42,9,10,5,2,6,54,29,7,34,0,8,35,3,35,3,43,4,4,29,27,5,12,6,42,0,6,41,3,7,3,4,8,2,23,10,10,39,32,4,30,6,29,22,34,6,38,7,12,4,38,30,3,9,4,35,5,2,4,7,37,38,28,8,30,27,5,6,7,34,7,32,27,3,5,6,7,2,0,30,6,31,4,25,35,38,19,12,20,24,7,27,6,35,6,1,10,24,30,31,15,2,28,5,5,2,26,27
23,3,28,7,25,5,3,0,26,18,3,27,2,4,6,36,39,2,8,4,3,32,37,5,40,0,25,26,6,6,1,26,7,35,17,4,17,1,20,7,2,31,1,29,4,20,10,5,2,2,39,28,21,26,37,33,40,4,20,5,22,39,3,22,31,4,39,29,2,27,26,6,20,37,18,3,36,0,9,5,1,22,28,2,7,4,4,6,6,4,36,9,0,6,6,2,4,37,20,3,21,22,2,7,4,25,5,27,20,32,3,9,2,0,44,5,3,3,16,31,25,28,4,22,25,21,4,4,6,4,22,5,6,4,5,5,10,8,30,8,1,3,5,9,4,23,40,3,36,21,18,3,27,9,10,7,34,43,24,4,5,24,42,6,44,18,25,9,30,29,32,7,5,17,1,9,19,31,37,8,27,40,8,30,3,4,0,9,3,46,6,24,5,20,22,1,24,51,3,2,36,1,6,26,35,20,27,27,32
7,5,8,6,4,25,15,3,6,5,26,9,0,5,28,23,5,26,4,2,17,9,36,45,34,35,25,4,8,5,8,30,4,30,40,3,35,27,4,23,26,4,6,26,4,4,51,29,5,0,7,4,5,4,38,49,20,6,26,8,4,22,5,7,28,10,34,8,6,6,4,3,7,37,6,4,44,33,26,8,1,3,39,18,33,25,6,7,2,7,18,6,7,30,26,3,30,41,24,31,3,27,7,5,23,40,5,30,5,8,6,6,9,4,21,6,30,5,2,5,7,3,3,21,2,28,2,3,47,0,4,27,32,38,3,27,36,28,22,5,32,5,7,6,20,1,10,10,3,20,30,33,6,0,8,4,20,2,25,23,39,38,20,29,36,33,21,6,3,4,2,37,6,3,4,4,41,6,11,33,30,38,54,4,0,45,3,43,29,40,32,26,24,18,4,39,1,4,42,4,31,0,40,4,4,4,16,1,8
16,5,32,1,28,28,4,7,40,34,2,5,4,26,2,6,37,7,5,17,0,3,5,28,0,26,38,5,22,31,0,4,3,6,25,7,25,4,2,9,4,25,5,27,35,16,31,38,32,6,5,3,3,2,45,4,34,4,4,6,10,23,40,7,4,35,2,7,3,5,22,25,35,5,24,2,36,5,23,3,5,47,8,16,4,41,7,24,36,13,6,41,0,7,6,5,0,2,26,27,31,35,2,13,2,23,24,7,30,1,1,2,3,5,21,46,24,3,1,33,27,19,5,5,3,9,4,4,41,5,8,5,4,29,9,32,4,24,3,8,26,26,14,3,1,3,26,35,30,3,7,34,14,24,4,19,2,42,1,9,4,22,3,8,4,23,23,37,31,31,28,35,1,8,0,26,6,0,3,23,32,16,2,25,7,8,3,37,33,4,14,17,12,3,2,32,5,1,32,6,7,23,7,20,3,29,4,7,7
0,8,5,5,29,4,3,38,2,2,7,5,35,30,4,6,37,2,6,31,6,2,34,5,32,5,15,6,30,23,24,1,27,7,40,23,4,5,6,7,44,5,12,8,5,23,3,2,19,0,7,7,29,5,4,5,13,2,21,24,6,26,26,5,7,3,31,34,41,4,0,2,5,8,5,7,6,27,5,0,28,6,2,3,6,2,10,8,2,2,7,5,4,7,4,25,9,4,41,38,2,5,10,16,26,6,6,3,35,7,3,44,6,33,11,5,9,24,26,5,6,4,44,9,57,21,4,0,25,31,5,3,7,39,22,4,8,0,32,19,7,28,42,34,31,45,42,36,4,7,23,49,7,39,39,43,7,7,2,32,9,1,7,14,37,27,6,27,34,29,3,0,36,6,46,5,45,45,9,24,8,4,31,0,5,42,3,36,26,39,7,4,5,15,21,7,3,5,5,5,42,41,23,6,23,12,4,38,5
0,6,6,16,2,6,0,7,33,9,26,25,1,33,18,25,3,4,7,52,5,27,28,29,7,50,2,37,2,40,1,6,3,26,9,2,5,28,4,18,5,34,4,29,35,22,23,6,25,9,33,32,5,30,7,51,29,7,25,4,5,38,5,41,3,9,19,11,12,5,2,19,24,4,20,2,36,27,2,25,2,20,2,6,7,11,42,5,38,7,29,27,20,3,1,25,31,43,4,4,11,22,5,5,7,7,16,29,27,8,6,10,0,7,1,41,29,33,9,4,7,8,29,30,6,19,25,8,26,25,2,50,2,5,7,16,20,0,8,3,5,7,23,5,25,7,35,6,28,31,0,6,29,8,28,37,44,2,28,33,20,5,0,34,5,12,37,29,0,5,36,22,19,28,5,2,25,15,24,18,0,40,7,40,5,36,2,31,8,28,7,22,13,6,39,10,5,2,0,8,24,38,24,0,0,3,5,34,4
4,7,33,1,18,27,4,4,1,3,6,37,24,6,21,17,6,2,32,30,6,3,12,23,3,5,23,5,1,34,35,7,8,8,7,0,5,30,8,26,25,13,20,4,6,6,4,33,6,3,30,29,6,5,17,3,6,37,37,28,37,2,4,28,34,37,25,3,4,38,27,33,34,55,31,6,23,7,24,43,28,4,29,35,2,23,4,28,42,28,1,40,0,7,29,5,4,2,1,30,5,20,3,28,33,2,31,18,2,7,30,5,10,16,0,8,19,4,5,4,14,2,15,7,24,0,3,8,2,18,35,7,33,30,4,22,35,4,8,17,18,22,5,35,28,8,6,9,28,6,35,3,45,4,19,30,11,2,27,0,1,40,41,2,6,24,6,2,38,20,35,37,25,3,16,33,23,3,30,34,7,0,4,30,3,9,4,33,6,29,4,9,25,27,35,1,0,4,4,8,5,20,26,6,7,36,19,0,1
1,3,14,0,23,29,30,21,9,46,3,32,29,23,6,33,38,30,46,8,4,24,31,1,0,0,30,21,29,26,2,7,10,3,19,25,29,32,3,33,7,37,24,9,22,3,1,29,34,33,4,7,35,3,1,8,26,35,3,5,9,4,38,34,27,8,2,26,20,3,5,21,27,6,6,6,44,20,7,31,30,40,24,21,10,6,36,43,33,8,7,10,27,14,30,1,17,23,26,4,1,5,6,9,37,35,2,4,29,9,18,26,3,7,31,25,5,4,22,24,1,35,5,0,5,28,4,19,3,5,7,5,26,2,6,17,1,34,18,5,20,25,27,6,63,8,1,2,43,31,3,5,38,2,5,5,9,24,39,24,9,45,1,39,2,2,7,30,5,8,3,6,3,7,18,1,5,1,6,29,3,25,6,36,3,33,5,6,5,8,2,4,4,21,29,3,18,6,25,28,1,6,14,7,3,45,5,21,28
7,25,37,38,3,4,4,10,1,11,39,17,23,28,6,33,5,4,28,30,36,31,4,32,17,4,33,28,4,18,6,46,17,7,18,22,29,22,41,15,6,31,4,4,26,0,4,16,26,29,2,37,4,28,43,6,24,28,34,37,7,0,0,6,24,17,4,3,22,22,8,35,5,1,2,31,3,24,24,25,0,3,1,7,6,32,36,8,7,12,5,29,20,8,20,3,15,31,3,5,24,17,6,6,29,36,3,4,12,7,8,34,40,2,2,1,3,32,36,3,2,4,4,3,4,35,2,29,28,6,30,1,2,23,30,4,4,4,33,25,5,22,30,18,44,4,3,5,1,16,29,2,2,33,19,35,23,4,5,38,21,42,41,23,0,7,2,2,24,6,42,7,3,30,4,6,5,6,33,4,3,4,4,31,5,5,0,4,4,44,7,4,1,3,4,21,2,26,6,42,42,5,3,32,20,50,3,6,29
5,5,7,30,5,1,25,18,7,30,3,39,3,3,0,5,21,4,4,32,35,6,12,4,45,13,40,29,21,10,3,8,1,43,37,25,24,49,29,1,27,20,8,9,4,2,3,4,1,0,20,8,5,33,26,33,6,9,30,1,4,15,2,4,9,15,38,5,37,1,24,5,5,31,3,4,5,6,7,36,6,2,5,6,20,34,4,10,5,6,5,4,6,22,17,23,4,7,16,29,11,0,40,21,6,1,33,35,27,3,25,26,7,5,35,35,35,17,25,20,37,28,28,27,6,32,6,10,10,25,4,24,28,7,5,23,4,12,4,31,5,20,8,5,22,0,32,6,4,22,32,24,30,3,21,28,24,10,3,34,6,20,32,4,5,40,41,35,38,19,29,37,6,8,6,30,7,22,29,30,25,30,41,20,31,35,2,3,5,1,22,3,43,9,7,19,5,4,26,21,1,29,20,33,29,9,7,2,8
22,37,26,49,2,5,8,3,31,6,6,29,34,22,35,10,45,26,3,6,33,2,5,35,19,28,0,6,27,6,6,5,19,8,28,37,0,16,6,25,30,3,3,10,36,3,3,38,3,0,54,5,30,24,3,0,12,6,4,20,3,25,3,30,5,3,37,23,3,0,35,5,2,23,29,5,1,32,19,28,7,5,26,24,38,4,10,7,7,17,5,1,30,3,42,32,1,5,5,33,3,31,8,0,5,26,7,4,3,31,32,6,32,6,6,6,24,3,4,5,34,5,35,4,24,6,4,8,32,37,4,32,7,3,39,27,4,39,2,32,28,27,48,26,21,5,25,2,31,16,5,10,4,2,9,19,17,5,21,5,26,26,28,9,4,16,26,21,42,30,4,39,2,22,0,19,31,23,6,8,6,43,4,7,3,35,40,27,7,43,38,4,20,32,10,4,21,3,1,23,8,22,31,38,4,0,27,26,3
50,33,3,30,16,20,5,1,28,28,8,20,4,5,18,6,12,4,5,27,11,9,24,20,1,28,32,32,4,0,35,35,5,46,26,31,24,37,35,24,4,5,2,7,25,37,4,24,9,21,19,5,5,27,38,5,38,17,4,37,26,5,26,5,21,3,7,1,16,18,7,26,32,42,8,4,6,3,5,35,34,6,5,35,13,0,6,3,1,11,34,2,6,31,4,29,2,4,18,2,26,2,6,3,4,2,3,15,10,7,19,5,1,6,37,1,13,42,3,8,41,0,37,4,33,4,1,5,2,4,27,47,22,33,41,8,2,31,3,23,22,19,7,21,3,8,25,9,12,7,10,35,26,17,28,1,20,25,46,41,27,3,7,26,1,1,3,5,6,33,21,5,37,6,0,3,35,1,5,23,7,23,7,6,3,5,4,8,3,2,2,31,42,41,7,29,4,24,28,38,37,45,5,29,43,5,4,7,35
19,31,3,26,23,5,1,0,3,30,23,1,3,2,7,35,5,3,37,31,0,19,22,21,6,25,2,44,26,5,26,37,19,9,27,5,36,5,2,4,31,21,29,24,3,18,33,33,16,25,4,9,6,7,29,36,36,35,36,11,1,7,4,5,5,0,6,7,8,4,21,4,19,23,16,9,24,15,4,36,5,24,3,6,29,3,2,1,28,0,23,13,24,31,30,37,3,3,1,36,10,5,25,26,20,4,32,2,23,4,3,32,0,5,2,27,28,26,2,10,7,34,3,6,27,21,32,5,6,3,7,35,28,36,6,7,34,47,7,5,8,5,7,3,0,6,9,2,8,1,27,2,27,0,17,51,35,40,4,7,4,22,10,37,15,20,1,5,23,5,38,5,6,37,2,36,16,18,5,24,35,26,3,14,0,32,25,27,27,8,35,5,1,0,5,21,6,6,2,15,35,35,20,33,6,4,6,36,18
4,32,15,5,8,6,5,29,31,7,4,4,29,29,3,3,40,5,23,6,1,17,24,23,6,33,0,2,28,23,29,29,6,46,33,2,25,0,34,6,2,33,22,4,1,3,29,0,19,6,7,2,28,4,3,40,23,6,2,4,28,24,30,24,0,18,30,0,5,4,4,3,4,40,9,5,18,26,7,7,32,43,0,6,27,34,1,3,28,3,28,40,40,25,31,17,4,8,34,26,0,3,4,0,4,0,1,10,6,2,10,9,44,3,3,0,26,10,4,6,28,33,23,23,7,30,11,7,35,6,31,7,6,4,1,1,11,20,38,28,23,38,8,38,18,2,5,24,7,27,30,1,4,25,8,34,0,5,4,21,2,2,24,27,4,33,32,5,6,29,5,11,7,34,22,11,17,4,5,29,34,0,6,3,1,49,7,28,5,5,40,2,4,3,24,4,36,24,25,36,20,4,24,29,33,9,2,15,33
7,34,30,7,9,4,24,24,28,3,6,23,2,3,44,29,11,2,5,22,1,4,5,34,8,2,31,31,2,6,24,21,46,36,25,31,35,26,37,31,11,38,32,5,44,5,32,15,31,2,3,42,47,10,27,41,29,11,3,2,7,28,36,32,19,32,5,6,4,32,7,3,22,2,23,39,3,3,42,16,3,3,5,5,22,1,2,42,22,20,3,7,21,5,46,5,2,23,5,33,2,7,27,6,32,26,41,33,5,5,32,31,6,26,28,5,3,23,38,2,27,23,3,6,7,6,29,19,21,7,20,3,30,7,27,6,26,0,7,8,26,5,26,44,34,27,4,20,23,14,5,29,32,25,8,24,34,5,2,4,5,36,38,3,3,19,3,7,21,3,7,3,24,2,5,42,0,4,4,15,33,1,2,0,33,28,26,8,6,1,29,7,33,30,26,26,14,30,21,52,30,0,22,7,28,23,33,26,21
26,4,7,25,40,4,34,36,3,21,32,21,3,45,3,22,4,19,25,31,1,29,27,0,30,25,6,5,7,6,9,5,7,10,15,2,39,50,2,29,4,5,2,3,31,15,4,5,26,7,58,2,3,3,16,4,2,22,27,4,2,12,8,20,41,6,35,35,6,41,4,21,4,11,3,32,37,8,11,5,23,8,19,10,27,6,36,20,26,4,18,4,7,0,9,2,8,3,5,41,31,6,7,28,4,2,39,8,40,18,3,22,7,6,5,5,0,6,2,5,4,5,23,2,31,30,2,33,20,11,27,29,24,0,5,29,41,0,31,29,2,3,28,3,3,24,41,16,36,2,4,1,3,27,9,4,4,26,18,43,6,31,0,7,39,20,4,8,4,4,40,8,4,8,34,7,23,28,11,30,6,45,6,18,2,23,38,35,1,38,41,28,43,24,5,1,38,31,27,4,28,4,2,31,27,37,0,3,23
37,4,4,7,31,32,4,33,22,33,3,25,39,5,29,4,3,19,5,36,2,32,33,22,2,2,4,1,0,21,10,10,35,35,18,25,21,6,29,30,40,3,2,6,25,17,2,14,32,14,40,39,5,22,11,5,8,8,7,5,35,32,7,5,7,38,4,35,6,2,3,16,30,19,28,5,27,5,43,6,36,8,17,6,4,32,34,0,19,10,39,26,18,2,0,20,6,36,12,39,6,27,24,2,6,13,39,1,1,36,40,5,6,4,9,6,30,5,8,3,4,30,30,4,3,38,2,32,41,30,33,7,0,1,17,4,23,30,3,30,4,26,2,37,36,27,4,6,6,3,4,8,25,3,5,0,4,35,6,10,29,36,8,1,7,11,26,21,28,36,4,33,1,4,2,32,3,23,3,9,7,28,5,3,4,36,8,39,8,0,31,24,4,3,39,24,20,35,32,28,4,22,35,2,32,17,13,22,33
32,2,8,10,4,13,3,4,4,34,33,39,2,13,38,30,26,4,23,36,28,3,4,30,9,1,1,7,3,40,4,7,9,21,23,0,25,5,35,39,7,42,4,12,28,26,4,31,16,7,4,4,4,4,41,26,3,6,7,3,35,6,5,28,5,8,2,3,5,4,8,11,6,3,20,2,31,2,6,2,4,7,2,21,22,1,6,4,8,4,3,38,5,8,18,2,27,5,42,33,28,31,14,23,8,6,6,31,6,16,7,3,6,4,16,3,20,4,18,19,27,6,2,3,3,42,19,33,30,4,4,7,1,5,37,8,33,4,4,2,2,35,4,4,30,8,6,37,4,5,8,7,2,29,1,22,22,30,21,6,27,4,6,39,6,6,4,11,29,24,20,16,0,21,5,4,25,16,38,38,2,15,60,34,1,23,29,19,5,37,33,3,31,10,25,4,29,14,25,35,33,4,4,35,4,7,28,3,3
38,0,48,4,7,7,5,5,41,34,6,2,28,2,6,2,27,0,3,21,0,18,6,29,4,31,10,36,4,6,6,27,26,3,4,31,4,8,10,0,4,30,8,8,3,28,34,41,2,7,8,29,4,35,6,31,4,7,5,2,1,9,34,4,3,17,5,3,39,28,5,8,7,13,34,0,8,31,4,36,3,41,3,2,31,23,17,4,3,26,0,0,6,24,7,6,2,27,4,23,5,23,33,6,4,3,6,3,6,21,3,4,19,40,24,22,4,8,5,8,33,6,6,26,32,1,30,3,34,35,6,27,22,7,34,43,54,4,4,5,20,31,28,28,34,2,39,6,29,5,6,26,5,6,20,33,21,5,20,6,8,28,45,10,29,6,4,35,4,6,29,19,20,5,35,1,1,22,8,33,21,20,32,7,5,30,3,14,0,35,6,30,6,44,5,7,3,34,45,7,27,6,5,39,30,36,25,25,48
33,4,5,37,4,26,27,7,29,8,36,6,31,42,33,3,37,29,2,30,31,6,25,5,2,9,7,34,7,36,16,25,4,1,5,35,1,27,7,8,6,8,42,8,0,4,4,22,41,31,27,6,4,4,4,1,7,8,7,7,7,20,26,27,0,18,6,33,39,6,34,24,28,36,30,5,34,8,4,2,33,7,26,23,32,9,1,28,4,3,4,5,2,35,4,29,35,28,4,3,6,5,3,9,32,4,26,29,31,30,6,6,5,25,27,8,36,17,1,25,24,1,0,7,33,21,9,24,32,3,6,7,7,0,4,3,3,7,6,4,25,1,5,7,37,3,6,30,28,44,3,38,10,41,3,28,32,1,30,3,1,3,35,3,47,45,2,37,27,6,34,3,7,0,2,6,8,5,6,5,21,5,33,5,6,2,24,1,6,3,7,7,31,2,3,28,5,1,31,29,3,21,4,2,36,32,5,5,24
45,36,5,14,38,12,3,30,4,4,12,34,5,27,4,7,7,2,1,31,22,0,24,35,6,2,1,7,4,8,33,22,4,5,41,17,27,15,27,5,26,3,5,34,2,9,33,5,4,34,22,40,6,36,9,30,17,28,8,26,9,21,16,2,0,2,3,19,29,4,1,2,7,7,10,7,6,8,28,9,23,6,23,38,10,38,3,7,6,25,27,40,11,16,40,22,41,10,3,3,8,5,6,30,16,7,1,5,23,3,32,4,20,3,2,4,4,7,25,2,6,28,5,4,23,24,4,6,4,4,2,5,13,0,25,11,1,34,3,1,41,36,5,3,27,27,41,33,5,3,6,29,7,2,7,21,3,49,8,31,1,12,22,3,30,1,31,2,5,4,18,1,7,3,20,37,27,6,6,32,32,27,5,9,30,14,33,18,31,34,25,6,25,1,7,31,9,42,25,2,4,3,6,51,5,16,5,3,26
16,10,4,27,37,27,40,2,32,38,2,32,1,5,25,25,26,25,6,7,4,33,8,2,7,24,23,5,7,1,24,27,48,7,24,34,4,6,6,15,44,16,8,4,4,6,4,6,33,28,39,2,3,5,3,4,7,16,41,18,3,5,6,39,49,33,1,32,36,5,3,38,2,31,32,4,6,20,2,3,1,22,30,7,34,2,5,4,22,4,5,4,31,3,5,29,33,2,3,32,1,1,6,8,38,8,31,3,2,2,6,10,3,1,6,4,3,6,24,35,2,36,7,32,9,22,5,3,3,25,3,3,3,1,5,0,3,39,26,6,4,18,2,5,4,28,8,7,8,6,2,12,21,0,30,11,32,21,35,6,3,0,24,39,7,0,40,5,42,3,3,4,7,1,5,34,14,30,0,7,32,6,30,27,31,32,40,3,6,0,0,1,7,0,8,18,3,3,5,0,14,5,8,33,40,35,44,39,6
54,3,11,2,37,3,5,6,4,28,23,36,4,5,0,5,46,25,37,5,25,3,2,32,23,1,10,4,22,27,32,7,4,6,35,21,7,3,6,4,24,27,1,25,4,10,3,11,4,5,27,4,38,47,29,4,6,31,2,33,6,6,6,3,5,3,35,4,6,20,1,9,13,19,29,0,34,45,31,33,14,13,28,5,2,5,41,6,6,5,6,26,24,18,1,19,4,5,34,26,5,13,0,36,6,41,20,5,5,2,41,4,25,26,30,31,4,32,4,38,6,29,6,7,2,25,1,4,10,4,9,34,16,3,32,6,0,41,6,6,4,6,4,3,2,28,2,5,16,31,30,31,40,4,9,31,29,24,4,15,25,1,19,14,8,3,31,34,6,6,3,25,7,11,22,37,29,18,43,4,6,7,29,26,4,7,26,6,25,6,5,26,34,25,36,7,3,31,7,19,4,32,5,4,34,35,26,5,3
33,20,34,31,36,21,5,22,22,9,6,3,5,7,30,41,7,4,5,29,33,37,29,33,6,33,5,4,6,21,39,2,1,39,29,35,30,17,6,6,3,3,7,7,13,26,4,23,18,23,39,5,3,41,4,37,6,3,46,6,3,4,7,6,26,15,4,45,27,4,6,19,5,7,8,42,22,1,2,4,40,37,26,4,2,2,11,32,2,7,6,0,4,4,40,6,30,6,7,26,4,33,7,25,2,25,20,32,24,6,9,5,3,1,4,25,7,41,29,1,5,5,5,23,1,7,3,3,30,4,2,20,4,5,2,20,4,5,31,5,5,19,47,26,29,20,7,4,38,33,5,2,9,1,6,3,6,20,32,9,27,5,4,19,8,34,5,4,14,6,4,30,30,38,40,20,24,30,29,4,4,4,3,35,9,5,3,23,21,6,7,31,25,37,4,27,30,35,4,6,6,4,30,3,42,4,4,44,5
0,39,5,3,26,16,4,3,27,3,4,4,36,29,18,31,45,29,6,14,4,7,31,4,7,34,7,6,5,3,52,33,4,6,23,8,35,0,28,30,11,29,45,25,27,46,3,7,1,52,27,6,36,0,0,26,2,6,25,6,7,9,6,7,25,5,38,30,8,36,20,5,8,4,17,4,3,27,23,2,31,3,7,5,34,4,34,32,5,0,5,24,20,10,9,2,4,8,35,4,3,6,31,6,43,6,4,19,32,5,10,5,4,1,2,6,8,8,6,29,5,26,24,29,26,3,16,2,16,26,3,6,4,2,38,38,0,4,22,33,6,29,5,7,6,5,35,28,2,1,2,5,4,31,6,19,4,31,1,10,27,27,8,22,2,8,23,4,0,7,2,27,26,8,15,4,8,22,5,4,20,1,6,27,3,5,3,3,6,29,28,6,5,5,5,8,33,41,33,5,7,37,19,26,22,17,19,6,40
5,31,24,6,21,47,26,37,3,6,5,7,3,7,25,0,5,28,32,4,18,3,30,27,7,7,7,7,4,3,25,32,9,4,6,6,5,56,24,5,0,13,6,5,25,63,9,22,31,30,24,29,6,20,40,45,3,0,35,4,9,38,6,21,9,31,30,6,3,5,21,51,5,2,30,19,33,28,6,9,2,6,8,3,3,6,1,5,0,7,2,10,6,6,5,46,5,47,36,3,31,30,4,1,4,27,5,4,43,3,8,16,38,28,34,3,1,37,23,5,13,1,5,18,25,32,23,5,4,4,27,32,9,15,43,5,5,5,4,39,7,3,5,7,1,23,28,0,9,4,9,8,1,19,12,34,30,8,2,17,5,4,6,1,22,11,37,4,6,18,7,33,5,7,6,3,41,33,0,5,8,2,19,10,4,2,1,23,7,43,1,2,36,4,24,14,38,14,25,39,1,40,1,3,28,9,3,7,7
5,5,31,29,6,35,5,5,3,13,9,7,36,8,8,1,11,25,4,29,4,2,44,7,7,25,39,15,30,2,6,8,1,35,8,21,34,22,1,24,4,45,21,46,1,24,27,1,2,37,35,3,38,4,6,36,44,4,4,1,34,3,8,2,3,2,2,8,1,29,3,3,11,35,22,5,36,2,6,4,6,3,24,25,22,10,16,5,37,6,23,49,2,34,8,3,53,6,5,4,23,4,10,35,45,4,2,32,30,19,37,4,32,3,4,4,2,39,32,3,25,1,8,27,1,7,3,5,20,1,27,4,32,30,3,30,20,6,31,7,3,4,2,1,3,30,3,4,14,4,5,39,24,8,16,25,26,3,27,11,21,8,20,41,5,35,3,15,43,35,20,0,5,28,3,3,24,15,21,4,6,23,28,2,26,39,25,23,3,9,9,3,6,3,6,41,24,24,27,7,29,0,33,5,32,5,5,8,37
31,1,3,32,4,27,3,6,2,25,7,1,20,30,32,26,5,28,30,5,8,8,37,30,8,27,20,4,1,13,6,6,29,31,25,17,2,39,7,6,5,2,27,36,22,2,31,3,26,36,9,10,6,4,20,30,6,31,2,5,0,2,1,6,34,1,2,28,1,37,42,10,39,4,4,8,7,5,47,31,4,33,4,17,7,20,44,31,32,8,34,27,1,2,33,20,4,26,6,5,21,22,29,6,41,4,31,40,6,2,30,5,5,9,7,38,33,36,2,4,29,5,21,9,4,32,45,7,35,3,39,35,27,42,3,42,1,3,4,17,4,3,32,49,30,19,34,0,4,35,8,30,4,41,27,5,5,23,28,31,11,8,9,3,31,30,23,6,5,8,3,29,9,0,6,2,2,6,4,31,3,5,5,8,7,17,33,4,5,9,28,2,22,10,3,6,47,16,2,3,39,30,4,28,37,34,30,5,29
29,26,25,4,2,25,28,35,49,5,1,31,34,2,44,30,3,34,8,20,0,8,5,22,40,3,4,5,12,8,4,9,0,43,16,22,6,4,5,31,30,3,26,36,2,22,20,8,28,8,34,29,1,7,0,30,23,21,6,1,5,5,38,32,19,5,3,0,7,6,21,44,4,6,33,5,27,27,16,26,4,3,18,6,29,6,3,30,36,2,6,1,23,0,3,4,5,2,4,5,6,30,6,3,0,8,1,4,42,24,30,7,8,8,4,27,29,9,44,6,29,30,41,3,37,37,46,31,8,19,6,30,38,36,9,19,34,9,5,0,6,30,41,23,0,37,4,6,7,33,30,1,9,5,0,40,4,6,3,5,27,2,30,8,27,3,26,6,5,4,4,21,22,35,3,2,1,8,4,25,24,2,2,9,2,2,35,26,6,4,5,21,28,2,8,12,4,6,2,39,17,26,36,8,31,42,4,18,13
14,11,5,3,9,5,5,14,29,34,38,28,25,31,3,34,1,5,7,28,2,22,1,7,4,27,8,8,5,4,21,25,36,3,6,40,4,2,5,27,22,5,6,7,2,2,39,6,35,5,3,24,26,5,3,31,4,1,45,36,40,17,2,5,7,8,15,4,42,3,4,3,22,4,10,35,26,20,6,5,6,46,7,4,4,0,49,1,28,0,30,8,6,6,3,7,48,3,6,9,5,27,36,0,30,26,7,8,36,40,34,26,10,6,5,3,7,4,6,10,28,0,21,24,2,37,2,5,3,4,6,7,4,1,29,28,17,4,4,6,0,40,0,1,32,4,39,7,3,3,20,34,46,32,6,6,6,5,5,0,4,6,0,5,18,32,5,15,0,4,2,8,33,7,46,30,6,37,1,32,4,0,22,34,35,9,5,43,27,4,25,9,6,4,46,1,6,6,5,29,24,1,6,31,26,3,32,26,31
9,22,4,27,5,9,21,36,3,3,2,26,29,47,28,32,38,4,25,37,6,5,7,30,17,10,7,28,3,3,7,5,27,6,5,39,3,34,5,7,4,31,17,8,33,33,38,7,2,38,5,5,5,36,18,6,30,33,8,4,6,29,39,3,3,22,3,5,36,27,3,33,7,26,33,24,3,27,6,35,5,6,30,28,44,11,6,4,31,22,5,8,9,1,35,34,27,2,7,1,33,6,28,5,4,4,44,33,34,3,1,36,7,9,29,6,4,19,31,3,4,0,7,0,19,2,24,23,56,22,5,10,31,14,31,1,36,2,5,1,24,35,4,4,25,26,2,10,26,32,1,54,4,1,35,9,7,23,19,7,29,7,28,22,17,21,4,30,4,4,3,6,20,23,8,37,8,28,35,36,0,3,31,28,41,26,18,13,4,36,26,2,21,8,2,4,22,0,3,4,5,19,6,4,44,31,32,2,7
33,24,30,5,0,8,17,5,3,17,44,5,45,4,30,8,8,34,3,9,8,28,24,33,8,3,39,38,29,35,0,3,6,8,7,3,28,24,17,5,6,33,31,28,0,32,4,12,3,24,3,3,10,6,3,30,4,6,38,4,0,22,19,26,4,4,3,7,4,0,29,4,29,40,4,22,29,43,6,34,0,37,18,3,9,15,30,29,34,5,19,2,25,30,0,8,18,5,19,5,40,1,6,35,21,25,0,31,30,36,1,4,32,30,3,8,26,48,3,19,2,1,31,25,9,4,0,37,5,24,6,27,16,33,31,31,32,5,31,8,3,5,2,28,33,6,43,1,6,17,2,4,0,34,26,29,7,47,35,24,31,2,16,28,3,7,24,3,28,5,4,26,0,28,2,15,29,30,40,6,31,29,30,6,0,4,4,6,3,25,2,21,18,4,17,8,5,6,4,23,3,24,5,5,0,7,5,3,31
3,5,5,21,29,13,6,50,4,39,4,4,4,4,4,4,2,27,5,4,1,26,6,9,41,32,1,27,39,6,4,36,22,21,1,18,9,31,8,27,26,5,4,6,6,4,19,23,8,2,26,5,26,32,7,7,8,1,28,9,19,4,33,9,14,7,0,29,31,5,2,4,26,24,38,15,29,34,5,29,32,1,11,34,4,2,28,7,26,25,11,7,2,0,7,8,27,7,21,10,12,5,17,15,22,23,32,6,27,6,3,6,26,34,4,2,4,3,11,26,6,4,5,1,7,50,24,5,31,5,33,25,25,4,4,7,18,5,4,2,3,29,26,4,4,35,1,34,2,6,28,4,3,5,4,6,2,6,33,6,36,4,5,21,31,35,44,6,18,4,7,25,0,8,5,6,25,8,4,50,23,30,30,5,5,7,5,4,23,9,3,6,6,0,29,3,37,22,3,44,33,4,2,5,5,25,2,26,44
8,17,7,37,1,5,31,5,4,2,5,24,23,24,5,6,29,17,6,35,27,31,36,4,37,12,6,26,16,6,4,7,27,25,26,16,3,4,5,4,21,29,2,9,19,5,0,5,44,4,7,32,2,3,0,46,39,2,21,1,5,27,33,4,40,8,19,46,34,3,5,28,2,0,8,18,12,1,4,19,0,6,7,7,36,39,5,4,6,5,3,8,20,5,31,2,4,7,1,3,20,5,33,4,4,24,35,33,40,27,29,4,29,18,3,3,7,16,30,19,38,29,5,19,2,7,42,4,4,4,7,1,0,3,2,23,36,18,21,7,3,1,38,3,30,34,47,30,23,6,27,8,1,6,5,5,30,6,27,4,19,21,4,42,6,24,39,6,38,36,4,2,2,19,14,29,5,6,7,2,3,36,5,9,6,2,5,32,2,28,42,3,25,1,35,0,37,3,8,33,23,6,35,19,3,7,30,5,42
3,6,4,13,8,34,3,21,6,2,34,4,25,23,5,26,26,7,28,21,3,1,30,32,19,5,38,24,0,6,15,3,3,38,8,2,29,40,41,29,3,32,0,0,0,26,7,12,5,19,1,16,35,27,6,6,20,10,31,27,9,26,3,26,7,6,14,6,29,27,9,16,6,5,27,27,25,9,15,2,39,15,41,9,20,6,4,6,23,3,22,38,10,24,5,26,9,6,35,6,27,7,36,22,21,26,6,1,12,37,0,16,26,24,32,8,5,0,36,38,3,7,10,6,5,19,33,27,23,35,37,0,30,20,7,5,16,47,28,13,31,6,34,36,22,42,5,1,34,23,19,8,7,8,7,17,4,29,5,0,7,7,4,20,4,23,31,23,6,40,4,2,39,1,12,31,1,27,2,3,30,15,2,28,8,4,22,4,0,18,25,35,1,11,33,7,30,37,21,6,16,27,5,31,4,22,4,8,27
24,24,3,5,3,49,20,4,7,32,28,3,8,26,5,21,22,3,3,2,19,3,25,10,24,33,5,5,2,3,7,31,6,31,23,40,23,29,20,22,6,25,3,4,24,9,5,23,7,43,14,6,23,2,31,3,38,7,39,5,14,33,30,26,6,3,2,19,5,18,31,3,31,21,3,37,2,4,17,37,29,29,3,3,7,4,0,7,4,27,5,3,39,5,6,27,22,25,29,27,25,30,4,20,25,23,32,22,6,2,2,4,28,5,6,23,5,2,48,40,2,5,22,5,7,2,13,0,22,10,8,26,1,25,27,6,6,27,36,6,3,33,4,4,29,1,1,39,8,5,4,32,6,8,35,3,30,27,36,21,46,7,35,22,2,7,17,7,9,3,6,16,29,22,3,2,8,18,5,7,39,29,3,28,6,26,28,2,6,0,22,2,5,24,27,27,7,24,4,40,3,33,54,31,24,6,5,30,22
32,2,6,3,39,0,34,1,7,25,26,3,3,12,31,4,7,6,4,5,19,22,27,2,4,33,6,41,5,5,6,34,28,19,6,23,9,0,26,9,5,11,1,7,3,20,3,5,6,2,34,1,38,3,18,28,3,4,7,37,35,3,6,21,24,39,33,5,7,3,24,28,7,31,1,37,29,14,4,7,34,6,2,4,48,1,32,17,32,33,5,5,21,28,11,10,24,26,2,7,4,5,21,6,0,10,4,20,7,30,6,4,9,6,45,3,26,26,2,5,6,6,8,22,5,4,30,23,3,21,8,5,9,9,5,11,20,5,4,8,23,0,31,34,3,1,25,22,6,24,26,15,6,11,5,8,19,28,6,7,7,0,32,2,37,37,4,26,26,29,33,25,26,25,17,20,36,36,5,4,6,37,44,36,26,3,6,4,2,23,5,36,25,33,6,40,5,8,48,0,28,6,30,5,6,8,21,1,5
5,6,2,5,36,33,19,42,25,4,24,4,33,32,34,0,6,29,5,25,6,27,1,21,4,6,41,1,23,5,28,4,27,33,32,2,0,5,34,18,5,7,5,50,40,26,22,4,41,33,5,4,28,4,3,7,2,2,46,22,27,5,6,9,6,10,3,5,4,41,33,0,38,20,4,3,5,3,4,36,27,27,30,3,2,15,5,9,9,28,2,10,5,7,26,4,8,37,5,2,28,3,8,7,3,43,34,32,3,6,8,0,28,6,31,36,14,36,5,42,4,41,12,19,9,6,32,26,20,36,2,30,1,2,5,7,0,5,3,25,5,7,38,32,19,4,3,31,7,8,4,34,7,27,7,33,31,6,31,8,1,3,6,2,22,35,37,43,24,21,6,3,4,5,20,3,23,0,39,10,26,0,2,28,31,6,20,3,8,3,3,27,5,44,1,44,34,0,6,5,27,6,27,27,3,37,28,6,47
3,0,23,43,28,2,4,9,2,5,27,36,9,19,8,3,2,4,35,20,1,3,52,7,6,6,2,41,28,6,31,2,13,6,4,6,3,8,7,19,4,4,20,28,26,31,2,33,5,29,28,4,5,26,41,37,0,25,46,35,1,9,4,5,19,20,2,1,3,5,5,30,8,30,28,37,5,6,41,20,29,1,5,36,4,29,8,22,15,9,35,10,6,5,42,3,1,2,40,6,32,26,28,40,1,34,36,3,5,6,25,4,2,23,25,5,8,22,41,6,5,20,46,22,6,3,34,0,7,7,14,4,21,30,4,5,6,13,6,5,7,36,37,45,2,7,3,2,33,2,38,35,2,7,23,35,2,6,2,3,5,37,22,9,7,20,19,11,26,23,4,35,2,22,8,8,24,6,7,5,19,17,28,4,41,7,33,27,4,8,5,31,29,8,31,1,10,2,35,13,45,31,23,19,4,33,3,4,31
10,3,24,5,8,3,20,4,40,26,6,25,14,18,17,17,1,24,7,5,5,45,32,24,38,6,3,4,3,5,7,23,25,6,37,6,16,2,23,32,5,4,2,19,5,6,31,1,13,1,38,2,19,23,34,38,21,29,44,5,29,23,0,28,1,7,47,6,8,8,0,11,3,3,3,26,0,10,7,6,37,5,4,34,1,5,24,3,20,6,3,19,22,29,26,32,13,8,6,15,31,0,8,31,33,4,3,4,3,26,30,7,6,21,0,7,6,5,7,36,22,5,37,7,41,25,4,8,35,9,7,35,24,22,9,6,10,11,19,40,3,7,7,28,36,24,4,27,4,4,1,10,4,3,41,6,0,3,1,22,7,2,7,3,1,5,4,25,24,21,7,41,32,37,7,2,5,24,0,31,6,5,18,23,37,39,4,3,6,23,0,10,8,36,35,27,1,23,22,3,1,32,2,47,34,26,6,8,6
44,9,14,24,4,1,7,30,26,4,4,24,18,30,5,33,10,23,3,25,38,35,4,8,29,2,5,9,4,2,3,5,7,7,5,50,8,3,8,1,6,9,4,17,32,22,3,18,7,0,2,41,17,23,33,7,8,3,8,19,31,6,17,20,8,24,4,25,4,2,37,27,1,1,3,31,2,4,24,3,46,18,31,39,29,20,38,5,29,4,8,11,16,27,4,5,8,5,29,27,21,26,28,44,5,8,39,28,5,18,8,45,1,10,1,6,10,4,7,2,35,1,3,45,18,29,5,4,3,2,28,5,7,47,5,17,29,30,7,45,25,29,4,34,28,4,4,4,1,2,10,33,2,26,2,8,18,5,29,6,6,20,1,0,3,9,44,7,5,29,37,0,35,39,4,6,7,8,5,10,3,25,5,20,35,31,3,6,17,37,6,22,3,17,6,2,4,7,21,24,26,18,48,18,13,4,6,0,33
6,40,5,3,21,27,4,4,8,24,5,31,5,7,8,7,6,23,8,27,3,39,6,27,29,7,1,4,1,6,2,10,38,33,45,3,2,2,36,4,6,7,7,5,31,7,5,33,2,33,5,30,9,24,32,6,16,6,40,1,8,39,8,28,6,1,24,23,18,25,5,7,30,25,29,39,3,41,48,31,20,11,5,5,27,33,15,2,2,24,5,0,1,29,18,28,4,0,5,4,4,51,1,28,28,43,0,27,5,6,23,6,29,3,24,14,2,32,35,3,9,43,7,28,7,7,1,8,2,3,3,7,2,7,21,18,6,31,26,3,8,29,31,29,1,7,8,8,4,5,35,29,8,2,20,33,1,3,25,4,3,8,3,2,21,3,35,42,13,4,7,24,31,2,6,25,14,5,22,15,2,7,26,6,31,20,21,21,6,7,22,8,6,6,9,6,1,32,38,4,24,42,6,34,3,26,36,4,5
2,38,4,4,24,3,35,3,47,7,0,8,6,39,14,4,50,33,28,0,30,11,27,6,38,4,31,35,7,41,3,21,20,2,5,5,3,31,4,20,4,6,22,5,11,11,6,29,1,41,6,5,2,4,7,5,27,2,7,6,4,1,7,20,2,2,3,6,24,1,4,10,33,7,31,0,6,1,32,3,8,4,0,11,30,27,28,5,5,6,24,24,22,30,0,33,39,33,4,18,38,13,36,7,39,31,37,26,25,31,28,12,27,29,36,1,34,30,35,3,4,27,1,34,39,39,13,42,2,6,9,1,29,6,5,3,23,2,2,5,3,26,1,3,48,38,5,3,1,6,50,4,9,1,36,0,0,6,21,7,11,8,7,21,3,6,23,8,28,6,3,5,21,26,6,26,28,4,38,31,4,4,3,1,28,2,43,24,3,3,9,20,11,4,3,2,27,3,3,4,4,6,18,18,9,6,5,4,42
40,5,4,2,39,22,14,38,4,38,4,2,6,5,2,18,1,19,36,8,3,7,4,1,33,0,34,19,3,11,32,5,6,28,7,3,5,8,29,3,6,8,5,3,28,30,28,21,4,2,6,17,17,6,6,22,25,3,1,6,22,8,29,29,6,25,4,6,33,32,4,5,1,7,0,8,22,33,20,38,6,1,40,2,6,5,6,28,40,3,37,1,35,30,35,1,21,5,22,28,44,4,1,2,18,4,2,2,21,0,37,21,6,28,14,18,1,24,8,37,7,3,3,43,54,2,20,34,43,1,27,7,7,5,8,5,4,7,4,1,2,52,3,3,3,11,36,7,4,6,5,34,5,5,0,3,7,21,9,6,24,5,1,5,7,23,3,30,37,32,26,27,7,16,3,33,26,4,37,20,8,4,38,36,34,27,7,29,3,41,5,27,39,20,4,3,2,1,27,26,5,6,36,34,3,1,3,0,4
24,39,22,7,28,6,7,5,5,7,5,36,3,36,5,9,9,7,8,2,26,29,27,3,5,4,5,37,27,27,37,5,39,24,35,21,39,21,25,27,7,5,9,5,8,2,2,32,7,21,6,29,4,8,17,47,4,42,23,27,24,2,9,26,36,3,41,35,22,16,39,34,6,1,6,5,5,2,3,3,5,10,31,27,3,4,33,2,29,34,8,4,6,35,6,23,8,7,5,5,5,2,3,28,6,38,11,6,4,10,17,33,6,4,17,0,0,31,5,20,33,2,29,36,6,3,3,38,6,29,5,26,7,24,3,27,4,25,26,3,25,7,21,37,0,40,31,35,3,9,27,4,4,6,21,11,5,34,7,8,27,20,8,34,38,36,19,4,8,21,29,21,5,3,21,23,5,3,4,7,6,22,5,19,5,26,1,22,35,36,33,2,28,29,30,30,29,2,6,26,8,6,3,4,32,38,29,25,29
39,42,1,24,8,5,19,8,36,16,24,7,9,2,23,23,6,8,32,28,24,3,29,2,31,43,24,6,17,27,34,21,3,31,3,4,1,34,4,25,5,3,8,6,37,0,22,32,32,39,17,7,9,4,4,4,22,31,1,7,39,32,2,0,28,3,0,6,34,5,6,9,5,27,6,4,5,10,35,7,4,0,16,0,6,5,42,3,3,25,42,3,9,2,4,23,8,8,9,4,36,53,8,31,41,1,4,6,5,42,0,6,42,27,17,0,20,3,4,2,7,36,6,5,26,2,27,8,29,4,6,28,42,27,37,3,5,23,5,49,6,33,2,38,33,41,2,5,3,6,15,2,37,34,31,9,16,7,40,8,22,34,5,7,24,7,5,43,2,28,7,0,7,29,35,7,42,15,4,6,6,5,5,29,4,15,7,49,4,1,25,5,29,34,0,29,25,41,5,1,19,3,6,33,27,36,1,30,3
1,6,4,1,1,19,7,48,46,4,29,24,4,29,37,8,8,9,2,33,27,29,10,39,24,3,19,42,8,14,1,6,4,9,3,18,0,28,3,8,33,30,10,1,3,5,6,5,25,30,8,4,30,8,5,5,3,5,34,2,2,0,31,0,38,7,3,38,35,2,20,40,6,4,27,34,20,29,16,6,6,33,34,7,9,4,35,27,3,31,26,6,17,41,35,6,38,6,28,10,3,1,4,6,6,30,29,30,9,28,4,34,4,3,35,3,2,4,16,5,3,4,18,1,3,46,4,27,31,9,7,19,28,2,10,4,7,4,4,24,3,3,22,35,5,3,6,41,8,26,23,4,36,0,27,6,5,9,29,1,17,4,5,6,33,2,4,2,3,6,24,7,4,6,1,2,27,33,7,24,22,34,4,20,6,3,4,28,1,3,42,17,2,8,44,2,2,10,8,1,7,36,39,1,0,1,9,30,26
7,38,2,7,29,3,3,22,5,31,2,8,3,7,5,29,5,5,27,2,42,16,7,13,4,47,4,45,9,1,7,2,3,22,5,31,3,4,55,5,37,4,33,11,1,30,7,40,7,11,25,31,5,1,46,24,3,6,30,38,18,3,25,33,7,9,27,8,22,22,29,4,6,28,30,27,7,29,24,3,26,33,2,7,3,7,0,27,48,6,7,4,1,16,6,29,4,5,23,51,40,6,21,27,27,28,9,5,5,4,3,6,3,6,28,3,29,18,32,35,5,9,0,3,3,46,6,2,2,7,6,7,29,3,23,6,0,2,7,0,6,3,23,3,1,1,7,0,7,13,47,10,9,1,0,8,29,26,6,2,7,3,3,30,20,25,38,30,41,32,3,28,22,2,33,8,1,9,31,0,27,46,1,8,3,28,5,26,7,38,28,25,6,22,48,33,41,4,6,22,46,6,6,32,0,39,35,6,10
2,5,23,0,7,24,2,3,2,2,3,7,28,26,29,19,5,9,41,36,4,9,6,23,5,10,0,20,37,1,6,12,29,3,32,18,17,30,2,20,5,7,38,5,3,7,3,4,3,17,7,3,38,6,35,8,4,25,10,45,25,19,4,6,24,25,31,15,4,8,3,48,31,40,35,23,3,0,11,2,5,15,31,35,10,5,29,38,33,7,21,6,1,44,5,11,27,35,1,2,37,6,1,5,36,6,5,29,0,2,3,7,2,4,3,41,23,26,40,30,9,0,0,10,4,2,4,24,17,2,35,28,3,9,33,11,20,2,4,2,5,35,17,1,8,2,7,28,24,27,35,1,4,6,5,20,12,4,10,8,12,2,8,40,1,18,25,3,15,3,33,6,14,33,5,29,4,23,24,30,5,7,30,7,7,5,43,7,32,6,39,3,3,0,14,21,5,29,30,20,28,2,35,29,19,30,32,24,7
3,3,24,3,2,16,29,3,1,7,1,27,4,6,31,4,4,8,7,4,2,7,14,9,5,0,4,0,6,1,24,14,1,37,3,24,40,30,7,28,22,9,4,34,8,36,5,39,24,34,5,10,47,42,24,4,4,6,4,34,21,25,5,27,28,3,39,18,37,20,7,34,1,1,4,22,4,25,33,10,3,7,24,38,22,40,7,28,8,4,24,6,26,4,2,28,0,6,15,4,1,7,0,36,3,20,29,18,19,2,4,31,27,8,33,30,4,32,31,1,34,2,0,3,1,34,28,41,3,21,23,5,5,2,28,7,24,3,9,6,42,8,8,32,20,32,18,7,1,28,35,4,8,33,5,21,5,5,4,3,27,26,15,21,5,12,1,4,37,3,24,6,16,6,34,8,18,22,6,33,10,37,2,2,9,3,26,20,10,5,8,3,28,1,26,7,4,27,2,6,22,22,9,1,8,26,1,11,32
39,34,36,25,33,4,8,7,5,33,6,37,7,32,5,6,25,5,13,25,33,5,37,9,31,5,3,38,9,5,2,18,27,27,32,5,7,27,27,3,25,1,24,0,35,29,5,25,6,28,33,7,5,6,33,11,31,5,35,5,9,5,1,29,25,31,32,5,4,5,3,25,17,23,3,2,1,27,5,2,22,2,4,24,35,3,4,17,3,27,19,2,7,25,5,7,2,4,17,5,27,26,5,6,7,33,2,1,2,4,3,6,27,39,4,6,39,5,9,3,6,2,33,38,28,5,19,4,40,26,32,1,15,26,22,3,5,30,22,38,30,38,6,18,4,4,33,38,29,38,4,4,35,34,3,4,8,4,2,45,28,6,26,6,14,26,5,38,31,45,4,3,4,7,35,38,2,8,44,25,27,36,5,26,3,20,7,6,5,42,5,7,5,2,29,4,20,22,31,7,26,9,5,8,32,3,0,5,0
7,2,15,16,5,3,7,34,3,6,14,21,8,15,32,29,4,4,2,12,3,17,32,30,42,2,6,9,5,7,4,39,3,25,31,5,24,24,28,5,7,6,28,6,19,8,3,6,4,33,28,44,9,6,3,52,22,31,23,1,32,15,7,3,44,31,8,1,8,22,34,1,8,18,7,28,33,34,12,6,6,2,21,8,38,3,1,3,32,6,17,5,11,39,7,0,8,32,9,29,33,4,36,21,2,1,23,8,4,6,8,24,6,29,24,8,11,7,20,32,5,3,9,5,17,20,12,6,4,36,26,34,3,5,35,40,19,25,5,43,2,8,46,2,6,3,2,8,45,2,10,19,46,8,4,20,5,32,45,8,30,25,3,5,44,6,5,13,24,42,36,21,38,34,41,30,5,4,8,27,5,2,37,4,2,9,5,5,8,22,25,2,30,26,23,3,36,5,31,16,6,24,1,1,8,34,15,4,0
3,0,5,33,16,39,38,4,4,7,3,15,37,28,5,5,31,5,6,18,4,2,2,5,0,4,31,26,27,3,4,35,4,7,23,18,31,3,29,4,24,38,33,8,40,5,2,31,26,43,28,9,7,5,5,39,19,47,26,35,46,6,9,34,3,26,8,26,28,4,1,37,5,5,31,5,0,5,7,30,21,4,2,5,2,8,8,29,20,25,37,5,32,30,3,4,11,31,4,43,25,21,4,6,4,41,2,2,7,4,16,2,2,9,1,6,20,2,1,31,1,5,10,12,35,28,7,6,37,18,5,40,37,3,30,20,19,1,4,5,23,7,0,5,4,30,4,34,2,46,3,1,8,9,41,22,26,5,33,47,4,1,25,28,36,7,5,2,6,3,5,1,32,10,0,28,7,6,1,0,4,5,7,1,8,9,10,24,23,4,41,5,12,27,2,16,7,9,26,6,5,10,3,31,5,9,5,24,8
6,6,50,30,28,2,23,12,25,42,2,4,22,0,32,38,22,18,8,5,6,9,23,6,4,6,3,3,11,0,9,27,32,1,25,43,7,21,28,0,19,39,6,21,41,7,35,6,7,22,24,6,35,5,34,1,4,29,20,33,17,35,5,4,29,4,25,13,24,39,8,27,1,25,29,28,36,1,9,8,1,31,20,2,7,2,5,8,2,26,7,2,18,5,44,26,19,3,6,27,6,9,2,0,12,1,2,2,4,2,37,32,8,2,3,26,24,27,3,32,29,47,22,16,5,6,5,6,5,28,5,6,26,4,7,7,25,2,6,43,32,2,33,1,5,2,38,32,34,3,30,6,25,5,22,35,3,40,19,23,4,3,22,6,2,1,1,5,34,42,5,17,27,8,26,5,6,8,2,4,18,5,5,4,5,4,3,7,30,33,31,25,1,10,1,39,27,4,37,20,3,9,15,32,6,23,34,4,7
6,33,13,12,37,2,28,30,25,9,4,0,25,6,0,35,7,6,26,4,30,1,28,3,2,36,2,2,22,29,26,1,9,5,2,5,25,6,7,2,2,1,9,36,46,36,22,12,24,21,3,27,4,21,26,27,37,23,7,21,9,3,22,5,42,0,5,3,3,4,29,5,2,30,27,56,31,32,24,7,19,4,23,4,22,7,23,17,6,7,17,5,4,5,4,7,1,14,3,25,7,18,4,5,4,4,5,27,6,3,6,8,22,0,6,6,45,8,4,31,5,7,44,36,6,5,34,37,7,21,0,28,36,5,9,33,3,6,25,5,7,6,32,28,0,6,26,13,40,1,10,17,2,6,53,5,25,7,27,5,30,35,5,4,8,6,19,8,4,1,11,25,4,17,36,6,0,29,4,28,12,33,5,5,5,8,6,0,27,7,28,3,7,5,19,16,20,32,3,28,8,6,32,6,6,4,24,27,8
20,28,3,3,37,33,5,33,35,4,3,9,25,4,1,0,33,6,3,28,0,7,34,6,39,34,8,31,4,3,4,0,48,32,37,51,28,22,4,3,36,11,6,24,8,7,8,27,28,4,26,7,8,46,2,20,3,1,5,4,5,23,28,0,7,2,39,7,7,3,3,3,2,31,5,3,5,3,28,25,26,3,47,37,41,22,6,22,7,25,37,6,5,5,6,37,9,5,35,8,5,17,33,25,3,38,20,4,6,2,4,32,45,38,7,6,3,33,41,27,36,17,16,23,27,23,9,11,7,44,9,5,4,5,3,32,34,7,20,4,7,32,17,2,34,8,2,2,8,2,26,55,3,4,8,9,36,4,48,2,5,5,37,36,20,7,8,3,24,4,3,33,5,18,19,4,34,0,7,16,2,24,31,4,5,4,27,26,1,4,31,3,23,6,4,8,9,4,5,4,6,3,4,19,34,31,34,24,36
4,10,38,1,4,43,8,8,29,2,21,7,6,8,3,3,32,3,25,1,3,3,17,44,2,2,6,24,1,32,34,6,14,4,12,5,7,5,31,1,4,4,3,8,0,5,0,44,3,29,11,15,1,38,8,19,22,10,3,17,23,30,20,26,5,41,43,3,2,5,26,8,39,4,8,5,6,29,7,5,2,7,24,35,34,8,4,19,7,5,7,18,3,46,13,1,4,21,51,7,26,2,17,37,23,36,41,36,1,4,26,33,23,6,4,41,19,4,33,2,7,40,4,34,1,31,6,0,18,5,25,3,3,27,4,4,26,29,24,4,19,38,7,35,19,41,5,14,1,23,2,41,4,6,7,18,3,31,3,26,28,25,1,5,8,1,27,6,0,21,28,19,8,3,7,3,8,6,14,30,6,29,30,2,29,39,8,4,7,19,17,30,5,5,39,5,4,1,3,15,3,23,2,5,6,27,20,7,27
1,6,2,8,0,32,35,6,5,7,22,0,26,0,7,4,5,5,6,7,33,5,10,2,6,0,1,6,5,36,9,22,7,36,20,8,2,6,1,23,4,3,38,40,26,5,5,1,4,4,4,3,36,2,6,37,35,29,4,33,33,29,6,4,9,3,24,24,5,3,29,21,24,6,1,30,5,7,3,21,5,30,2,30,39,30,11,31,32,8,15,27,3,8,6,6,5,29,4,19,8,1,9,7,31,33,5,23,4,5,28,8,37,5,2,31,39,37,29,18,18,3,34,28,3,3,7,23,30,31,36,24,5,25,27,5,0,46,11,5,4,21,39,29,26,27,34,21,60,4,35,4,3,26,3,0,3,28,32,33,6,6,4,4,4,35,6,0,2,36,45,29,31,4,1,0,1,26,22,23,28,34,37,33,5,28,5,3,7,48,34,38,3,27,8,4,35,24,6,6,10,19,7,6,5,7,7,2,19
1,4,6,1,4,34,21,5,44,3,5,39,25,19,4,18,24,9,2,28,7,27,3,22,2,16,2,27,25,5,1,4,34,11,2,27,4,0,7,19,2,2,46,2,0,7,7,26,7,6,25,47,24,4,32,54,21,21,23,5,31,24,19,21,21,4,7,1,7,19,32,24,7,39,4,38,20,0,29,8,2,27,24,35,24,6,2,7,5,20,30,6,32,6,7,10,37,3,8,4,3,42,22,31,5,4,4,27,2,2,4,6,3,0,35,5,7,3,31,8,34,7,31,3,7,1,7,32,6,24,4,35,8,7,11,48,28,6,30,27,8,7,4,6,26,29,3,22,27,6,4,3,25,51,9,29,18,8,3,10,5,4,49,29,3,41,6,22,38,6,25,6,4,4,3,31,25,1,7,21,2,5,4,35,40,8,26,32,4,29,36,43,27,34,7,24,17,6,27,32,6,7,38,19,7,6,29,36,31
7,7,33,4,1,7,8,7,9,1,31,3,4,31,7,31,8,24,37,22,27,26,6,5,5,7,17,3,27,5,10,38,1,5,43,34,23,23,4,7,23,25,2,9,24,14,5,4,11,26,5,11,2,28,4,6,10,4,36,1,4,5,17,7,24,3,2,4,5,5,5,2,24,4,28,5,4,47,2,3,21,29,4,3,44,48,2,4,6,4,5,6,0,4,4,4,35,9,5,7,39,34,32,13,4,0,31,36,43,5,11,18,3,37,34,5,8,41,31,34,44,30,10,23,13,4,27,8,38,4,8,5,0,37,3,7,29,31,4,35,13,38,7,4,33,1,10,18,33,22,4,2,7,3,3,2,1,3,9,7,33,0,30,1,5,39,24,12,8,3,6,29,20,22,5,11,43,29,2,6,21,6,6,3,7,3,30,5,44,21,0,37,3,46,36,2,11,32,19,2,4,2,31,34,1,34,4,6,10
4,7,5,2,45,3,0,2,6,2,6,9,19,24,3,19,22,1,7,40,28,5,3,21,27,0,7,30,4,35,23,9,2,4,36,6,39,35,23,15,5,6,29,4,22,27,29,29,8,3,5,5,32,22,5,28,29,14,20,30,35,23,37,3,6,31,8,30,8,24,42,13,6,1,29,4,31,6,27,31,30,4,7,4,4,3,5,34,4,26,5,40,37,2,42,8,23,8,10,4,9,4,23,6,29,31,24,23,1,24,8,4,44,15,31,28,21,28,29,5,8,0,11,10,31,0,5,28,37,49,22,32,6,26,22,27,25,4,12,3,7,27,33,5,19,20,5,39,0,3,7,16,33,7,9,22,24,4,6,6,7,6,0,17,8,5,2,5,8,27,23,38,20,5,2,3,3,5,27,16,5,27,16,24,6,2,17,20,4,40,3,15,3,2,6,26,8,8,29,2,5,28,25,5,11,19,4,3,34
4,7,6,28,7,28,40,2,16,7,10,7,5,39,5,18,7,8,2,3,2,33,31,4,7,30,5,34,39,3,29,23,3,4,12,8,3,6,25,29,39,34,47,32,0,37,42,36,27,4,31,27,6,1,7,34,4,5,52,6,20,2,3,15,4,17,25,21,5,5,24,12,7,35,6,30,28,8,31,7,24,34,3,26,38,7,17,18,15,29,37,22,15,1,3,29,18,5,0,5,34,10,3,1,8,48,43,12,2,4,16,4,5,35,32,30,43,3,6,29,5,25,4,6,5,41,24,6,26,5,27,0,2,7,27,6,27,5,4,2,28,29,24,6,33,8,32,40,0,4,3,4,0,23,3,30,0,2,28,25,4,24,31,33,24,12,9,7,36,25,7,22,4,24,6,5,22,34,22,51,5,38,6,38,30,22,3,43,28,3,19,1,3,8,5,0,28,37,2,28,4,3,31,38,8,24,4,12,10
24,32,0,27,33,39,6,28,30,8,24,20,4,21,8,9,31,24,19,28,36,37,16,19,3,3,29,8,36,4,33,35,1,10,5,19,31,9,23,18,3,8,19,19,5,5,28,30,14,5,20,8,24,7,4,3,23,29,6,35,42,30,8,28,2,9,33,3,36,23,20,5,13,5,5,1,17,4,8,6,6,4,31,34,6,16,3,3,8,45,2,15,5,4,24,25,37,16,7,4,0,5,14,20,23,2,6,4,30,27,26,5,27,6,0,1,21,4,6,13,1,28,7,41,8,38,5,16,7,23,9,39,5,34,2,23,25,5,4,5,34,7,44,13,0,45,6,6,19,17,7,30,22,12,25,5,2,6,2,33,28,38,5,37,6,5,7,4,35,10,31,8,5,19,45,5,21,4,30,5,45,37,8,26,0,34,27,7,27,28,2,48,41,3,3,19,41,6,1,14,5,2,9,2,9,36,5,6,4
31,3,5,8,8,32,29,0,8,6,4,3,27,18,19,4,7,26,7,31,3,6,3,9,3,8,6,5,5,32,5,0,4,3,25,4,7,15,26,49,4,51,17,7,3,5,4,6,20,29,48,2,3,7,3,31,25,28,4,5,7,3,18,21,26,6,34,4,39,0,45,23,2,1,37,19,15,24,4,35,25,6,4,2,1,21,3,5,9,3,5,8,29,8,9,33,3,2,34,30,5,7,7,2,3,3,5,2,23,8,33,1,19,22,20,4,26,2,28,10,25,5,2,7,27,27,30,30,17,10,2,32,2,28,9,9,3,8,4,20,29,7,3,23,16,2,8,1,6,3,14,27,0,3,25,4,4,5,20,11,21,35,3,3,8,4,31,8,4,5,8,7,29,16,17,20,22,16,42,7,28,11,17,29,5,3,5,7,43,4,2,6,4,27,39,27,43,30,5,38,24,44,38,25,7,11,27,4,5
6,35,5,37,1,4,32,13,9,5,3,23,6,7,28,47,30,32,11,16,5,31,8,24,40,1,5,7,37,26,27,7,7,26,7,5,31,6,3,10,3,29,46,7,0,4,7,35,35,2,5,14,23,26,7,6,29,4,3,4,1,0,9,22,2,5,3,3,4,19,3,25,19,5,31,24,15,34,12,27,41,3,35,3,6,2,39,7,31,32,4,21,21,4,5,33,22,24,4,20,26,17,34,6,29,17,6,23,20,28,3,5,35,1,30,0,7,3,34,17,33,38,0,35,22,28,56,1,7,6,3,3,33,3,7,36,0,23,6,3,2,6,5,6,3,8,6,6,0,3,3,31,2,32,6,20,4,23,2,2,14,19,4,36,35,36,10,24,18,45,6,1,20,24,6,27,34,31,5,31,5,4,3,3,1,5,23,5,13,29,28,0,2,33,18,5,27,27,2,2,2,20,3,42,5,3,3,17,4
2,8,2,24,31,2,26,0,0,24,1,7,9,31,4,23,30,34,25,26,21,25,20,1,5,5,30,38,4,5,3,39,31,18,1,24,9,22,4,48,4,4,27,2,7,23,38,21,24,28,5,5,5,8,31,22,23,25,7,23,4,20,39,7,43,20,4,28,4,3,7,22,24,0,7,6,8,33,12,3,34,30,1,4,7,5,37,6,28,2,15,5,3,22,32,39,7,10,4,23,2,4,5,3,5,3,43,12,5,17,45,4,7,29,15,27,9,40,36,0,6,7,34,8,21,5,27,40,41,23,17,24,1,21,8,18,33,9,39,7,18,34,19,21,2,27,40,15,30,36,21,17,27,4,27,8,1,26,9,8,4,1,6,27,0,37,4,4,4,4,26,12,17,3,3,32,26,35,2,3,6,15,5,6,5,34,4,1,1,43,2,0,23,3,3,35,7,2,0,2,26,43,25,27,25,6,2,36,4
1,0,1,39,8,3,5,24,31,2,6,25,20,38,30,7,47,7,30,29,6,29,28,31,1,0,26,7,5,29,4,23,25,32,3,4,1,15,30,29,29,8,21,32,24,24,4,25,26,5,23,3,33,40,4,6,2,21,3,5,1,2,5,8,8,8,33,37,7,3,5,6,6,6,6,4,38,5,22,31,2,3,21,30,5,2,3,38,38,1,26,8,5,8,1,4,2,8,31,33,3,21,4,30,6,4,20,38,52,4,11,28,5,35,22,18,10,5,47,6,36,7,7,20,31,3,34,23,7,30,4,38,30,43,2,20,34,44,9,37,5,28,32,18,7,9,33,19,22,32,45,19,8,30,28,6,38,5,32,43,23,31,20,4,34,16,36,29,33,19,26,3,2,26,1,23,30,27,20,31,19,35,2,3,6,7,0,29,4,5,23,8,5,8,1,30,41,2,2,0,5,6,2,28,3,38,2,22,7
25,22,4,5,5,8,4,27,7,31,42,35,29,5,28,7,6,5,10,35,28,3,0,40,5,27,2,3,29,36,6,5,24,23,5,4,5,1,3,6,17,5,32,32,42,1,33,5,6,19,3,13,25,32,16,25,3,5,4,5,3,24,7,23,10,5,6,32,32,5,26,22,25,21,8,2,5,21,10,28,46,2,16,5,4,29,13,29,5,4,23,7,28,24,6,11,26,4,31,29,21,2,7,6,7,2,21,0,8,5,4,36,3,9,32,41,31,8,4,26,3,28,19,27,29,48,7,5,31,8,19,2,34,38,9,56,22,13,23,6,5,23,5,7,38,4,7,42,34,29,5,21,5,5,24,26,9,4,21,20,33,7,24,38,7,27,5,18,7,2,26,32,5,8,8,1,5,35,5,2,28,17,40,30,25,15,23,18,11,7,21,0,25,43,7,30,6,7,42,15,25,30,4,4,5,0,4,17,10
4,16,25,5,4,3,3,27,2,6,5,6,1,28,43,31,3,32,3,3,29,1,27,5,8,1,26,35,44,6,7,3,8,24,3,22,26,2,4,4,5,0,7,3,3,27,6,17,21,28,4,24,6,43,4,4,2,9,6,7,23,30,1,2,22,2,39,7,3,36,5,3,22,7,8,22,19,7,34,7,5,7,31,23,6,0,20,5,33,2,5,22,6,5,23,44,8,3,20,5,4,4,46,1,6,6,35,24,31,14,37,3,17,7,8,24,6,12,14,6,25,3,25,5,3,10,6,31,3,6,4,40,19,36,1,5,20,30,33,2,7,3,6,50,33,31,11,3,30,7,41,18,33,36,6,5,4,36,32,3,10,17,14,15,55,6,25,3,7,5,8,33,26,5,25,6,5,4,0,17,25,5,5,1,28,7,3,0,0,2,5,9,3,16,41,29,1,2,8,29,21,29,4,4,9,6,38,31,37
37,4,1,2,18,26,6,3,5,27,8,29,1,5,5,8,39,7,4,1,32,27,8,6,2,6,1,23,39,3,10,49,4,7,6,20,30,26,34,27,1,38,29,7,5,5,5,3,7,19,4,5,2,7,27,6,37,2,3,3,17,3,39,18,8,20,15,0,7,34,30,23,31,15,6,23,3,30,38,34,37,41,6,1,5,28,7,10,6,5,0,2,24,39,7,7,7,32,4,27,6,26,31,6,26,54,4,3,7,5,4,4,5,16,22,27,27,2,17,2,32,29,8,6,0,24,4,9,0,4,5,2,0,38,30,5,0,2,6,32,10,14,3,7,25,22,27,23,33,5,4,9,35,35,30,42,4,19,34,44,3,6,21,47,1,34,9,41,19,3,8,8,19,6,6,1,28,34,32,26,8,42,35,22,27,6,21,20,30,24,23,9,1,20,12,5,20,2,1,6,4,34,21,3,21,29,29,5,35
39,37,3,3,29,4,37,1,6,6,7,6,3,43,39,29,3,20,37,36,31,1,5,26,28,5,11,3,23,4,26,8,6,4,36,5,5,25,2,1,27,5,6,50,41,0,5,1,6,5,5,5,3,3,42,2,30,6,45,25,33,34,0,34,7,45,7,30,41,22,8,28,13,2,15,8,27,6,40,7,6,5,4,18,3,24,6,4,28,9,4,8,44,34,45,4,5,4,22,7,42,6,5,29,44,26,10,43,4,6,5,4,2,2,23,27,1,1,29,4,3,5,7,4,22,4,8,4,35,10,2,4,22,26,5,26,2,7,29,37,6,8,17,33,3,3,40,3,7,12,2,4,8,28,2,3,1,5,56,32,9,28,24,7,23,39,7,36,5,1,32,5,2,40,4,6,5,8,7,42,31,4,42,6,29,42,6,1,34,37,4,32,42,31,32,21,11,25,7,28,48,1,2,7,4,7,40,7,4
6,0,22,31,36,4,1,6,7,1,5,47,8,28,26,5,2,4,31,3,32,3,37,38,3,1,5,24,27,31,9,6,25,15,53,7,29,20,3,16,5,30,4,12,32,8,33,8,5,3,32,23,18,4,25,32,28,23,8,28,7,4,25,5,5,19,3,25,34,3,4,6,21,6,24,4,6,3,31,29,34,0,50,2,4,28,5,0,27,32,23,6,5,19,12,25,7,33,18,8,36,3,4,4,35,41,27,3,32,24,18,42,5,4,5,33,0,3,29,30,1,2,21,1,32,48,3,7,26,22,5,6,8,35,7,37,9,10,9,30,4,42,45,23,40,10,38,2,3,40,28,4,9,3,10,7,2,4,7,1,2,5,6,1,45,24,3,0,25,6,19,26,21,5,7,3,40,5,24,37,10,7,3,32,9,0,1,21,4,4,28,3,2,32,6,2,2,18,21,4,4,3,4,3,38,22,2,7,37
6,7,3,6,2,2,24,6,49,31,9,3,47,43,30,32,12,19,1,17,26,8,2,6,5,26,2,35,19,10,2,2,4,35,27,5,3,7,8,2,6,21,24,4,7,36,3,2,5,4,9,25,1,3,3,4,33,25,5,33,4,39,7,31,8,23,20,23,26,28,33,4,16,31,41,5,5,4,4,31,5,7,5,23,0,5,5,15,5,5,35,3,35,32,7,6,19,11,17,32,30,5,39,26,24,2,3,8,41,4,4,42,6,22,31,20,0,1,0,42,2,27,4,26,27,2,18,0,5,4,28,35,3,29,7,33,27,33,2,8,5,17,0,22,29,40,5,43,5,5,4,20,4,8,1,25,14,6,3,32,6,33,5,2,19,19,3,11,15,5,31,6,31,18,15,19,29,6,9,34,31,31,27,19,17,32,33,7,22,30,6,3,28,23,29,34,24,3,1,35,0,23,26,4,10,3,8,30,5
30,0,43,3,23,40,5,38,34,7,3,3,33,35,4,30,4,3,47,4,2,25,4,9,4,23,42,8,6,5,30,24,7,21,33,4,35,7,3,17,1,20,3,18,6,15,6,37,7,33,28,1,16,4,11,28,31,2,6,3,23,16,8,4,7,2,6,24,24,33,32,34,30,4,4,5,4,0,29,8,42,4,3,4,17,23,4,0,14,4,9,5,8,3,0,29,5,34,4,26,4,5,39,3,18,46,4,4,6,12,30,20,48,6,33,2,6,28,3,39,29,16,9,8,3,0,2,37,6,2,18,32,6,42,24,4,2,39,26,47,1,40,9,7,39,1,6,5,7,7,24,22,8,24,39,4,4,5,16,15,10,32,34,6,34,15,45,25,5,0,3,2,9,34,25,0,34,30,4,4,43,18,8,32,39,3,4,17,6,1,3,7,31,6,2,9,2,6,5,40,16,14,40,7,5,2,6,1,0
24,3,27,5,47,4,4,30,35,5,4,17,2,4,15,11,2,18,35,4,37,5,2,48,1,5,46,4,3,43,4,41,8,4,7,29,31,32,6,29,1,24,27,46,5,0,1,6,6,8,7,31,25,6,7,15,30,2,28,28,29,19,29,5,2,3,0,3,4,24,2,8,6,6,24,2,6,0,5,18,40,36,26,5,14,31,3,6,3,4,3,34,5,4,35,28,1,35,7,29,35,2,30,31,7,25,5,25,5,7,27,5,40,1,30,6,3,7,3,19,4,2,16,24,7,4,22,10,7,32,4,31,39,34,3,23,0,7,41,34,4,29,6,25,5,7,1,24,2,36,6,23,8,33,32,8,25,4,36,10,30,0,5,2,7,4,3,6,6,1,14,4,4,32,22,0,30,22,0,25,3,8,5,7,6,24,36,5,2,7,29,27,6,0,30,8,21,7,3,12,5,33,4,5,5,7,32,25,0
29,25,4,8,32,8,6,7,8,34,28,34,30,4,6,27,3,36,12,2,26,1,7,26,3,5,6,4,5,5,6,38,45,0,7,4,29,2,6,30,5,9,48,2,6,1,4,9,55,26,26,16,7,20,45,37,34,27,33,5,31,2,3,2,2,9,5,28,31,0,23,5,36,3,9,28,1,6,33,3,0,3,30,22,2,1,31,31,26,17,29,30,6,34,36,8,28,6,0,1,26,20,6,6,33,2,10,39,26,0,5,35,5,24,31,7,15,6,1,30,7,8,34,31,4,27,30,39,8,28,43,3,6,49,31,38,3,4,45,5,3,31,2,6,6,35,20,6,34,34,9,1,36,3,25,1,2,27,24,4,5,4,7,30,25,33,7,6,4,7,20,2,31,29,44,6,6,3,3,8,26,8,26,4,5,2,40,22,7,16,33,22,5,36,38,29,6,0,4,4,1,8,19,8,5,7,26,3,4
7,7,27,21,36,9,25,6,14,17,3,5,32,7,3,21,9,0,6,42,7,1,25,14,4,8,7,19,23,7,33,26,2,33,2,22,0,5,9,33,20,3,1,23,6,28,7,4,44,7,29,5,6,21,7,23,29,3,30,29,28,37,13,3,39,53,35,15,6,15,5,2,30,17,6,32,46,2,0,3,19,5,4,39,28,29,6,8,42,6,5,1,43,3,28,1,4,7,18,34,3,36,26,6,1,2,36,14,31,3,6,3,9,2,31,31,10,0,32,27,42,8,47,2,4,3,21,14,9,6,5,5,25,5,26,44,2,23,25,26,0,4,5,2,5,3,8,19,28,9,0,9,5,0,6,36,2,35,4,3,25,1,21,4,4,24,6,6,5,7,4,0,51,19,7,6,4,2,6,31,5,32,34,32,8,11,4,5,30,22,4,1,39,30,26,5,28,25,34,25,27,31,36,4,3,6,14,21,0
29,20,2,34,21,30,3,26,3,29,26,6,8,2,3,40,13,36,9,8,4,30,4,34,41,42,5,23,8,23,1,4,4,0,7,5,14,31,4,6,29,27,5,3,6,35,3,0,9,2,38,27,45,5,20,23,30,29,9,35,41,23,20,28,27,5,30,3,29,20,0,22,6,5,24,2,6,5,6,10,42,26,6,4,6,3,6,36,3,7,7,4,5,20,22,2,25,48,43,22,4,20,3,5,6,3,32,4,3,27,7,4,22,15,23,3,11,10,26,36,5,3,0,31,7,33,5,12,0,26,16,2,27,4,9,0,7,22,5,43,45,6,0,3,5,1,26,25,44,32,37,32,6,29,28,29,22,15,31,1,33,1,18,20,35,23,5,5,7,1,6,18,21,3,6,6,40,3,5,22,1,30,3,30,25,4,9,14,7,12,2,28,6,7,8,2,17,5,6,4,38,23,5,2,41,8,31,40,33
15,20,4,40,3,7,6,33,43,2,26,28,27,31,30,9,6,0,24,36,37,3,21,34,23,4,39,27,26,1,6,23,38,3,30,4,24,1,2,7,1,5,39,9,0,0,38,4,25,4,6,7,8,4,15,25,6,16,1,2,34,32,1,9,35,5,42,25,6,7,5,4,36,29,5,19,24,25,9,1,5,45,7,5,3,26,26,41,25,29,27,39,36,2,3,3,19,5,5,6,29,2,28,7,2,30,23,35,25,6,53,39,20,26,9,35,30,23,2,5,31,3,23,22,22,45,32,22,6,37,6,4,20,2,35,28,8,26,2,33,22,2,38,3,17,10,7,5,33,28,8,4,2,22,4,21,2,2,4,37,26,4,0,41,24,35,4,35,17,18,0,29,6,4,26,5,5,20,1,5,3,29,33,5,4,8,3,27,34,23,9,33,2,2,29,6,35,18,5,32,20,35,30,30,29,4,8,40,25
23,27,20,32,30,4,2,3,26,36,27,8,57,38,9,2,2,35,1,44,0,2,23,39,4,4,32,4,36,15,33,6,41,18,36,20,12,29,7,4,3,32,29,6,5,58,55,6,6,1,2,27,29,27,3,18,37,27,31,0,4,6,6,25,4,6,4,7,4,4,1,28,29,38,2,22,7,9,0,8,6,7,3,35,6,5,7,28,30,22,0,7,36,26,53,0,3,24,33,40,20,31,7,6,29,36,31,2,1,2,27,6,7,14,1,6,22,34,56,9,4,1,5,1,8,5,4,1,30,8,31,5,9,5,8,10,35,4,23,7,27,3,21,5,1,32,5,6,0,7,7,10,2,4,6,3,8,5,37,42,41,22,31,39,30,5,30,4,6,6,0,19,38,4,7,27,22,19,28,6,46,37,4,8,17,29,3,27,0,4,7,38,7,3,30,10,2,32,26,39,3,18,5,10,4,7,6,0,31
1,3,40,3,18,18,8,23,3,17,46,4,25,4,30,3,37,24,8,5,0,40,12,30,27,2,25,29,3,5,21,34,18,4,1,4,36,20,10,4,5,5,8,5,29,33,0,8,0,41,2,4,9,43,44,25,0,7,3,3,24,36,5,21,4,43,49,5,37,56,2,5,34,5,17,9,3,34,10,39,48,0,5,3,5,7,39,6,26,6,7,29,3,6,27,6,6,25,26,1,6,3,30,26,4,36,4,3,2,44,6,5,6,8,8,39,23,4,34,0,0,7,1,31,8,10,2,25,23,8,6,7,33,44,37,32,18,5,27,24,2,2,7,4,27,39,1,22,1,32,23,1,36,25,10,35,7,5,34,8,35,16,4,5,2,6,4,34,5,16,3,6,21,4,3,5,8,40,4,42,33,41,21,16,4,8,27,2,28,28,6,27,25,9,29,4,1,1,7,4,5,30,42,6,3,20,4,20,6
33,6,17,35,4,19,7,8,24,4,4,32,19,35,31,8,6,43,41,7,38,0,38,7,11,0,25,49,8,7,22,6,9,21,5,32,30,4,2,3,0,5,34,4,34,7,4,3,41,31,3,20,5,5,18,1,5,5,6,34,30,5,8,37,32,6,3,33,24,31,36,20,4,30,10,24,18,10,32,34,6,5,31,8,23,4,3,39,5,28,0,28,30,1,3,0,6,4,10,9,34,6,9,10,15,43,7,6,25,3,4,8,7,1,2,7,4,5,4,30,22,5,2,27,22,4,7,3,9,1,8,7,26,6,6,24,23,26,5,45,7,15,34,17,1,4,6,3,28,41,2,14,4,22,32,24,7,6,54,4,32,27,6,5,33,34,4,5,8,4,23,1,3,29,4,26,33,38,5,4,28,26,26,5,33,3,28,1,17,35,4,3,2,6,5,7,32,4,2,4,15,6,7,4,22,43,18,5,7
44,33,20,3,1,3,8,6,4,33,1,20,22,3,3,25,4,6,2,5,19,36,24,4,16,9,14,40,8,17,30,5,25,6,26,6,23,21,5,35,33,9,9,5,5,28,5,33,30,20,7,7,39,2,4,4,20,6,23,8,4,30,5,35,6,50,25,6,6,31,2,8,7,45,16,31,4,27,8,7,5,1,26,45,0,5,6,33,9,5,34,7,3,30,30,45,5,25,34,6,43,5,6,29,4,16,25,21,31,13,3,5,16,26,32,5,49,6,6,6,28,21,2,4,19,7,6,27,17,23,35,35,32,2,42,24,3,6,18,5,30,8,2,6,3,24,31,10,4,27,5,26,40,25,19,47,6,40,2,13,10,6,37,4,0,4,1,4,33,11,21,0,4,40,42,6,6,9,9,27,18,40,0,37,36,27,0,9,40,7,1,28,8,31,40,34,9,19,2,7,40,34,1,11,30,8,32,5,34
6,42,11,28,4,5,6,20,2,5,35,16,8,8,6,29,24,5,16,5,35,5,4,6,4,33,4,35,27,3,46,38,2,31,3,7,1,8,8,2,8,18,22,4,33,5,6,36,50,4,11,19,28,7,7,8,39,1,4,19,6,3,5,30,55,16,17,42,3,4,6,4,9,4,2,22,33,6,8,6,5,4,11,7,5,39,6,36,1,5,4,4,33,4,14,27,4,4,3,3,44,29,5,20,18,2,32,2,4,21,29,27,5,6,7,1,10,20,1,27,1,25,22,14,1,5,3,4,9,40,20,24,34,4,1,5,18,2,5,8,1,13,33,6,4,17,15,6,8,3,7,4,2,39,6,25,7,19,13,2,14,26,6,20,4,3,25,38,23,37,25,3,31,6,3,18,1,5,38,35,24,4,39,33,47,14,26,35,40,6,8,27,4,2,18,19,20,29,5,34,12,37,7,51,8,23,41,41,0
3,32,7,2,5,2,6,2,35,3,7,5,0,5,2,25,34,18,0,3,4,4,28,42,4,21,26,8,5,26,31,5,33,31,2,27,5,17,30,4,6,27,27,2,2,35,27,1,3,1,21,11,5,33,30,3,6,4,20,41,26,26,30,25,36,33,24,21,2,25,2,30,43,33,6,9,3,29,7,2,4,25,9,4,5,33,2,30,5,7,5,19,2,4,0,6,28,28,9,4,0,3,7,3,6,2,4,6,6,29,30,4,44,18,24,6,7,1,40,8,4,17,6,24,11,42,31,5,16,29,5,1,4,3,33,52,2,4,28,2,1,7,3,31,16,24,5,4,4,29,8,7,6,31,2,6,36,5,44,33,12,2,7,40,8,28,3,15,6,30,14,23,19,8,6,26,27,10,6,21,1,28,38,2,7,28,2,17,35,46,25,7,13,41,27,0,0,3,27,43,35,51,5,3,2,34,53,51,7
7,5,17,3,6,25,5,22,24,7,29,3,4,2,7,1,3,6,12,4,2,27,27,27,7,17,8,19,36,44,20,5,23,5,20,5,2,26,7,5,4,2,22,4,27,16,29,7,7,5,16,22,5,8,41,17,3,2,7,29,5,28,36,5,34,20,2,2,28,22,3,29,29,5,22,3,33,11,10,6,22,8,4,5,36,2,2,7,31,44,35,30,21,34,27,4,2,34,24,0,7,1,21,24,21,5,1,25,24,22,23,33,6,2,7,3,7,8,27,3,8,5,7,7,24,4,27,25,32,34,35,37,9,19,43,30,2,8,33,4,18,4,3,0,19,38,5,5,4,6,1,21,49,23,2,5,39,0,17,28,31,20,6,4,1,31,29,9,29,24,40,9,34,0,7,7,5,28,0,14,27,6,32,8,4,33,3,23,27,7,0,2,28,39,25,27,9,22,6,4,3,7,5,41,19,9,7,5,31
28,3,40,7,2,2,22,3,31,3,5,22,5,4,6,21,6,25,31,0,3,2,5,25,38,2,4,30,25,16,6,1,4,6,36,3,3,3,34,21,5,7,21,23,7,30,31,38,2,5,27,25,8,29,25,3,23,8,7,6,39,7,36,8,2,20,7,5,3,0,8,21,7,5,40,28,21,6,46,3,42,6,9,33,5,33,3,8,4,32,28,3,18,3,8,9,5,27,4,37,3,5,4,28,7,30,37,19,31,4,4,5,4,5,11,24,33,0,32,23,6,4,1,4,45,6,25,4,1,3,4,2,11,32,27,34,5,27,6,33,20,7,29,22,5,28,22,28,16,1,22,8,20,22,1,3,33,4,24,0,29,18,40,7,19,21,40,5,4,0,9,2,7,41,37,5,26,2,4,3,0,19,2,29,28,3,4,5,27,2,3,9,6,17,6,29,20,6,7,33,8,20,22,21,6,46,9,28,1
5,22,31,34,2,34,2,7,6,2,5,27,3,34,9,1,18,3,22,0,4,32,2,2,2,8,40,5,44,39,4,20,33,0,24,5,34,25,32,34,26,39,2,8,4,25,32,6,2,6,24,25,3,31,25,35,29,37,5,4,6,4,3,8,3,16,5,23,4,25,31,4,32,43,38,31,14,3,1,3,2,15,23,38,35,17,3,32,1,6,5,1,5,40,50,3,18,36,24,38,5,5,2,20,21,30,4,6,2,27,28,2,30,1,6,3,8,4,3,22,7,5,33,4,6,2,4,1,26,33,27,28,7,2,27,40,48,28,41,31,4,4,26,3,12,30,4,38,21,42,2,36,2,7,23,6,27,37,20,7,33,24,34,26,7,9,30,6,24,5,6,6,7,36,13,37,4,1,3,2,6,10,23,7,6,9,8,2,0,20,7,4,4,7,6,3,6,32,30,0,1,4,41,22,2,10,3,25,34
6,25,2,26,35,28,1,5,5,40,0,9,35,1,5,7,9,33,25,26,0,40,25,33,8,3,35,6,30,4,26,34,40,1,3,7,36,38,29,36,5,6,1,1,5,29,34,15,25,4,7,3,36,10,24,6,27,32,30,29,32,43,7,30,2,32,4,32,7,30,30,1,2,5,23,6,44,1,31,4,22,9,7,26,23,2,23,29,3,4,43,9,5,20,18,6,3,4,27,23,0,4,0,31,8,27,30,40,7,32,6,5,2,2,29,8,4,26,26,2,24,37,5,3,2,5,31,24,8,7,19,6,1,10,6,28,2,39,7,30,8,31,32,5,2,4,6,6,4,5,8,43,4,3,3,29,19,21,5,41,3,28,28,5,34,19,24,34,5,18,7,1,2,23,9,3,7,4,5,0,5,43,4,35,26,17,50,3,3,3,20,7,32,29,3,25,23,28,7,5,16,22,36,1,5,51,5,24,27
