0,0,0,0,0,0,0,0,0,0,0,0,0,0,0,0,0,0,0,0,0,0,0,0,0,0,0,0,0,0,0,0,0,0,0,0,0,0,0,0,0,0,0,0,0,0,0,0,0,0,0,0,0,0,0,0,0,0,0,0,0,0,0,0,0,0,0,0,0,0,0,0,0,0,0,1,2,2,2,2,24,42,56,69,69,63,66,66,67,67,69,78,155,197,246,287,295,298,296,294,281,289,289,303,355,375,374,364,377,383,388,391,394,394,391,408,446,481,494,500,522,526,528,529,532,527,532,562,710,725,742,742,760,736,744,725,717,703,706,737,734,728,716,694,712,708,703,699,690,683,674,705,691,686,671,676,708,708,709,707,704,699,679,699,698,689,683,669,679,680,670,659,644,637,623,632,630,623,605,597,608,603,588,580,572,568,559,563,558,545,535,526,532,525,517,509,496,483,481,485,480,478,477,472,479,474,467,464,456,451,438,436,434,431,419,414,415,409,404,401,397,388,380,379,374,365,363,357,354,354,347,344,343,340,334,338,329,323,311,307,304,299,295,290,285,283,277,273,272,266,258,253,248,241,233,226,220,219,217,212,216,211,210,204,204,198,195,196,194,190,187,190,190,189,186,184,184,182,182,181,176,174,175,175,170,168,162,161,158,157,154,152,150,147,145,143,143,140,138,136
0,0,0,0,0,0,0,0,0,0,0,0,0,0,0,0,0,0,0,0,0,0,0,0,0,0,0,0,0,0,0,0,0,0,0,0,0,0,0,0,0,0,0,0,0,0,0,0,0,0,0,0,0,0,0,0,0,0,0,0,0,0,0,0,0,0,0,0,0,0,0,0,0,1,1,1,1,2,2,3,49,78,120,165,163,160,164,168,172,171,174,184,448,556,626,675,638,632,638,619,599,598,589,592,687,681,671,660,670,677,679,674,676,674,665,684,672,664,658,655,683,683,687,682,682,681,672,695,696,684,661,648,673,670,669,656,644,638,628,653,644,644,634,629,668,652,653,646,643,641,632,650,645,635,631,625,626,620,625,619,610,601,593,611,604,594,581,567,579,573,570,568,554,537,534,536,528,531,531,527,531,525,511,500,495,487,476,474,471,465,458,451,456,455,449,438,431,423,413,418,414,410,403,398,396,391,383,380,374,374,371,375,370,351,344,340,341,337,331,326,321,317,309,304,300,298,289,279,277,270,264,262,255,248,245,244,243,239,236,236,236,231,226,223,219,216,216,211,210,209,199,200,197,196,191,191,190,187,181,181,180,174,172,167,163,158,157,154,151,147,145,142,138,134,134,131,130,124,126,125,122,121,121,122,121,118,116,115,113,111,110,109,109,107,106,105,102,100,98,95
0,0,0,0,0,0,0,0,0,0,0,0,0,0,0,0,0,0,0,0,0,0,0,0,0,0,0,0,0,0,0,0,0,0,0,0,0,0,0,0,0,0,0,0,0,0,0,0,0,0,0,0,0,0,0,0,0,0,0,0,0,0,0,0,0,0,0,0,0,0,0,0,0,2,3,4,6,8,8,10,31,48,69,81,82,79,81,82,83,84,76,77,152,184,230,258,252,252,251,251,250,249,249,261,322,343,358,360,363,357,350,348,345,352,350,355,363,363,378,388,418,421,421,417,409,412,407,424,490,552,568,585,611,612,609,593,585,581,585,603,654,662,662,661,690,688,682,666,671,660,655,685,687,681,669,659,682,679,674,666,663,658,653,669,661,659,639,636,662,657,657,644,623,620,616,632,631,618,615,598,624,617,610,604,600,594,586,599,599,583,567,563,567,564,551,547,535,527,519,532,533,526,519,515,530,526,522,514,505,501,493,491,492,482,466,452,446,443,440,434,430,423,416,421,426,415,411,408,407,397,394,390,387,383,379,379,375,370,366,361,363,357,352,350,345,339,333,336,321,316,308,297,300,296,287,280,277,271,265,263,257,249,249,242,232,226,221,214,213,209,207,205,202,198,192,188,185,183,182,179,178,172,167,167,167,163,159,158,154,153,147,144,144,143,141,142,143,139,136,135
0,0,0,0,0,0,0,0,0,0,0,0,0,0,0,0,0,0,0,0,0,0,0,0,0,0,0,0,0,0,0,0,0,0,0,0,0,0,0,0,0,0,0,0,0,0,0,0,0,0,0,0,0,0,0,0,0,0,0,0,0,0,0,0,0,0,0,0,0,0,0,0,0,0,0,3,4,4,4,4,23,39,57,70,71,70,70,62,63,56,55,58,131,185,210,249,254,256,261,255,261,247,240,249,328,353,353,378,390,383,390,393,389,386,390,408,474,508,525,536,553,552,549,546,537,546,553,561,659,692,694,696,704,704,705,702,695,697,690,702,712,689,676,664,701,699,691,684,684,675,664,671,673,669,663,657,694,683,686,681,679,669,661,679,669,658,644,640,656,646,639,638,636,626,617,630,634,626,617,601,616,615,601,584,578,577,568,579,577,575,573,565,568,558,555,554,543,535,527,529,534,529,516,507,517,516,508,505,501,490,484,490,482,470,455,451,447,440,439,431,423,418,414,419,415,411,400,395,390,386,378,374,372,364,360,364,362,359,354,341,330,324,316,315,310,304,294,293,291,286,283,276,270,267,267,263,261,257,254,252,252,250,243,235,233,227,222,217,215,212,210,210,205,203,199,199,193,192,193,188,184,182,180,181,181,176,176,175,174,172,172,172,170,167,164,163,161,161,160,157
0,0,0,0,0,0,0,0,0,0,0,0,0,0,0,0,0,0,0,0,0,0,0,0,0,0,0,0,0,0,0,0,0,0,0,0,0,0,0,0,0,0,0,0,0,0,0,0,0,0,0,0,0,0,0,0,0,0,0,0,0,0,0,0,0,0,0,0,0,0,0,0,0,0,1,3,3,3,3,4,27,44,57,66,71,72,72,72,72,73,73,69,98,119,152,185,189,188,183,186,190,188,186,195,274,295,309,305,310,309,315,310,308,315,317,332,369,405,451,489,503,496,494,488,482,476,472,501,626,676,690,690,697,693,686,688,691,683,671,701,705,703,695,687,717,704,694,691,686,694,687,702,696,693,689,685,703,693,685,682,681,667,659,674,676,660,653,641,659,653,648,643,639,629,625,639,639,631,628,621,630,623,615,613,602,591,572,583,578,565,560,555,566,563,559,555,541,532,527,539,541,522,511,508,509,500,495,482,474,466,453,456,442,439,430,423,430,423,416,409,402,403,398,399,405,399,389,380,382,378,374,365,354,354,348,351,348,333,328,321,319,313,308,301,298,290,290,287,284,277,267,263,255,253,249,246,239,233,228,225,220,218,214,209,212,207,204,201,199,194,194,191,190,189,184,182,180,180,176,177,175,175,175,174,177,174,171,170,167,163,162,160,159,154,152,151,154,154,154,152
0,0,0,0,0,0,0,0,0,0,0,0,0,0,0,0,0,0,0,0,0,0,0,0,0,0,0,0,0,0,0,0,0,0,0,0,0,0,0,0,0,0,0,0,0,0,0,0,0,0,0,0,0,0,0,0,0,0,0,0,0,0,0,0,0,0,0,0,0,0,0,0,0,1,4,6,6,6,6,9,11,11,11,11,11,11,11,10,10,9,10,11,45,69,87,117,122,124,125,115,115,117,105,110,172,253,308,307,305,305,305,306,312,313,311,333,426,468,503,526,537,530,528,521,507,507,506,516,627,672,681,678,700,693,692,687,688,683,678,697,708,703,698,693,720,719,720,716,711,705,700,720,724,716,705,693,720,721,709,699,691,688,688,704,702,688,679,668,689,678,659,655,648,638,634,641,641,634,625,614,627,614,608,595,589,584,578,597,601,594,589,584,582,575,566,559,551,544,538,539,541,540,529,512,525,516,514,508,499,491,483,486,483,480,473,467,462,458,445,437,427,423,418,421,417,413,409,394,386,375,372,364,362,360,352,350,345,341,338,333,324,320,314,313,309,298,294,295,296,289,278,275,267,260,254,250,248,242,240,240,244,237,235,234,230,224,219,217,212,210,205,203,199,200,199,198,196,193,193,191,189,188,188,187,178,175,176,174,172,170,164,158,156,155,152,150,152,151,151,148
0,0,0,0,0,0,0,0,0,0,0,0,0,0,0,0,0,0,0,0,0,0,0,0,0,0,0,0,0,0,0,0,0,0,0,0,0,0,0,0,0,0,0,0,0,0,0,0,0,0,0,0,0,0,0,0,0,0,0,0,0,0,0,0,0,0,0,0,0,0,0,0,0,2,3,3,3,3,3,5,28,51,65,89,92,87,89,90,90,92,92,93,160,204,252,286,286,284,289,297,297,271,273,287,424,517,579,585,588,593,567,554,558,537,533,562,671,694,697,695,722,710,710,708,717,717,711,728,725,721,715,690,717,713,709,688,687,682,680,712,709,701,701,698,717,707,701,699,691,682,671,673,671,662,652,647,659,656,654,645,640,627,618,623,624,611,605,602,614,613,602,594,585,577,576,582,581,565,557,547,550,540,531,521,513,507,503,511,509,502,490,485,487,483,473,468,459,451,447,454,445,444,435,432,433,421,421,421,415,403,398,402,403,400,395,384,386,379,376,371,368,362,352,353,356,347,344,321,316,311,307,301,293,289,285,287,286,278,272,266,266,263,261,258,259,257,253,255,253,252,246,238,229,228,226,225,223,220,216,215,215,210,211,207,208,204,202,197,193,190,186,184,178,178,174,173,170,169,168,164,157,154,153,153,156,155,149,145,143,141,140,140,135,134,131,130,132,128,125,123
0,0,0,0,0,0,0,0,0,0,0,0,0,0,0,0,0,0,0,0,0,0,0,0,0,0,0,0,0,0,0,0,0,0,0,0,0,0,0,0,0,0,0,0,0,0,0,0,0,0,0,0,0,0,0,0,0,0,0,0,0,0,0,0,0,0,0,0,0,0,0,0,0,0,0,1,1,2,3,4,31,49,66,78,79,78,72,72,73,73,74,76,136,178,249,289,294,298,296,281,271,273,250,260,357,446,508,564,558,554,533,534,539,522,523,543,680,705,709,702,731,727,725,721,709,702,693,727,718,716,709,697,735,733,732,719,720,713,708,723,719,713,699,689,716,714,708,706,703,688,673,701,701,692,691,690,714,710,701,695,685,670,670,698,699,695,675,663,671,669,665,658,655,643,634,642,635,629,606,605,601,593,581,576,575,570,562,574,569,564,560,555,558,555,549,543,529,524,516,520,518,512,506,504,505,490,477,466,457,453,446,449,444,434,430,421,413,405,401,395,384,381,380,379,377,371,364,358,338,330,326,322,319,316,310,307,310,307,303,303,303,298,293,287,284,275,272,271,273,268,268,266,262,258,258,255,253,250,247,244,237,230,225,221,224,218,211,208,203,201,200,198,196,196,193,188,186,183,182,182,179,176,175,175,175,171,169,163,158,157,157,154,153,148,148,147,139,139,138,133
0,0,0,0,0,0,0,0,0,0,0,0,0,0,0,0,0,0,0,0,0,0,0,0,0,0,0,0,0,0,0,0,0,0,0,0,0,0,0,0,0,0,0,0,0,0,0,0,0,0,0,0,0,0,0,0,0,0,0,0,0,0,0,0,0,0,0,0,0,0,0,0,0,1,1,1,1,2,2,3,4,6,6,7,11,11,11,11,11,11,11,11,10,13,13,17,18,20,21,21,23,25,24,26,25,24,24,57,63,65,66,65,69,69,69,80,217,329,416,435,437,387,375,376,377,380,389,414,567,663,674,684,701,701,704,700,704,693,691,713,742,750,751,715,737,734,739,739,734,727,728,755,749,743,737,725,748,746,736,730,722,718,705,726,720,704,698,687,708,703,700,687,675,669,662,688,688,679,671,666,667,663,655,648,638,636,623,627,619,606,594,588,591,579,574,572,564,557,547,550,546,541,530,525,529,517,508,501,495,485,480,482,479,477,473,469,471,468,461,457,452,448,443,447,441,437,434,430,430,420,413,404,395,391,386,389,386,374,368,357,359,354,345,336,334,326,322,317,309,304,294,285,278,274,271,267,264,262,257,257,258,249,246,245,234,233,230,225,221,219,214,214,212,210,205,202,197,192,191,191,188,184,182,180,178,178,178,173,173,168,168,165,165,166,163,161,157,155,152,148
0,0,0,0,0,0,0,0,0,0,0,0,0,0,0,0,0,0,0,0,0,0,0,0,0,0,0,0,0,0,0,0,0,0,0,0,0,0,0,0,0,0,0,0,0,0,0,0,0,0,0,0,0,0,0,0,0,0,0,0,0,0,0,0,0,0,0,0,0,0,0,0,0,2,3,4,5,5,6,7,29,39,55,62,64,61,59,59,60,62,62,63,143,199,187,229,227,228,228,229,234,230,227,243,366,413,440,448,469,480,473,475,484,492,489,514,602,654,680,715,742,716,709,701,701,697,679,711,774,778,770,763,780,767,759,722,715,703,695,709,702,698,692,680,705,702,698,688,679,668,657,672,673,674,666,652,655,645,639,630,623,618,613,624,615,613,605,601,621,609,610,598,587,581,575,592,584,576,552,545,553,550,540,526,520,512,505,513,513,503,494,485,490,487,481,477,475,471,467,470,468,459,456,448,452,444,439,433,428,420,415,414,410,401,386,380,385,382,383,378,368,364,359,359,357,354,345,342,345,343,336,334,329,326,320,320,321,313,308,296,292,288,286,280,276,273,262,263,258,252,250,246,241,237,232,229,224,219,218,217,215,212,211,207,202,195,193,190,187,186,181,178,180,177,177,175,171,171,168,166,165,161,158,157,157,157,155,152,150,148,144,143,141,138,137,137,136,130,127,124
0,0,0,0,0,0,0,0,0,0,0,0,0,0,0,0,0,0,0,0,0,0,0,0,0,0,0,0,0,0,0,0,0,0,0,0,0,0,0,0,0,0,0,0,0,0,0,0,0,0,0,0,0,0,0,0,0,0,0,0,0,0,0,0,0,0,0,0,0,0,0,0,0,2,4,5,5,6,6,7,37,55,67,102,103,102,102,95,100,100,102,107,206,292,367,441,440,439,435,439,432,429,425,443,605,667,666,669,690,690,680,671,665,670,658,665,666,661,659,649,670,666,670,662,663,654,659,669,667,660,650,629,657,663,667,660,662,656,658,685,679,680,663,661,682,680,677,668,669,663,666,691,695,693,684,670,693,692,689,672,659,647,639,662,641,632,623,614,631,612,610,608,599,586,575,575,562,550,540,527,537,527,521,514,506,494,492,493,484,479,475,469,465,455,447,438,428,424,422,419,419,416,411,393,394,388,381,379,376,370,367,372,366,362,354,341,332,328,324,316,309,305,297,301,296,291,283,269,266,259,260,256,252,243,242,241,238,237,234,230,227,225,218,214,211,206,202,202,206,199,199,194,192,190,186,187,180,178,172,172,169,163,162,161,159,155,154,151,153,151,149,149,148,143,140,138,138,139,136,135,137,133,132,132,126,124,123,120,120,119,118,116,115,114,109,108,107,106,104,103
0,0,0,0,0,0,0,0,0,0,0,0,0,0,0,0,0,0,0,0,0,0,0,0,0,0,0,0,0,0,0,0,0,0,0,0,0,0,0,0,0,0,0,0,0,0,0,0,0,0,0,0,0,0,0,0,0,0,0,0,0,0,0,0,0,0,0,0,0,0,0,0,0,1,3,4,4,6,6,7,7,7,7,7,7,7,7,7,7,7,7,8,9,10,9,30,32,32,32,35,36,36,35,33,65,120,170,202,189,192,194,200,203,201,201,211,318,376,442,457,455,462,465,462,441,446,447,466,570,626,648,671,668,654,645,640,645,638,633,656,676,682,664,646,679,680,676,680,671,659,657,680,683,677,670,661,683,677,686,688,691,693,681,716,715,694,688,680,710,697,679,671,672,656,646,673,669,644,637,628,624,621,612,602,595,579,571,584,581,573,560,558,572,570,563,555,551,543,530,537,533,522,516,505,524,516,516,509,501,496,486,488,483,476,468,459,460,453,449,448,446,443,436,435,428,424,414,401,401,391,387,379,375,371,366,368,367,362,353,346,331,328,322,318,312,309,304,301,298,294,291,286,283,278,269,266,261,258,256,251,248,244,236,232,230,227,223,220,218,215,213,215,216,216,209,206,204,201,200,199,196,191,189,185,180,174,164,161,159,156,156,155,153,151,148,149,148,144,141,139
0,0,0,0,0,0,0,0,0,0,0,0,0,0,0,0,0,0,0,0,0,0,0,0,0,0,0,0,0,0,0,0,0,0,0,0,0,0,0,0,0,0,0,0,0,0,0,0,0,0,0,0,0,0,0,0,0,0,0,0,0,0,0,0,0,0,0,0,0,0,0,0,0,3,4,6,3,5,5,8,8,9,10,11,13,13,13,13,12,12,12,15,15,15,15,15,22,21,21,20,17,17,18,22,42,61,82,89,88,90,90,94,96,102,104,110,283,401,408,408,410,410,412,412,415,410,410,431,561,626,690,720,736,730,732,731,737,737,711,728,740,741,733,717,739,735,721,715,717,714,701,722,722,712,704,699,711,700,688,676,678,673,666,696,682,676,670,664,687,680,677,673,663,653,654,671,662,658,654,643,654,649,640,634,625,621,610,612,605,602,595,588,593,582,572,561,548,542,535,545,541,532,522,514,518,515,511,506,499,488,482,495,488,486,483,476,480,474,472,470,465,460,454,448,444,437,428,420,422,418,414,411,406,403,394,392,388,382,367,340,338,334,324,318,314,308,303,300,299,295,290,289,292,287,280,277,272,265,259,254,244,244,240,234,235,232,227,225,221,217,214,210,209,207,205,196,195,193,193,190,188,184,179,181,181,176,175,173,175,174,169,169,167,166,164,161,163,161,156,153
0,0,0,0,0,0,0,0,0,0,0,0,0,0,0,0,0,0,0,0,0,0,0,0,0,0,0,0,0,0,0,0,0,0,0,0,0,0,0,0,0,0,0,0,0,0,0,0,0,0,0,0,0,0,0,0,0,0,0,0,0,0,0,0,0,0,0,0,0,0,0,0,0,3,4,4,4,5,5,7,9,10,11,11,13,13,13,13,13,13,13,15,15,15,15,15,16,15,15,15,15,14,14,16,38,58,70,105,106,106,106,107,109,108,106,102,202,290,366,412,411,413,380,384,387,385,381,384,553,620,654,682,687,679,683,678,669,671,666,686,706,686,687,684,697,690,688,683,685,681,674,716,701,698,696,683,688,683,690,684,669,663,669,697,698,691,684,676,709,700,689,687,671,659,648,671,660,636,629,616,635,625,621,610,603,598,595,608,601,592,585,585,591,584,586,583,573,565,558,562,563,554,548,548,559,548,543,532,528,526,519,535,536,530,523,518,524,515,511,504,501,497,493,493,490,485,477,469,473,468,460,456,451,446,442,440,433,432,427,410,408,403,394,390,385,378,371,373,362,359,352,345,348,344,339,335,329,326,317,314,308,302,299,293,294,289,285,277,272,266,263,262,260,254,250,245,247,242,234,232,228,226,221,222,218,214,211,210,209,208,206,203,201,198,197,195,199,196,183,180
0,0,0,0,0,0,0,0,0,0,0,0,0,0,0,0,0,0,0,0,0,0,0,0,0,0,0,0,0,0,0,0,0,0,0,0,0,0,0,0,0,0,0,0,0,0,0,0,0,0,0,0,0,0,0,0,0,0,0,0,0,0,0,0,0,0,0,0,0,0,0,0,0,2,2,3,3,3,3,3,32,52,73,84,84,84,83,82,81,78,77,82,230,351,398,410,410,404,384,386,384,393,397,396,498,538,562,595,603,602,592,580,582,578,576,605,672,703,716,709,740,726,720,689,682,668,665,693,689,686,680,674,688,687,682,677,678,672,665,705,705,692,684,674,703,695,684,685,676,675,666,683,683,670,663,663,677,677,665,657,651,629,619,650,635,635,627,621,633,630,626,617,612,605,595,604,583,565,550,544,539,533,534,527,517,513,506,523,517,510,495,493,505,497,491,488,487,488,482,479,473,466,460,454,460,453,450,444,437,430,426,425,419,408,390,375,373,370,360,356,352,346,342,340,326,324,317,315,307,304,304,291,286,284,279,279,273,269,264,259,260,255,254,251,246,244,238,238,241,242,238,231,224,219,214,211,208,207,203,206,200,199,194,193,185,184,184,180,175,173,172,171,170,168,166,162,159,159,154,152,150,148,146,144,142,139,138,133,127,124,123,122,120,118,117,114,114,112,109,107
0,0,0,0,0,0,0,0,0,0,0,0,0,0,0,0,0,0,0,0,0,0,0,0,0,0,0,0,0,0,0,0,0,0,0,0,0,0,0,0,0,0,0,0,0,0,0,0,0,0,0,0,0,0,0,0,0,0,0,0,0,0,0,0,0,0,0,0,0,0,0,0,0,3,3,4,4,5,5,5,31,53,64,72,67,68,57,58,59,62,61,65,129,186,243,319,337,348,328,331,334,338,337,353,450,471,485,510,523,521,519,510,518,521,512,541,618,642,665,669,689,698,698,689,682,675,668,696,739,742,734,723,749,737,729,734,723,716,707,724,709,704,696,683,701,700,699,691,683,681,673,697,691,691,685,679,695,688,683,677,674,664,652,668,650,648,632,626,631,630,627,618,615,607,599,607,606,600,593,590,584,577,560,555,553,536,527,541,536,533,527,522,531,525,519,513,507,500,490,488,471,466,460,446,456,451,443,433,430,425,419,422,414,410,400,391,393,387,381,375,369,365,361,358,349,340,338,330,328,320,317,314,306,298,294,291,287,280,274,272,272,270,267,263,260,254,250,251,247,246,240,232,230,224,222,220,215,211,205,202,196,190,185,177,177,175,174,172,169,167,165,166,160,160,159,157,156,154,152,152,148,149,149,145,144,144,138,135,137,136,135,134,134,134,135,135,132,131,131,130
0,0,0,0,0,0,0,0,0,0,0,0,0,0,0,0,0,0,0,0,0,0,0,0,0,0,0,0,0,0,0,0,0,0,0,0,0,0,0,0,0,0,0,0,0,0,0,0,0,0,0,0,0,0,0,0,0,0,0,0,0,0,0,0,0,0,0,0,0,0,0,0,0,0,0,1,1,1,1,5,28,43,81,163,157,157,141,144,145,146,141,145,328,439,509,589,591,562,565,544,541,535,526,532,638,657,670,672,676,677,675,676,671,672,659,687,677,669,663,657,695,700,695,695,689,681,680,706,700,689,680,673,705,697,693,688,671,672,671,692,685,676,664,659,675,667,662,658,653,651,645,670,665,665,657,643,659,649,633,620,618,609,599,603,600,598,590,584,597,589,586,574,561,551,540,545,542,539,535,532,541,535,535,526,517,511,504,502,503,498,470,456,456,448,445,438,432,429,419,427,426,417,416,412,410,402,396,391,388,385,378,384,372,356,342,335,334,331,321,320,314,309,308,305,298,294,291,286,288,288,285,285,275,271,270,272,270,266,264,259,259,258,256,248,245,240,237,236,234,224,218,216,216,214,211,208,208,203,200,196,192,186,184,179,180,176,175,173,167,165,163,161,164,164,162,161,162,159,155,148,147,147,143,146,143,142,141,137,140,140,137,135,134,132,131,127,126,127,123,124
0,0,0,0,0,0,0,0,0,0,0,0,0,0,0,0,0,0,0,0,0,0,0,0,0,0,0,0,0,0,0,0,0,0,0,0,0,0,0,0,0,0,0,0,0,0,0,0,0,0,0,0,0,0,0,0,0,0,0,0,0,0,0,0,0,0,0,0,0,0,0,0,0,0,2,3,3,4,4,7,27,26,26,25,29,28,27,29,28,28,28,27,60,92,130,180,186,188,191,180,181,186,184,189,310,371,417,434,443,455,455,458,458,450,450,457,506,567,584,616,597,594,594,604,587,584,583,620,699,718,708,707,729,719,712,711,710,707,697,703,700,694,690,685,698,692,685,685,674,667,664,688,685,678,664,662,679,671,651,645,640,628,619,644,638,632,626,623,637,635,636,631,625,615,601,609,607,604,595,590,607,599,593,587,573,569,557,565,558,548,529,524,532,528,525,516,516,507,503,507,510,495,491,484,483,471,473,468,460,453,441,442,443,437,430,422,431,426,419,417,411,410,406,404,406,405,402,384,380,378,372,361,359,356,351,354,341,338,326,321,308,307,303,301,296,294,293,291,290,284,277,271,271,268,264,262,259,256,255,252,252,250,247,243,236,233,231,231,224,222,217,216,218,212,209,207,205,202,201,195,192,188,182,180,176,171,167,167,166,163,163,160,155,151,150,144,143,138,136,134
0,0,0,0,0,0,0,0,0,0,0,0,0,0,0,0,0,0,0,0,0,0,0,0,0,0,0,0,0,0,0,0,0,0,0,0,0,0,0,0,0,0,0,0,0,0,0,0,0,0,0,0,0,0,0,0,0,0,0,0,0,0,0,0,0,0,0,0,0,0,0,0,0,1,3,5,5,5,7,8,9,9,9,8,9,9,10,10,8,8,8,9,51,83,109,115,114,97,91,89,87,89,87,89,194,258,303,343,348,353,322,314,310,309,307,320,403,439,466,521,519,518,510,512,503,501,499,525,630,663,672,674,701,681,684,690,694,690,690,698,701,695,683,671,693,695,692,685,687,679,672,696,704,681,665,655,684,682,673,667,664,659,656,661,651,643,632,621,643,646,640,634,628,621,609,631,638,629,625,621,618,611,607,591,579,578,566,578,569,563,553,542,553,545,537,522,512,505,499,510,510,504,496,493,503,492,484,476,469,466,460,459,452,450,443,437,437,432,423,412,410,406,402,409,405,402,400,397,397,387,383,370,364,361,359,361,359,352,344,337,337,331,323,316,310,301,298,297,298,284,282,269,261,258,252,247,243,238,231,234,226,223,212,206,207,205,200,198,195,192,185,182,183,180,172,169,169,165,166,163,161,153,148,148,148,144,139,135,134,132,129,130,125,124,122,122,121,118,115,113
0,0,0,0,0,0,0,0,0,0,0,0,0,0,0,0,0,0,0,0,0,0,0,0,0,0,0,0,0,0,0,0,0,0,0,0,0,0,0,0,0,0,0,0,0,0,0,0,0,0,0,0,0,0,0,0,0,0,0,0,0,0,0,0,0,0,0,0,0,0,0,0,0,1,2,3,4,4,4,5,53,85,107,178,172,171,166,170,166,161,162,165,391,504,590,621,603,600,603,604,609,613,617,620,720,709,693,681,707,716,706,697,695,692,699,716,704,696,689,684,697,694,695,696,697,695,691,716,711,710,701,689,718,712,708,701,695,689,675,689,685,678,674,666,677,667,652,645,636,634,623,641,637,623,609,603,630,620,615,607,601,600,588,592,580,575,561,552,569,567,554,553,549,543,535,557,559,552,535,526,529,519,514,507,494,489,481,484,478,476,468,448,445,440,435,434,425,421,414,408,406,401,401,393,393,387,381,373,372,364,359,359,357,345,336,331,330,325,319,312,303,299,295,291,290,285,283,280,278,272,266,265,258,255,254,250,246,242,237,232,232,230,225,222,221,219,218,220,217,217,216,212,212,207,205,203,197,191,187,184,186,184,180,177,176,173,171,169,167,164,161,159,155,152,148,147,147,142,138,138,137,134,129,129,127,126,124,122,121,118,116,116,115,114,114,113,115,112,110,109
0,0,0,0,0,0,0,0,0,0,0,0,0,0,0,0,0,0,0,0,0,0,0,0,0,0,0,0,0,0,0,0,0,0,0,0,0,0,0,0,0,0,0,0,0,0,0,0,0,0,0,0,0,0,0,0,0,0,0,0,0,0,0,0,0,0,0,0,0,0,0,0,0,2,4,4,7,7,6,12,13,15,15,15,16,16,16,16,16,16,16,21,21,21,21,21,20,20,20,19,20,19,20,21,47,59,75,83,84,75,73,75,73,76,76,78,177,251,302,324,313,315,317,317,304,298,299,304,349,384,430,457,474,466,473,477,483,488,486,506,613,634,652,648,647,649,642,637,633,634,635,657,660,659,656,647,659,657,656,647,649,637,638,668,676,675,672,666,682,684,677,676,674,669,668,688,686,671,661,654,670,667,660,646,636,632,627,644,644,638,623,611,630,629,625,615,612,598,586,594,590,589,578,576,593,583,576,563,561,556,552,557,553,542,536,526,536,526,512,503,498,492,485,490,495,490,483,478,474,470,465,460,454,444,435,437,429,422,413,408,407,397,386,380,374,373,366,372,371,367,365,364,359,354,346,340,339,336,332,332,326,307,302,298,292,289,288,285,283,277,274,271,268,266,265,260,255,249,250,248,246,243,242,240,241,240,239,238,234,230,225,223,220,217,212,209,210,209,200,196
0,0,0,0,0,0,0,0,0,0,0,0,0,0,0,0,0,0,0,0,0,0,0,0,0,0,0,0,0,0,0,0,0,0,0,0,0,0,0,0,0,0,0,0,0,0,0,0,0,0,0,0,0,0,0,0,0,0,0,0,0,0,0,0,0,0,0,0,0,0,0,0,0,1,3,3,4,2,2,6,46,93,123,144,132,129,130,129,130,130,134,142,292,362,380,395,401,408,360,361,364,370,357,367,396,403,426,456,466,455,459,460,465,464,459,489,639,695,727,709,728,704,686,677,672,659,654,686,690,677,670,665,691,700,702,694,693,685,687,715,704,698,696,691,716,716,708,702,703,691,691,721,715,716,707,699,732,726,700,685,677,665,655,679,681,672,666,653,660,654,643,637,632,625,622,635,614,609,605,598,602,594,587,581,569,565,556,558,562,556,549,541,539,535,535,523,520,516,508,514,511,504,501,496,483,477,472,465,463,455,452,450,449,442,432,419,421,413,400,391,388,384,380,376,372,369,360,351,353,347,339,334,322,318,316,313,302,301,298,281,282,277,271,266,263,257,256,253,251,249,244,243,244,243,240,232,225,219,216,214,210,206,200,194,195,194,192,189,189,183,179,178,178,177,175,174,173,170,168,163,160,160,157,154,152,150,146,142,141,138,135,134,132,132,128,129,125,123,122,119
0,0,0,0,0,0,0,0,0,0,0,0,0,0,0,0,0,0,0,0,0,0,0,0,0,0,0,0,0,0,0,0,0,0,0,0,0,0,0,0,0,0,0,0,0,0,0,0,0,0,0,0,0,0,0,0,0,0,0,0,0,0,0,0,0,0,0,0,0,0,0,0,0,5,5,6,7,7,7,10,68,98,134,175,174,154,150,151,149,151,153,161,282,341,372,404,405,406,410,416,409,413,401,417,465,491,520,529,550,559,563,563,562,555,551,572,656,665,672,672,684,682,691,684,683,680,676,698,701,700,697,696,720,712,708,699,695,673,670,682,695,692,687,678,705,700,695,687,684,669,664,692,674,666,653,646,666,655,642,635,621,616,610,638,636,625,621,611,627,620,609,606,596,582,575,590,578,572,558,552,555,548,545,540,531,531,527,531,526,521,513,498,509,501,494,482,476,468,462,465,459,457,447,439,439,440,433,427,424,418,414,414,408,389,381,373,373,367,365,359,349,345,336,333,331,321,316,311,304,302,302,295,290,286,283,282,281,277,272,267,263,260,258,254,249,245,239,235,233,230,228,224,217,217,215,208,204,203,198,192,191,186,185,183,180,176,176,173,171,169,165,163,159,158,156,156,152,151,148,146,144,143,141,138,139,135,133,130,128,126,125,125,123,121,121,121,122,118,115,110
0,0,0,0,0,0,0,0,0,0,0,0,0,0,0,0,0,0,0,0,0,0,0,0,0,0,0,0,0,0,0,0,0,0,0,0,0,0,0,0,0,0,0,0,0,0,0,0,0,0,0,0,0,0,0,0,0,0,0,0,0,0,0,0,0,0,0,0,0,0,0,0,0,1,3,3,5,5,6,8,30,47,64,76,79,76,80,80,84,82,83,92,227,317,374,436,416,399,394,389,391,391,395,415,555,601,610,649,662,654,647,643,634,613,615,624,680,683,676,664,674,669,663,661,662,659,659,673,673,661,646,634,666,666,654,645,647,642,643,661,650,644,641,634,653,657,634,623,622,622,618,627,630,622,608,606,615,614,602,595,589,584,582,591,593,589,580,574,587,583,577,564,560,552,537,552,543,542,540,524,532,526,518,515,505,500,485,492,489,492,489,483,488,480,471,465,466,462,455,458,456,447,440,435,436,433,430,424,421,412,408,409,400,381,378,370,362,357,350,348,342,336,328,337,334,313,301,297,295,293,287,287,286,283,276,273,274,273,264,266,268,265,259,254,251,242,240,239,238,236,233,225,225,225,216,206,207,206,203,201,196,191,192,191,186,183,180,176,170,167,166,164,159,158,157,153,153,150,149,142,138,136,132,131,132,131,127,123,124,123,118,114,112,111,108,105,102,101,101,100
0,0,0,0,0,0,0,0,0,0,0,0,0,0,0,0,0,0,0,0,0,0,0,0,0,0,0,0,0,0,0,0,0,0,0,0,0,0,0,0,0,0,0,0,0,0,0,0,0,0,0,0,0,0,0,0,0,0,0,0,0,0,0,0,0,0,0,0,0,0,0,0,0,1,1,2,2,4,4,5,27,46,64,81,83,81,82,82,82,84,76,79,158,253,315,350,362,315,307,311,307,312,314,335,383,434,448,468,467,454,460,458,464,458,460,473,538,577,616,644,660,664,665,656,644,642,641,664,691,685,678,656,674,674,675,671,663,661,661,690,682,677,670,665,681,670,670,673,671,669,665,689,694,668,655,652,678,678,672,666,648,646,638,661,658,651,630,624,632,627,621,616,605,599,593,606,603,591,583,574,586,581,561,554,540,528,518,521,516,506,505,502,507,508,503,501,486,474,468,469,470,463,461,452,453,451,446,439,433,427,417,423,418,412,409,404,403,400,391,384,377,372,370,367,360,353,339,334,336,330,329,324,317,316,314,310,308,304,299,296,297,293,288,281,277,269,263,260,252,247,244,234,228,224,222,217,214,209,211,211,207,204,200,199,200,198,195,191,192,190,188,186,185,176,170,167,163,161,159,155,150,149,145,142,140,142,139,138,140,137,135,134,128,124,121,122,118,119,119,119
0,0,0,0,0,0,0,0,0,0,0,0,0,0,0,0,0,0,0,0,0,0,0,0,0,0,0,0,0,0,0,0,0,0,0,0,0,0,0,0,0,0,0,0,0,0,0,0,0,0,0,0,0,0,0,0,0,0,0,0,0,0,0,0,0,0,0,0,0,0,0,0,0,3,3,4,5,7,8,10,70,105,159,232,232,231,240,238,240,243,241,260,550,658,735,707,702,693,673,670,664,652,649,674,716,717,704,696,696,702,705,710,702,694,688,716,714,705,685,674,692,693,701,701,690,689,680,704,705,700,694,689,710,708,697,692,684,677,673,707,706,692,670,660,690,681,679,674,667,663,652,665,659,649,644,632,648,627,613,605,593,585,579,582,587,580,559,551,566,555,542,534,526,517,504,509,507,503,492,487,478,474,470,460,452,448,441,445,446,439,434,425,428,427,422,416,409,407,402,398,397,388,375,372,372,369,363,357,356,349,346,352,350,342,339,325,317,313,308,306,305,300,298,291,290,288,283,278,270,266,263,259,254,256,255,252,248,245,235,233,231,230,228,220,219,217,214,217,214,211,209,206,195,193,190,188,183,181,176,180,180,173,172,170,171,168,167,165,166,165,162,158,151,148,147,142,141,136,134,128,126,124,123,124,123,123,123,116,113,111,110,107,105,105,102,100,100,101,99,98
0,0,0,0,0,0,0,0,0,0,0,0,0,0,0,0,0,0,0,0,0,0,0,0,0,0,0,0,0,0,0,0,0,0,0,0,0,0,0,0,0,0,0,0,0,0,0,0,0,0,0,0,0,0,0,0,0,0,0,0,0,0,0,0,0,0,0,0,0,0,0,0,0,1,3,5,6,7,8,9,30,53,83,112,104,104,94,91,93,91,96,92,158,255,317,371,374,357,351,356,356,362,363,369,558,629,663,694,691,687,673,680,659,660,654,673,699,699,692,684,717,709,715,711,704,703,699,722,716,711,700,690,722,722,726,724,716,712,701,736,738,735,719,717,743,738,723,707,704,691,673,679,672,667,661,650,658,656,655,647,642,634,622,648,637,632,625,618,631,612,610,608,605,601,595,608,595,587,581,574,568,557,555,547,527,520,516,508,496,488,481,465,467,456,448,440,434,428,423,423,418,413,408,396,393,388,382,375,371,367,367,368,361,353,347,343,345,334,328,324,316,315,313,315,313,306,297,294,286,280,277,274,274,271,267,268,261,257,253,247,243,238,234,230,230,227,224,224,224,220,217,210,207,202,197,194,191,188,183,182,182,178,175,173,170,167,163,160,157,154,150,146,144,143,140,138,132,132,129,126,126,124,121,119,119,115,116,116,118,113,112,110,108,107,105,107,108,107,106,104
0,0,0,0,0,0,0,0,0,0,0,0,0,0,0,0,0,0,0,0,0,0,0,0,0,0,0,0,0,0,0,0,0,0,0,0,0,0,0,0,0,0,0,0,0,0,0,0,0,0,0,0,0,0,0,0,0,0,0,0,0,0,0,0,0,0,0,0,0,0,0,0,0,0,1,4,4,5,5,7,26,48,66,76,75,74,75,78,78,80,80,83,211,310,348,350,354,362,344,346,342,341,332,342,385,382,377,366,395,397,406,405,412,405,406,442,490,523,544,558,580,580,582,574,564,565,564,587,648,674,669,668,703,697,689,686,669,662,660,678,685,674,667,644,681,677,666,659,653,646,641,671,675,670,650,642,669,658,659,653,641,640,634,665,660,657,647,626,629,629,622,614,592,586,580,596,592,574,571,566,571,565,559,554,551,541,534,540,530,521,516,508,510,499,493,489,476,468,466,471,468,462,456,453,456,455,451,444,441,438,430,432,426,403,398,388,390,388,379,370,368,364,362,360,360,349,346,341,340,336,330,323,319,314,306,298,297,299,289,283,281,277,274,269,263,261,259,261,252,240,236,234,231,227,227,224,221,215,210,210,209,204,202,195,188,185,183,179,179,178,177,174,171,169,164,163,160,156,154,151,148,146,144,144,146,143,144,138,137,135,136,132,131,128,126,129,130,131,130,132
0,0,0,0,0,0,0,0,0,0,0,0,0,0,0,0,0,0,0,0,0,0,0,0,0,0,0,0,0,0,0,0,0,0,0,0,0,0,0,0,0,0,0,0,0,0,0,0,0,0,0,0,0,0,0,0,0,0,0,0,0,0,0,0,0,0,0,0,0,0,0,0,0,1,1,2,2,2,2,3,4,4,4,3,3,3,3,4,4,4,4,6,6,6,7,7,8,7,7,7,7,7,8,12,44,64,75,86,84,86,86,88,87,86,89,94,240,336,407,447,420,422,433,413,414,415,398,404,424,417,409,406,430,439,443,447,455,460,459,468,529,550,564,608,631,636,629,629,624,608,609,638,713,727,736,723,745,726,721,716,713,706,699,728,731,729,722,708,725,715,705,697,691,689,676,699,695,690,686,675,704,698,691,681,667,669,665,694,693,681,669,657,656,648,642,630,625,612,608,611,604,598,588,582,595,587,576,568,560,555,544,551,545,537,525,519,530,527,518,513,506,498,493,501,494,488,484,478,478,469,462,450,449,447,443,441,435,425,416,415,398,396,394,385,378,364,362,359,354,347,340,334,331,326,323,321,319,307,301,300,289,281,276,271,268,269,265,262,262,253,248,249,240,236,225,216,215,214,213,212,207,206,204,207,205,203,202,198,196,195,194,193,193,190,183,182,174,173,171,168
0,0,0,0,0,0,0,0,0,0,0,0,0,0,0,0,0,0,0,0,0,0,0,0,0,0,0,0,0,0,0,0,0,0,0,0,0,0,0,0,0,0,0,0,0,0,0,0,0,0,0,0,0,0,0,0,0,0,0,0,0,0,0,0,0,0,0,0,0,0,0,0,0,1,1,1,1,2,2,4,25,47,58,63,64,62,62,62,62,62,62,65,102,145,195,234,240,216,219,221,220,222,224,234,410,521,595,637,635,609,608,599,598,586,570,579,642,654,650,642,668,668,676,672,665,657,657,683,681,681,679,659,689,688,681,680,674,667,659,672,669,656,655,649,668,663,664,659,651,642,638,658,662,660,641,639,668,655,660,644,640,625,615,631,624,616,609,606,614,605,596,584,569,563,559,578,571,561,561,558,569,565,554,543,534,531,523,535,526,519,516,500,506,500,493,478,471,467,461,465,460,458,448,442,450,444,432,428,425,416,412,414,410,409,397,392,398,393,387,384,384,373,367,369,363,349,340,338,330,326,320,316,310,307,303,302,301,298,292,288,288,282,280,277,273,269,266,269,268,263,257,253,251,247,241,237,235,229,225,224,220,218,216,214,215,212,206,205,201,199,194,193,191,188,187,184,181,179,175,169,165,163,158,159,160,158,156,156,155,155,150,148,147,145,143,141,140,130,125,121
0,0,0,0,0,0,0,0,0,0,0,0,0,0,0,0,0,0,0,0,0,0,0,0,0,0,0,0,0,0,0,0,0,0,0,0,0,0,0,0,0,0,0,0,0,0,0,0,0,0,0,0,0,0,0,0,0,0,0,0,0,0,0,0,0,0,0,0,0,0,0,0,0,4,6,6,7,7,7,9,9,9,10,10,14,15,16,16,16,15,15,17,16,16,16,16,19,19,19,19,19,19,19,19,20,20,21,22,27,27,27,29,30,30,26,28,28,28,27,42,50,49,47,48,50,51,52,63,154,253,322,349,353,352,352,349,337,330,325,343,567,649,696,702,716,717,674,657,659,651,651,674,686,681,680,675,700,707,707,704,702,709,699,725,728,729,722,713,739,739,724,729,724,719,704,738,729,724,726,723,727,720,719,711,707,692,684,718,703,689,670,664,686,688,676,675,669,661,656,662,663,648,646,644,655,648,640,628,622,619,615,626,621,613,611,607,609,593,587,583,575,568,560,557,556,551,537,535,533,530,523,513,509,501,493,496,492,480,473,467,474,467,456,450,440,433,426,422,420,418,409,375,372,368,361,358,351,344,341,336,334,326,316,305,301,297,292,286,281,279,278,281,279,272,268,265,258,253,245,239,235,231,231,228,225,220,218,211,208,205,205,201,199,197,195,196,195,191,190,184
0,0,0,0,0,0,0,0,0,0,0,0,0,0,0,0,0,0,0,0,0,0,0,0,0,0,0,0,0,0,0,0,0,0,0,0,0,0,0,0,0,0,0,0,0,0,0,0,0,0,0,0,0,0,0,0,0,0,0,0,0,0,0,0,0,0,0,0,0,0,0,0,0,2,3,3,3,6,6,7,42,72,66,65,65,65,67,67,67,65,60,65,156,215,260,335,337,326,334,338,341,348,348,370,467,488,528,577,588,559,532,520,532,533,533,540,639,674,677,659,686,682,672,668,665,661,654,684,690,680,663,663,684,683,678,674,670,664,653,666,666,654,648,647,665,662,664,651,650,646,625,647,648,642,638,631,644,649,635,629,626,621,610,630,632,623,620,611,619,613,610,602,599,586,580,588,584,575,563,555,569,564,552,548,529,520,517,527,524,517,511,503,508,504,497,489,483,479,477,484,482,471,449,447,443,436,434,430,421,413,408,409,413,400,401,401,400,392,386,385,381,378,371,371,359,341,328,326,321,315,307,302,297,293,288,292,288,284,276,268,268,265,262,257,252,251,252,253,248,243,239,233,235,228,225,228,222,219,214,213,210,207,207,202,195,193,191,188,188,188,187,185,184,182,183,181,169,165,164,162,161,160,157,159,155,154,153,151,152,150,148,144,144,141,137,139,135,131,130,129
0,0,0,0,0,0,0,0,0,0,0,0,0,0,0,0,0,0,0,0,0,0,0,0,0,0,0,0,0,0,0,0,0,0,0,0,0,0,0,0,0,0,0,0,0,0,0,0,0,0,0,0,0,0,0,0,0,0,0,0,0,0,0,0,0,0,0,0,0,0,0,0,0,2,3,5,5,5,7,8,86,152,183,235,237,214,221,222,206,199,190,198,344,405,431,459,487,493,500,499,498,494,497,514,603,650,671,683,665,674,678,658,649,652,650,678,708,706,703,695,711,717,718,714,711,698,696,721,720,715,698,690,723,725,718,708,697,683,671,701,691,681,661,644,665,663,663,645,637,622,613,629,625,619,607,601,624,615,615,612,597,597,588,604,601,586,582,573,584,579,567,559,553,547,542,547,537,527,521,514,522,510,509,504,490,480,467,474,466,457,448,422,430,424,423,418,411,401,395,395,392,384,380,374,368,363,351,347,343,337,330,329,324,314,309,302,305,301,298,294,290,284,275,274,262,259,254,251,246,245,241,235,230,228,227,225,221,219,216,214,210,205,202,197,197,196,192,190,189,187,186,185,182,179,176,174,171,171,169,171,167,164,158,151,148,146,145,144,144,141,139,140,136,132,132,130,126,127,125,124,125,121,117,116,114,113,109,109,110,105,105,105,105,103,104,103,105,96,97,96
0,0,0,0,0,0,0,0,0,0,0,0,0,0,0,0,0,0,0,0,0,0,0,0,0,0,0,0,0,0,0,0,0,0,0,0,0,0,0,0,0,0,0,0,0,0,0,0,0,0,0,0,0,0,0,0,0,0,0,0,0,0,0,0,0,0,0,0,0,0,0,0,0,2,4,7,9,9,9,11,10,10,13,14,16,16,16,15,15,15,15,15,15,15,16,16,23,23,23,23,24,23,24,28,34,36,37,37,39,38,38,38,40,39,39,42,75,138,206,283,288,297,301,302,280,276,275,272,405,482,579,634,637,639,626,621,627,598,599,595,710,713,713,713,734,739,735,742,738,736,738,765,762,755,747,728,757,765,750,726,716,703,696,725,721,711,697,684,719,719,713,703,694,686,684,710,706,693,676,662,674,666,652,642,628,624,612,626,624,616,611,606,619,618,615,612,606,599,584,584,574,567,562,556,561,555,552,542,535,532,525,528,522,517,506,495,501,497,484,478,472,466,459,466,456,451,448,439,437,432,424,420,416,408,403,404,403,396,391,380,380,372,367,361,354,348,341,337,321,317,313,303,292,288,285,279,273,264,258,254,247,243,239,236,227,228,227,224,223,222,220,220,219,218,210,206,204,199,194,191,189,186,183,184,185,179,176,176,178,176,173,169,169,166,163,165,165,161,154,154
0,0,0,0,0,0,0,0,0,0,0,0,0,0,0,0,0,0,0,0,0,0,0,0,0,0,0,0,0,0,0,0,0,0,0,0,0,0,0,0,0,0,0,0,0,0,0,0,0,0,0,0,0,0,0,0,0,0,0,0,0,0,0,0,0,0,0,0,0,0,0,0,0,1,1,2,4,5,5,11,68,87,102,114,114,110,106,106,107,108,106,108,250,307,383,450,435,424,420,418,423,421,424,429,542,593,635,657,664,667,665,663,649,642,636,658,690,693,683,679,713,716,712,703,699,687,693,714,702,692,683,676,708,699,703,692,686,680,679,707,696,677,684,678,705,701,696,686,678,664,649,671,667,660,652,639,666,655,654,650,644,638,620,640,637,631,621,615,620,615,603,600,596,591,584,597,596,588,580,573,577,572,566,564,556,549,531,535,524,519,513,503,508,507,498,484,482,471,468,469,469,459,455,450,451,449,443,438,434,428,423,426,420,407,397,385,383,376,369,366,366,356,356,358,349,342,336,331,334,333,331,328,321,317,314,314,307,307,304,298,291,292,289,287,281,277,274,269,266,260,258,257,254,253,250,244,242,238,235,237,231,228,226,221,217,211,210,207,201,197,195,195,192,189,187,185,183,181,179,177,173,169,167,163,163,160,157,156,148,146,141,140,138,135,134,134,136,134,131,131
0,0,0,0,0,0,0,0,0,0,0,0,0,0,0,0,0,0,0,0,0,0,0,0,0,0,0,0,0,0,0,0,0,0,0,0,0,0,0,0,0,0,0,0,0,0,0,0,0,0,0,0,0,0,0,0,0,0,0,0,0,0,0,0,0,0,0,0,0,0,0,0,0,0,3,4,4,4,4,6,33,59,71,71,72,71,70,70,70,70,65,66,149,213,261,285,272,275,278,273,273,274,279,296,419,437,472,538,537,547,554,556,562,546,548,586,699,714,718,728,740,738,737,731,697,703,696,719,727,709,706,683,715,723,716,709,706,693,678,714,706,704,683,669,681,670,672,664,657,653,646,673,675,667,649,647,674,667,653,653,647,636,634,649,646,648,635,626,633,622,621,615,615,603,599,612,600,598,589,579,595,593,586,584,575,565,550,555,545,533,521,516,519,515,513,505,495,484,477,480,474,473,466,460,450,441,433,431,424,415,408,410,403,395,389,380,374,368,361,356,353,351,349,350,349,338,328,317,317,314,308,301,297,292,289,289,290,281,278,274,267,263,257,255,249,247,243,244,242,236,233,232,231,226,221,217,216,211,211,210,209,204,200,200,200,201,200,198,196,188,187,185,184,180,177,172,169,164,163,163,162,162,158,161,158,158,155,152,154,151,149,146,146,144,141,139,132,130,130,127
0,0,0,0,0,0,0,0,0,0,0,0,0,0,0,0,0,0,0,0,0,0,0,0,0,0,0,0,0,0,0,0,0,0,0,0,0,0,0,0,0,0,0,0,0,0,0,0,0,0,0,0,0,0,0,0,0,0,0,0,0,0,0,0,0,0,0,0,0,0,0,0,0,1,4,4,4,5,6,6,6,6,6,6,9,9,9,9,9,9,9,9,9,9,9,10,10,11,11,10,11,11,11,16,57,89,124,144,146,146,129,122,120,121,121,122,226,271,297,314,326,320,323,324,322,318,312,329,354,364,379,387,404,403,404,409,410,410,411,450,563,622,635,651,657,660,649,652,648,640,622,656,684,687,687,667,683,684,680,686,680,677,671,707,697,684,678,675,697,699,696,684,680,664,655,674,675,672,671,662,680,673,663,657,647,644,639,655,650,644,641,635,653,638,633,625,619,614,606,616,607,602,598,587,599,592,590,587,580,571,566,572,573,567,558,550,559,554,540,531,520,514,509,517,513,511,499,488,491,486,481,473,465,465,460,453,444,431,424,420,418,413,402,399,395,392,385,379,379,381,375,367,367,363,361,354,344,339,334,333,329,327,315,304,299,294,292,290,285,283,279,276,270,265,265,258,250,246,243,241,239,233,232,236,234,228,221,218,215,212,208,207,206,206,201,198,194,194,190,188
0,0,0,0,0,0,0,0,0,0,0,0,0,0,0,0,0,0,0,0,0,0,0,0,0,0,0,0,0,0,0,0,0,0,0,0,0,0,0,0,0,0,0,0,0,0,0,0,0,0,0,0,0,0,0,0,0,0,0,0,0,0,0,0,0,0,0,0,0,0,0,0,0,0,2,2,4,4,5,6,29,49,90,110,112,112,113,114,95,95,97,101,174,249,296,316,307,285,289,281,284,282,282,298,408,447,481,519,535,526,517,529,521,517,514,549,706,745,719,714,730,709,712,717,717,709,699,730,723,717,706,697,724,730,728,727,728,728,721,747,751,743,736,728,759,751,754,742,731,730,718,751,735,725,725,715,736,720,713,703,695,688,670,686,675,675,671,666,682,674,641,630,619,616,602,615,612,607,599,590,593,572,560,545,535,520,513,518,508,502,499,489,494,491,482,477,467,456,456,451,445,436,434,431,425,425,415,405,399,397,390,390,382,374,369,363,361,353,348,346,342,338,333,337,335,330,328,323,316,312,307,307,300,295,291,291,287,281,275,271,262,260,259,259,251,247,242,237,233,225,217,215,216,212,206,199,194,192,188,192,194,191,191,188,189,188,187,181,171,167,166,167,159,155,154,154,151,144,143,138,137,133,130,127,126,124,122,120,119,118,117,115,109,108,106,106,106,105,105,104
0,0,0,0,0,0,0,0,0,0,0,0,0,0,0,0,0,0,0,0,0,0,0,0,0,0,0,0,0,0,0,0,0,0,0,0,0,0,0,0,0,0,0,0,0,0,0,0,0,0,0,0,0,0,0,0,0,0,0,0,0,0,0,0,0,0,0,0,0,0,0,0,0,0,2,3,5,4,4,6,39,70,117,168,170,167,164,165,157,156,154,161,297,388,452,504,483,474,470,479,473,477,479,499,652,682,694,688,693,695,699,701,704,697,687,715,719,712,702,701,702,706,703,700,697,694,686,721,715,702,687,676,729,722,713,706,699,700,689,716,711,700,688,676,699,697,679,676,666,664,648,649,647,642,637,625,648,642,636,615,608,601,593,612,606,600,595,581,594,592,587,574,561,548,539,540,538,520,512,504,500,490,484,477,470,465,466,470,461,453,442,435,436,427,424,421,414,413,408,413,411,394,390,379,378,370,369,365,352,347,342,341,343,340,325,322,317,313,310,309,303,299,296,295,290,282,278,273,269,265,262,254,250,246,239,236,237,231,227,222,217,214,211,210,208,205,201,196,199,197,194,189,189,184,182,179,179,173,173,172,171,166,164,161,158,156,152,149,147,146,145,146,137,136,135,134,132,130,129,130,128,128,125,126,128,125,125,117,118,116,115,113,111,109,105,106,107,105,103,103
0,0,0,0,0,0,0,0,0,0,0,0,0,0,0,0,0,0,0,0,0,0,0,0,0,0,0,0,0,0,0,0,0,0,0,0,0,0,0,0,0,0,0,0,0,0,0,0,0,0,0,0,0,0,0,0,0,0,0,0,0,0,0,0,0,0,0,0,0,0,0,0,0,2,3,3,4,6,6,10,39,84,167,249,251,252,236,237,237,239,240,249,366,432,495,545,513,502,507,512,509,505,490,519,653,695,697,699,700,704,706,708,703,689,695,710,711,713,707,701,725,719,719,724,725,725,726,760,762,750,732,723,729,730,722,720,711,709,704,719,715,717,714,691,716,707,697,692,681,676,667,693,683,671,663,641,664,658,655,645,628,616,605,616,609,602,596,587,597,593,577,563,558,550,538,542,537,527,518,517,517,516,508,504,496,492,485,482,476,471,462,454,459,450,447,447,443,435,425,430,425,418,418,410,403,398,389,378,373,372,365,364,347,336,334,328,321,312,307,304,302,297,293,299,301,299,298,293,290,285,281,276,276,272,271,271,269,265,256,250,250,247,243,237,237,231,227,226,224,223,220,217,216,210,208,202,200,198,195,195,190,188,187,183,179,176,173,172,171,170,170,171,169,165,163,156,155,151,150,148,147,148,145,144,147,146,144,144,140,141,139,136,135,134,130,129,130,129,126,123
0,0,0,0,0,0,0,0,0,0,0,0,0,0,0,0,0,0,0,0,0,0,0,0,0,0,0,0,0,0,0,0,0,0,0,0,0,0,0,0,0,0,0,0,0,0,0,0,0,0,0,0,0,0,0,0,0,0,0,0,0,0,0,0,0,0,0,0,0,0,0,0,0,1,1,4,4,4,4,7,52,103,124,232,221,217,214,215,206,202,208,208,427,540,621,656,647,636,629,622,614,619,619,643,708,719,695,687,711,713,707,706,692,689,695,714,714,707,700,697,730,727,731,735,732,728,721,762,757,743,739,734,750,739,741,736,731,723,704,730,713,704,686,682,690,674,660,657,648,628,622,637,636,637,631,622,637,633,623,614,608,593,587,596,582,579,563,551,556,552,548,548,535,524,525,531,528,512,505,501,508,508,503,493,486,481,477,479,477,472,465,449,429,422,417,415,413,408,407,408,405,402,395,391,379,374,372,361,358,353,355,351,341,333,329,327,327,316,313,309,303,298,295,292,295,290,284,274,275,269,269,264,261,256,252,252,249,240,233,227,226,224,219,214,214,210,207,206,205,198,194,194,192,187,183,181,175,172,169,169,169,165,164,161,157,156,153,149,149,148,144,141,138,139,136,138,137,136,135,135,132,129,123,125,124,115,112,111,111,108,106,105,105,104,102,98,100,95,93,93
0,0,0,0,0,0,0,0,0,0,0,0,0,0,0,0,0,0,0,0,0,0,0,0,0,0,0,0,0,0,0,0,0,0,0,0,0,0,0,0,0,0,0,0,0,0,0,0,0,0,0,0,0,0,0,0,0,0,0,0,0,0,0,0,0,0,0,0,0,0,0,0,0,2,3,3,3,3,3,4,5,6,6,8,8,8,8,8,7,7,7,8,7,6,38,51,55,55,54,55,58,60,53,60,175,265,294,303,304,307,314,306,307,306,312,323,361,370,375,377,407,400,395,404,404,406,409,451,504,542,573,611,605,585,591,598,583,584,573,589,667,697,696,672,685,694,691,685,672,669,657,674,673,670,662,647,664,659,656,657,652,648,642,676,679,660,654,632,669,662,663,650,636,627,624,646,644,637,634,623,633,634,625,628,617,613,607,611,601,594,585,565,576,576,573,568,558,551,542,537,528,521,510,501,501,494,483,479,478,475,467,478,480,475,469,456,461,457,448,444,439,436,430,434,428,421,410,399,397,387,381,373,365,358,358,361,367,368,359,358,355,353,350,343,339,333,331,330,325,317,301,301,300,294,294,290,288,280,274,271,269,262,259,253,244,241,235,230,228,226,224,228,226,221,218,210,205,205,203,200,197,195,193,189,189,187,182,179,173,170,170,170,166,165,164,162,162,161,161,158
0,0,0,0,0,0,0,0,0,0,0,0,0,0,0,0,0,0,0,0,0,0,0,0,0,0,0,0,0,0,0,0,0,0,0,0,0,0,0,0,0,0,0,0,0,0,0,0,0,0,0,0,0,0,0,0,0,0,0,0,0,0,0,0,0,0,0,0,0,0,0,0,0,1,2,3,3,3,3,5,21,45,94,121,119,118,116,120,116,117,122,129,340,491,558,621,635,604,601,580,586,581,565,575,646,656,651,649,667,677,676,674,669,665,653,683,683,683,676,662,690,690,682,691,685,677,664,702,701,693,684,678,698,701,697,689,687,680,669,705,699,680,670,675,698,690,683,679,673,673,671,682,672,667,658,651,665,662,649,645,630,620,612,629,622,611,599,586,599,583,574,573,565,558,552,552,552,552,544,541,544,537,523,518,504,487,481,488,482,477,472,467,469,464,458,450,440,429,420,423,424,420,413,404,404,402,395,389,383,375,365,364,360,358,353,340,334,330,325,323,318,311,304,304,298,292,280,276,276,275,271,264,261,256,251,252,255,250,246,244,245,246,242,239,238,235,231,229,231,232,230,228,228,222,219,215,213,211,207,206,203,203,192,187,184,182,177,176,171,171,168,166,169,166,160,158,154,147,144,141,140,137,131,131,129,125,121,117,117,116,114,111,109,107,106,105,103,102,101,98
0,0,0,0,0,0,0,0,0,0,0,0,0,0,0,0,0,0,0,0,0,0,0,0,0,0,0,0,0,0,0,0,0,0,0,0,0,0,0,0,0,0,0,0,0,0,0,0,0,0,0,0,0,0,0,0,0,0,0,0,0,0,0,0,0,0,0,0,0,0,0,0,0,1,2,3,3,3,3,4,19,42,58,84,88,91,90,83,83,87,88,89,182,239,262,315,298,296,269,270,265,267,266,282,370,380,379,373,388,394,396,400,396,399,398,431,522,599,662,702,662,665,657,659,646,633,627,659,713,728,714,699,721,721,711,698,697,702,700,729,730,713,707,689,716,703,699,693,690,688,676,704,711,689,684,679,697,681,674,663,656,648,640,650,653,654,643,639,636,632,627,619,617,604,595,605,601,594,582,574,591,575,560,556,550,541,535,541,536,534,525,511,502,496,491,484,480,478,474,478,469,464,454,440,443,433,425,419,414,408,407,407,400,391,385,380,380,376,377,371,364,359,352,350,348,346,338,336,335,330,324,321,316,313,311,306,305,299,296,292,276,277,273,268,266,266,263,265,265,258,247,243,239,236,237,232,228,222,218,214,214,214,209,201,197,197,187,184,182,180,177,176,171,168,166,163,163,159,156,152,151,148,147,147,148,145,144,144,140,139,138,135,135,133,129,131,129,129,127,127
0,0,0,0,0,0,0,0,0,0,0,0,0,0,0,0,0,0,0,0,0,0,0,0,0,0,0,0,0,0,0,0,0,0,0,0,0,0,0,0,0,0,0,0,0,0,0,0,0,0,0,0,0,0,0,0,0,0,0,0,0,0,0,0,0,0,0,0,0,0,0,0,0,2,3,3,6,6,6,8,49,101,155,214,201,201,202,202,189,185,185,186,379,515,562,637,643,622,626,615,606,603,602,611,709,718,704,691,698,705,727,727,722,724,715,751,741,724,711,699,741,750,750,743,744,742,736,750,755,734,723,713,730,726,721,705,697,689,690,716,706,697,691,681,699,697,685,664,655,646,634,652,645,633,634,625,643,631,624,614,606,592,583,606,602,593,582,577,593,587,576,568,561,545,539,545,530,519,518,512,507,500,489,482,473,464,449,454,449,435,422,417,422,416,412,409,405,400,393,394,397,390,381,376,367,362,351,347,342,333,327,326,321,318,308,303,300,296,290,284,278,273,271,267,263,263,261,257,246,241,236,231,226,225,218,217,216,215,211,211,211,209,206,203,200,201,198,197,194,188,184,180,174,172,171,168,166,166,164,166,162,161,157,149,146,142,138,137,135,132,131,129,131,127,126,121,121,120,117,116,114,110,105,108,111,109,109,105,108,105,106,105,103,103,103,105,104,101,97,98
0,0,0,0,0,0,0,0,0,0,0,0,0,0,0,0,0,0,0,0,0,0,0,0,0,0,0,0,0,0,0,0,0,0,0,0,0,0,0,0,0,0,0,0,0,0,0,0,0,0,0,0,0,0,0,0,0,0,0,0,0,0,0,0,0,0,0,0,0,0,0,0,0,1,3,4,5,5,5,6,58,107,177,239,237,237,236,240,244,242,241,232,509,620,675,693,684,685,684,678,672,655,643,653,702,709,705,687,699,694,694,698,689,687,686,706,706,695,677,671,706,711,707,699,694,690,687,708,705,711,699,687,708,709,705,698,691,684,670,703,699,687,681,666,686,676,676,672,661,657,649,656,656,646,646,638,627,618,596,590,591,579,578,589,585,582,575,569,573,568,554,546,536,533,519,523,520,510,505,499,503,497,494,486,478,473,472,479,478,476,466,449,450,445,437,426,419,415,409,416,414,411,411,411,412,408,406,402,401,398,390,392,377,368,357,347,345,337,330,326,315,309,304,304,300,293,286,281,287,282,280,277,271,267,266,266,264,261,251,248,247,240,234,229,225,222,219,218,213,207,204,199,194,189,188,186,183,182,180,180,180,181,178,177,172,169,164,160,160,157,154,155,150,148,147,144,143,143,140,138,137,135,135,135,132,131,126,124,125,122,122,119,118,117,115,116,115,114,116,116
0,0,0,0,0,0,0,0,0,0,0,0,0,0,0,0,0,0,0,0,0,0,0,0,0,0,0,0,0,0,0,0,0,0,0,0,0,0,0,0,0,0,0,0,0,0,0,0,0,0,0,0,0,0,0,0,0,0,0,0,0,0,0,0,0,0,0,0,0,0,0,0,0,2,4,4,4,4,4,6,6,6,6,7,8,8,8,9,9,9,9,9,10,10,10,9,9,9,9,9,9,9,9,10,58,96,122,176,182,173,170,168,170,178,182,196,412,571,658,721,706,700,695,691,660,652,640,642,718,713,706,690,685,685,684,683,682,660,664,682,678,666,658,647,678,679,680,684,678,675,667,703,711,702,689,672,687,687,694,693,686,684,667,671,666,656,650,642,677,675,650,645,645,639,630,650,648,645,641,641,659,658,649,626,618,612,604,605,591,584,576,563,573,568,562,553,547,545,540,539,542,542,531,525,531,527,524,518,511,501,496,496,497,494,483,479,476,473,460,451,450,441,437,439,438,433,428,420,420,420,413,408,403,398,392,397,383,379,375,366,360,355,351,346,340,333,328,323,315,307,305,294,290,285,283,277,276,270,264,262,261,258,255,248,247,247,245,244,240,237,235,234,229,226,221,217,217,214,209,206,205,202,198,195,195,191,189,185,184,178,175,173,167,165,160,157,154,154,150,150
0,0,0,0,0,0,0,0,0,0,0,0,0,0,0,0,0,0,0,0,0,0,0,0,0,0,0,0,0,0,0,0,0,0,0,0,0,0,0,0,0,0,0,0,0,0,0,0,0,0,0,0,0,0,0,0,0,0,0,0,0,0,0,0,0,0,0,0,0,0,0,0,0,2,3,3,4,4,4,4,53,69,98,122,115,111,106,105,106,106,106,109,204,261,345,367,374,376,380,377,362,353,356,360,466,497,559,602,571,577,567,570,567,551,549,571,641,644,638,632,661,670,673,666,657,648,652,678,676,662,654,646,658,651,645,642,630,629,625,644,640,625,613,603,638,640,633,624,627,622,621,649,655,649,638,631,659,651,650,648,638,603,596,614,610,595,585,579,585,583,562,556,546,536,531,547,544,544,546,538,547,537,527,526,521,512,497,498,500,493,486,484,483,481,477,471,463,457,452,452,442,435,429,427,420,416,414,406,405,405,404,404,398,389,387,375,363,356,356,348,342,333,330,335,320,315,308,307,304,298,288,280,278,273,267,272,269,266,257,252,252,252,246,242,241,239,237,243,239,234,226,223,221,216,215,213,209,205,200,201,205,205,200,193,193,190,185,181,180,178,176,174,174,172,169,166,161,158,157,156,155,154,151,149,147,145,143,140,137,136,130,127,124,120,117,115,116,111,108,110
0,0,0,0,0,0,0,0,0,0,0,0,0,0,0,0,0,0,0,0,0,0,0,0,0,0,0,0,0,0,0,0,0,0,0,0,0,0,0,0,0,0,0,0,0,0,0,0,0,0,0,0,0,0,0,0,0,0,0,0,0,0,0,0,0,0,0,0,0,0,0,0,0,0,2,3,4,5,6,8,32,50,66,79,83,81,82,78,80,78,77,89,186,226,281,354,357,347,345,313,313,315,319,323,423,491,522,559,568,552,564,551,550,550,556,586,684,731,739,733,743,745,733,735,737,728,731,751,752,748,731,727,754,748,743,750,737,730,731,762,738,728,719,698,724,721,719,717,699,690,690,702,697,678,669,667,690,684,679,675,668,663,650,672,672,654,645,643,653,652,643,634,622,604,598,608,603,597,590,586,587,579,567,564,554,549,540,534,527,519,516,500,503,496,488,477,469,462,456,455,451,441,433,427,426,420,414,410,399,396,393,395,390,385,384,376,373,367,365,359,352,345,345,348,345,338,330,310,308,306,299,290,282,274,272,269,264,263,255,253,250,245,244,241,240,237,227,229,230,230,221,219,218,216,213,209,204,201,197,196,191,189,186,186,179,176,175,174,170,167,166,165,166,162,161,159,161,160,155,154,148,145,142,142,140,134,131,128,128,129,126,125,124,122,118,117,115,115,114,114
0,0,0,0,0,0,0,0,0,0,0,0,0,0,0,0,0,0,0,0,0,0,0,0,0,0,0,0,0,0,0,0,0,0,0,0,0,0,0,0,0,0,0,0,0,0,0,0,0,0,0,0,0,0,0,0,0,0,0,0,0,0,0,0,0,0,0,0,0,0,0,0,0,3,5,6,6,6,7,7,48,73,91,125,132,131,133,131,130,138,128,131,268,332,430,507,494,472,467,473,456,443,441,451,565,610,644,662,659,663,647,646,646,640,643,662,675,669,668,654,675,670,668,667,661,652,651,673,663,647,638,633,661,657,655,646,633,640,621,637,640,631,623,612,632,625,621,616,610,608,604,626,628,619,612,601,624,605,600,589,586,576,562,572,568,558,552,542,549,549,548,544,529,520,513,522,519,511,505,492,504,498,495,491,485,480,472,478,478,464,459,451,452,450,445,436,433,428,422,423,420,414,408,401,407,400,393,389,385,385,380,378,373,364,358,353,359,353,346,343,337,333,328,325,311,296,291,287,285,281,275,267,267,265,258,258,254,249,247,242,244,238,232,234,232,231,226,226,225,223,220,214,218,214,213,211,210,209,202,199,196,196,193,188,192,186,180,179,176,175,173,168,166,166,164,160,157,154,156,155,155,152,151,151,147,143,141,138,137,134,133,132,131,128,124,123,124,120,119,119
0,0,0,0,0,0,0,0,0,0,0,0,0,0,0,0,0,0,0,0,0,0,0,0,0,0,0,0,0,0,0,0,0,0,0,0,0,0,0,0,0,0,0,0,0,0,0,0,0,0,0,0,0,0,0,0,0,0,0,0,0,0,0,0,0,0,0,0,0,0,0,0,0,1,1,2,5,3,4,5,5,6,6,6,8,8,8,8,9,9,9,9,9,9,9,9,10,10,11,10,10,10,10,10,10,11,10,10,12,12,12,11,11,11,9,15,15,15,17,18,22,24,24,24,24,26,26,31,30,49,87,128,135,128,128,127,127,124,125,126,288,405,461,502,501,481,486,467,457,465,465,478,604,675,693,703,696,697,692,684,667,665,670,688,705,694,686,675,704,711,708,711,699,696,678,696,695,681,672,665,698,692,692,683,681,678,675,682,685,672,666,656,684,678,677,675,667,663,652,664,666,663,663,653,671,655,654,653,649,647,641,647,637,634,621,613,620,617,612,599,594,587,580,588,591,581,573,569,567,562,559,557,548,540,536,538,539,535,532,527,527,523,522,523,514,512,508,515,509,503,499,493,486,480,469,462,455,448,440,434,424,414,409,403,402,395,386,380,373,368,361,355,350,334,331,326,316,310,306,297,295,288,283,283,283,280,276,273,274,272,265,259,256,255,253,248,248,247,240,238
0,0,0,0,0,0,0,0,0,0,0,0,0,0,0,0,0,0,0,0,0,0,0,0,0,0,0,0,0,0,0,0,0,0,0,0,0,0,0,0,0,0,0,0,0,0,0,0,0,0,0,0,0,0,0,0,0,0,0,0,0,0,0,0,0,0,0,0,0,0,0,0,0,0,1,1,2,3,4,9,9,10,11,12,13,14,14,14,13,13,12,15,45,70,80,79,77,79,81,80,80,78,75,89,216,279,320,398,393,366,369,370,352,354,348,357,522,610,653,688,694,673,680,676,672,674,672,694,712,688,679,669,672,679,678,687,683,675,677,706,704,688,668,660,699,702,704,697,688,679,674,698,679,679,668,655,674,672,671,670,661,651,649,666,656,656,645,638,642,631,614,607,605,595,588,604,604,606,596,590,598,589,581,577,568,561,554,562,559,553,544,538,547,542,535,534,528,524,517,516,506,504,496,491,493,483,478,472,460,454,444,447,447,441,433,422,424,422,413,410,407,405,400,406,405,384,375,367,352,348,346,341,338,333,331,329,329,323,310,307,309,305,303,301,294,285,280,282,277,272,268,261,258,253,248,245,242,238,233,231,232,229,220,208,210,205,203,204,201,196,195,191,188,185,180,175,174,172,167,166,161,160,161,163,165,165,160,157,156,152,149,149,146,142,139,142,139,138,133,130
0,0,0,0,0,0,0,0,0,0,0,0,0,0,0,0,0,0,0,0,0,0,0,0,0,0,0,0,0,0,0,0,0,0,0,0,0,0,0,0,0,0,0,0,0,0,0,0,0,0,0,0,0,0,0,0,0,0,0,0,0,0,0,0,0,0,0,0,0,0,0,0,0,0,2,3,5,7,8,12,39,64,75,149,141,142,144,130,131,129,129,128,226,266,302,330,342,346,327,325,324,320,312,328,380,415,430,436,435,442,440,440,437,441,441,463,557,587,610,628,651,649,640,639,638,642,641,677,719,730,725,715,736,726,723,723,710,696,696,711,708,682,675,660,698,701,703,692,680,676,669,690,687,669,655,649,666,665,653,644,625,620,615,641,641,630,621,613,630,616,606,595,589,581,576,594,598,589,585,569,572,559,551,536,531,524,522,530,524,511,504,503,508,502,496,490,488,484,482,485,480,475,472,467,464,457,449,440,424,417,416,413,415,411,410,399,396,390,382,377,372,367,367,363,353,348,344,331,319,311,310,307,308,304,299,295,294,286,278,275,274,271,268,266,266,262,260,262,258,255,251,246,244,243,238,235,231,223,214,210,210,205,195,192,195,192,191,191,189,187,183,182,182,172,169,168,167,167,166,163,161,159,155,152,152,140,135,132,130,128,125,124,122,119,118,120,122,122,123,117
0,0,0,0,0,0,0,0,0,0,0,0,0,0,0,0,0,0,0,0,0,0,0,0,0,0,0,0,0,0,0,0,0,0,0,0,0,0,0,0,0,0,0,0,0,0,0,0,0,0,0,0,0,0,0,0,0,0,0,0,0,0,0,0,0,0,0,0,0,0,0,0,0,1,2,3,4,8,8,9,30,47,60,67,67,67,65,68,68,70,72,76,212,310,322,359,337,317,319,318,303,304,299,295,334,335,368,368,385,395,402,410,412,411,411,440,558,626,678,706,730,729,735,734,677,659,662,702,728,724,710,701,719,720,714,704,702,701,685,716,710,706,690,688,707,706,695,687,680,670,669,704,690,683,678,662,698,694,695,691,675,665,657,667,669,652,651,634,644,645,635,620,610,605,598,606,595,590,587,578,588,581,573,562,559,552,547,543,539,534,529,521,527,520,512,508,503,496,485,475,479,471,466,459,462,460,456,446,441,432,428,427,426,423,419,404,402,397,393,388,383,373,365,363,359,354,352,344,338,331,328,324,319,318,310,308,302,294,292,286,290,286,283,278,271,263,258,253,249,241,237,233,236,232,229,230,226,222,211,207,207,199,197,187,185,183,182,181,175,172,172,171,167,162,159,159,158,156,153,153,152,151,149,143,141,139,136,133,132,126,125,123,123,120,117,119,119,118,115,113
0,0,0,0,0,0,0,0,0,0,0,0,0,0,0,0,0,0,0,0,0,0,0,0,0,0,0,0,0,0,0,0,0,0,0,0,0,0,0,0,0,0,0,0,0,0,0,0,0,0,0,0,0,0,0,0,0,0,0,0,0,0,0,0,0,0,0,0,0,0,0,0,0,2,3,4,5,6,8,9,42,67,91,179,176,178,170,151,154,158,158,160,271,345,389,410,424,416,416,411,413,411,402,417,573,647,693,680,696,695,695,682,685,679,680,692,698,699,681,674,713,718,719,722,724,720,707,726,716,711,706,704,722,706,707,711,704,695,690,708,711,708,700,695,713,709,703,701,692,686,679,696,702,691,691,676,701,699,695,683,670,661,656,685,674,662,644,623,639,631,628,615,604,595,577,588,587,586,581,577,588,572,567,557,553,545,536,539,537,530,519,508,501,495,486,481,476,469,461,466,457,448,441,431,426,423,417,407,401,393,391,393,386,378,369,354,354,353,345,341,336,331,327,323,320,318,317,313,306,299,299,296,287,284,281,281,281,269,269,259,255,250,249,250,246,243,241,245,239,236,234,234,235,228,226,221,214,212,209,208,209,206,205,197,191,190,185,183,182,178,173,172,168,165,162,157,154,149,148,148,146,145,142,140,138,134,129,124,120,118,116,117,114,113,113,113,113,110,108,108
0,0,0,0,0,0,0,0,0,0,0,0,0,0,0,0,0,0,0,0,0,0,0,0,0,0,0,0,0,0,0,0,0,0,0,0,0,0,0,0,0,0,0,0,0,0,0,0,0,0,0,0,0,0,0,0,0,0,0,0,0,0,0,0,0,0,0,0,0,0,0,0,0,1,3,4,4,6,6,6,6,7,8,8,11,11,12,12,12,12,12,13,13,12,12,13,13,13,13,13,13,13,14,18,19,18,47,43,46,44,43,44,44,44,44,43,54,80,110,171,168,168,168,169,168,172,171,174,268,315,346,393,391,391,394,389,393,397,399,404,496,553,582,604,623,630,620,618,622,615,611,648,713,710,703,702,721,719,722,724,724,706,693,715,706,699,692,684,713,719,707,702,685,678,662,683,684,685,679,675,691,685,681,671,662,649,643,674,673,666,662,657,672,669,657,648,638,619,611,620,621,615,609,600,616,615,612,607,598,591,585,587,584,574,567,564,580,572,566,560,547,536,525,532,536,535,526,517,508,501,492,486,480,474,469,467,464,451,446,440,437,431,424,424,417,411,404,397,392,385,361,357,343,338,338,334,335,334,327,329,330,324,318,310,306,301,300,298,293,291,285,286,283,281,272,268,268,264,259,253,248,249,243,242,239,234,223,220,219,218,217,216,213,207,205,201,201,197,195,192
0,0,0,0,0,0,0,0,0,0,0,0,0,0,0,0,0,0,0,0,0,0,0,0,0,0,0,0,0,0,0,0,0,0,0,0,0,0,0,0,0,0,0,0,0,0,0,0,0,0,0,0,0,0,0,0,0,0,0,0,0,0,0,0,0,0,0,0,0,0,0,0,0,0,0,2,2,2,2,3,25,50,61,71,73,74,73,75,73,75,76,79,132,157,195,219,219,223,208,206,207,193,197,207,340,401,432,452,454,459,458,457,463,464,456,475,554,619,667,695,715,711,711,704,683,675,670,692,717,713,712,692,717,721,727,718,713,695,693,720,718,708,703,675,698,690,692,689,668,663,664,693,687,682,673,669,693,688,683,674,665,660,651,680,683,665,654,641,651,646,644,640,621,612,604,607,599,590,577,570,575,570,560,549,538,525,518,525,520,506,499,489,491,483,479,471,464,459,453,457,460,454,448,442,445,438,432,426,420,414,406,412,412,402,393,390,393,391,382,375,366,359,353,356,339,333,325,319,305,304,301,294,291,286,280,279,274,268,266,262,263,261,257,248,240,238,237,234,237,231,232,226,224,220,218,216,215,210,205,204,199,195,191,184,185,182,181,177,178,175,170,171,169,170,168,165,164,163,158,155,151,147,144,143,144,137,138,136,131,131,129,127,126,122,122,122,121,117,114,111
0,0,0,0,0,0,0,0,0,0,0,0,0,0,0,0,0,0,0,0,0,0,0,0,0,0,0,0,0,0,0,0,0,0,0,0,0,0,0,0,0,0,0,0,0,0,0,0,0,0,0,0,0,0,0,0,0,0,0,0,0,0,0,0,0,0,0,0,0,0,0,0,0,0,1,2,3,4,5,6,54,90,120,143,147,133,129,130,133,131,135,141,268,336,326,331,323,327,321,325,329,327,316,331,363,382,392,386,393,399,399,400,407,410,413,431,505,544,580,621,637,632,624,624,615,597,596,615,683,685,681,676,688,694,687,687,683,686,676,707,714,694,689,682,719,708,688,682,673,662,655,693,698,680,674,659,675,668,666,663,665,663,655,670,668,662,651,647,640,625,618,609,595,586,569,584,584,567,562,557,571,558,553,547,534,525,516,532,535,528,516,504,518,516,510,504,493,489,487,488,486,483,479,469,467,462,455,450,444,437,423,420,421,412,406,397,400,398,388,375,370,370,362,364,359,355,346,343,340,338,331,332,329,323,316,308,307,301,299,295,288,280,278,275,269,264,257,251,250,249,248,246,249,244,239,238,237,234,234,234,234,231,224,219,219,214,210,206,203,201,201,199,198,194,185,182,178,176,175,172,170,168,167,165,163,162,161,155,154,153,151,151,148,148,145,144,147,143,139,138
0,0,0,0,0,0,0,0,0,0,0,0,0,0,0,0,0,0,0,0,0,0,0,0,0,0,0,0,0,0,0,0,0,0,0,0,0,0,0,0,0,0,0,0,0,0,0,0,0,0,0,0,0,0,0,0,0,0,0,0,0,0,0,0,0,0,0,0,0,0,0,0,0,1,1,3,4,7,7,9,34,52,57,68,71,71,70,72,71,72,72,79,197,309,301,305,313,319,320,323,324,321,318,325,398,433,453,459,469,475,475,483,483,483,482,518,603,661,695,705,720,717,717,723,718,717,714,741,741,727,720,705,727,721,720,717,717,714,719,734,740,719,712,700,729,723,722,715,717,712,703,727,721,716,697,688,690,693,683,683,669,662,658,655,655,651,644,635,653,650,642,632,621,613,609,616,613,606,595,587,597,587,573,570,563,557,552,555,536,528,521,513,516,515,506,501,492,487,480,476,466,467,460,456,458,451,443,437,432,425,422,418,406,402,389,380,367,360,351,349,344,340,332,325,321,318,313,305,304,299,292,289,286,282,279,281,283,281,279,275,268,263,260,258,253,249,248,245,245,239,231,227,225,224,214,209,204,201,198,200,202,196,190,190,185,181,181,179,174,170,168,166,162,164,160,153,152,149,146,144,141,138,135,133,133,129,127,124,123,123,121,121,121,120,119,119,121,122,120,119
0,0,0,0,0,0,0,0,0,0,0,0,0,0,0,0,0,0,0,0,0,0,0,0,0,0,0,0,0,0,0,0,0,0,0,0,0,0,0,0,0,0,0,0,0,0,0,0,0,0,0,0,0,0,0,0,0,0,0,0,0,0,0,0,0,0,0,0,0,0,0,0,0,1,1,1,1,1,1,3,28,51,66,73,74,74,74,69,68,69,70,77,191,253,281,316,297,298,306,308,303,302,302,314,376,392,388,389,403,407,416,419,424,429,429,458,481,487,490,499,532,532,540,540,550,548,553,585,685,725,738,727,747,736,718,710,695,690,671,692,702,701,700,695,724,721,710,706,702,703,692,712,705,698,688,681,696,692,689,685,680,673,663,683,683,673,665,657,657,641,633,624,623,613,608,626,625,620,607,600,615,610,593,583,581,568,555,563,562,552,544,523,530,520,509,506,502,495,489,499,495,489,491,479,478,472,464,460,456,451,445,447,448,444,429,425,430,428,422,416,410,404,397,396,390,382,374,359,364,362,356,350,346,342,334,334,329,328,326,319,318,315,312,313,308,301,299,298,292,284,276,271,274,273,270,267,264,262,255,253,255,252,250,248,246,240,237,236,232,229,226,225,225,222,213,210,208,203,202,201,201,199,198,193,192,191,188,186,181,181,175,175,174,169,165,166,168,162,162,155
0,0,0,0,0,0,0,0,0,0,0,0,0,0,0,0,0,0,0,0,0,0,0,0,0,0,0,0,0,0,0,0,0,0,0,0,0,0,0,0,0,0,0,0,0,0,0,0,0,0,0,0,0,0,0,0,0,0,0,0,0,0,0,0,0,0,0,0,0,0,0,0,0,1,3,4,5,4,4,7,45,83,115,159,159,158,162,150,151,142,137,137,286,392,472,521,512,520,518,515,517,516,527,549,643,686,702,721,718,704,679,675,677,682,664,681,689,685,677,664,685,680,682,679,677,683,679,710,708,698,681,677,716,720,708,711,702,698,692,720,720,714,702,687,703,696,684,665,662,657,649,672,682,678,666,657,650,642,634,625,608,602,596,607,604,603,595,590,606,591,588,584,577,577,571,580,572,566,558,542,551,539,537,528,517,513,507,511,508,501,492,484,483,481,472,466,463,458,454,460,462,457,448,438,434,423,413,406,399,394,388,387,375,374,370,365,353,348,337,335,329,320,320,323,322,311,304,298,296,293,286,285,283,278,273,277,271,267,262,261,260,260,256,255,255,252,247,249,248,244,236,232,229,226,222,213,211,208,207,207,207,207,199,196,192,191,187,184,181,178,173,175,172,171,171,167,163,160,158,156,155,154,149,147,143,141,138,139,138,137,135,131,131,129,129,130,129,129,126,122
0,0,0,0,0,0,0,0,0,0,0,0,0,0,0,0,0,0,0,0,0,0,0,0,0,0,0,0,0,0,0,0,0,0,0,0,0,0,0,0,0,0,0,0,0,0,0,0,0,0,0,0,0,0,0,0,0,0,0,0,0,0,0,0,0,0,0,0,0,0,0,0,0,1,2,3,3,4,4,4,55,91,105,190,194,185,183,183,179,177,174,174,316,379,448,475,475,474,473,473,476,475,477,468,608,648,665,664,699,699,666,666,657,658,652,672,675,677,666,656,669,670,665,664,672,673,657,679,673,673,664,656,692,686,671,660,651,649,641,661,653,654,649,644,655,654,648,627,634,624,616,642,636,624,617,612,621,615,610,593,596,591,585,599,593,584,578,569,570,565,558,549,540,537,534,545,546,531,527,508,527,515,509,501,492,487,481,491,491,486,474,466,475,467,456,453,449,436,432,437,439,430,428,417,418,413,407,403,399,394,392,389,384,370,362,353,339,338,334,327,324,319,313,312,307,305,300,298,298,294,290,284,281,278,274,272,267,264,254,244,238,236,235,234,231,222,223,219,221,217,213,208,204,205,203,199,201,196,191,194,193,193,192,187,183,182,182,179,176,176,174,173,174,174,170,163,161,160,158,158,156,152,150,147,146,141,135,134,133,130,127,127,125,121,118,121,122,118,113,108
0,0,0,0,0,0,0,0,0,0,0,0,0,0,0,0,0,0,0,0,0,0,0,0,0,0,0,0,0,0,0,0,0,0,0,0,0,0,0,0,0,0,0,0,0,0,0,0,0,0,0,0,0,0,0,0,0,0,0,0,0,0,0,0,0,0,0,0,0,0,0,0,0,2,3,5,5,5,5,5,20,42,59,68,66,64,63,62,62,64,63,62,187,287,382,445,441,437,418,425,420,423,416,436,601,691,718,724,712,681,685,689,688,665,655,674,694,694,692,688,712,710,711,706,707,699,700,728,727,716,711,702,731,734,729,723,701,691,683,718,715,694,677,671,697,693,681,674,672,660,652,678,678,667,664,656,681,683,672,664,652,644,635,648,638,634,618,605,616,601,596,593,581,579,575,590,574,570,565,549,547,541,532,529,525,517,515,512,512,500,490,483,487,477,468,461,448,446,441,445,436,432,424,409,407,396,388,382,378,377,369,372,362,359,349,339,332,325,323,318,315,311,306,306,305,303,293,285,286,282,276,268,265,262,254,255,252,247,245,240,237,235,228,225,218,214,207,205,200,195,187,185,183,183,181,173,170,168,167,168,169,161,152,152,152,148,147,142,140,133,132,132,130,127,123,118,117,113,111,107,104,102,103,102,102,101,100,100,100,97,95,95,94,93,89,88,87,82,81,76
0,0,0,0,0,0,0,0,0,0,0,0,0,0,0,0,0,0,0,0,0,0,0,0,0,0,0,0,0,0,0,0,0,0,0,0,0,0,0,0,0,0,0,0,0,0,0,0,0,0,0,0,0,0,0,0,0,0,0,0,0,0,0,0,0,0,0,0,0,0,0,0,0,0,2,2,4,4,5,4,24,47,70,108,107,109,111,116,120,121,123,125,250,334,403,441,404,405,401,402,403,408,390,399,482,502,524,563,576,581,580,577,578,575,574,601,702,714,712,710,706,706,700,707,703,697,697,713,708,696,692,683,716,698,701,698,697,693,684,699,701,687,675,663,690,692,682,656,650,644,634,656,658,656,653,648,674,644,631,629,617,607,595,611,608,594,580,570,595,587,577,567,557,546,533,535,538,530,517,514,517,511,504,497,488,466,460,471,462,457,450,448,448,443,437,435,429,421,417,428,423,418,416,410,412,406,403,400,395,387,385,392,382,382,365,361,346,335,331,323,316,313,308,315,312,310,306,294,289,289,287,284,281,278,272,272,272,268,265,262,260,255,252,248,244,241,241,242,233,224,222,217,216,212,209,202,202,197,196,195,193,190,187,184,184,179,179,177,174,174,170,167,168,167,166,163,160,158,156,153,149,148,144,144,143,144,142,133,131,131,128,122,121,119,118,118,118,120,119,119
0,0,0,0,0,0,0,0,0,0,0,0,0,0,0,0,0,0,0,0,0,0,0,0,0,0,0,0,0,0,0,0,0,0,0,0,0,0,0,0,0,0,0,0,0,0,0,0,0,0,0,0,0,0,0,0,0,0,0,0,0,0,0,0,0,0,0,0,0,0,0,0,0,0,0,0,0,0,0,1,13,27,41,66,70,72,70,71,71,70,73,73,131,186,249,263,252,257,248,248,255,262,262,278,385,434,459,483,490,485,473,464,465,444,449,462,516,554,593,620,635,641,641,624,627,626,617,646,692,703,686,687,696,695,686,687,684,682,673,705,699,692,685,678,715,711,709,714,700,699,693,704,701,700,687,686,707,689,687,677,667,663,661,692,699,694,695,688,687,675,674,671,666,655,645,660,642,633,627,623,624,611,611,598,595,585,578,591,593,588,578,570,566,554,545,540,532,526,516,523,515,505,500,489,494,487,480,473,470,465,460,465,461,456,448,427,417,409,402,403,404,401,391,391,392,383,377,376,378,370,366,360,354,345,341,339,331,328,320,311,305,296,289,287,284,281,278,275,279,273,263,260,256,252,250,243,243,236,234,233,228,223,222,215,215,210,210,208,206,203,198,196,192,192,188,188,186,180,175,173,170,168,168,165,166,161,160,155,149,146,146,141,142,137,136,140,136,131,128,129
0,0,0,0,0,0,0,0,0,0,0,0,0,0,0,0,0,0,0,0,0,0,0,0,0,0,0,0,0,0,0,0,0,0,0,0,0,0,0,0,0,0,0,0,0,0,0,0,0,0,0,0,0,0,0,0,0,0,0,0,0,0,0,0,0,0,0,0,0,0,0,0,0,2,4,4,4,5,6,8,35,60,71,82,82,83,77,77,78,73,75,76,171,249,328,384,383,369,369,362,367,364,354,363,498,550,571,592,606,599,601,580,577,583,582,602,664,688,683,678,690,685,680,680,680,681,672,694,691,686,668,663,679,681,671,668,662,653,651,671,679,680,658,651,673,670,669,664,663,663,661,689,683,674,656,645,674,670,654,641,634,632,619,627,634,623,617,613,616,608,593,593,593,581,574,580,579,564,558,549,560,550,544,524,516,510,500,505,503,495,489,481,490,483,480,474,467,462,457,461,460,455,445,431,427,426,422,414,409,407,402,394,391,387,385,376,376,370,366,358,356,351,346,349,336,324,316,312,315,309,304,302,296,293,291,291,289,286,282,275,278,273,265,256,250,246,242,240,237,231,228,226,223,221,220,217,215,205,200,201,196,194,192,191,187,184,180,180,181,179,178,178,177,176,169,167,167,165,160,155,153,153,152,149,153,154,151,149,149,147,142,140,137,137,134,132,128,127,122,121
0,0,0,0,0,0,0,0,0,0,0,0,0,0,0,0,0,0,0,0,0,0,0,0,0,0,0,0,0,0,0,0,0,0,0,0,0,0,0,0,0,0,0,0,0,0,0,0,0,0,0,0,0,0,0,0,0,0,0,0,0,0,0,0,0,0,0,0,0,0,0,0,0,1,3,3,3,5,5,7,7,7,7,8,8,9,9,9,9,10,10,9,9,9,9,8,8,7,7,8,8,8,8,9,29,43,63,95,93,93,92,92,94,92,94,98,194,251,288,309,311,310,309,304,304,303,301,313,392,411,422,428,435,437,438,441,435,441,448,465,555,607,618,653,679,676,676,676,654,655,646,658,694,700,702,695,718,711,715,719,730,730,727,732,740,727,721,717,729,733,731,729,715,707,686,712,690,684,678,667,689,677,662,650,648,643,636,652,657,647,632,624,631,630,627,612,612,608,603,623,623,607,603,590,601,596,596,590,587,573,560,567,567,552,547,546,546,537,533,528,520,517,512,526,518,512,502,496,502,496,490,487,483,477,470,464,456,434,429,417,398,389,384,376,363,358,355,355,347,341,333,327,327,320,317,312,303,302,296,295,287,281,273,266,260,250,243,237,235,231,230,234,227,223,222,217,214,211,211,210,207,206,205,193,192,187,185,181,171,170,166,164,163,160,158,159,162,157,150,150
0,0,0,0,0,0,0,0,0,0,0,0,0,0,0,0,0,0,0,0,0,0,0,0,0,0,0,0,0,0,0,0,0,0,0,0,0,0,0,0,0,0,0,0,0,0,0,0,0,0,0,0,0,0,0,0,0,0,0,0,0,0,0,0,0,0,0,0,0,0,0,0,0,1,1,2,3,3,5,6,59,124,193,228,229,228,236,237,240,228,229,231,362,428,500,574,581,554,530,534,538,537,511,529,661,680,688,689,697,693,700,697,697,701,702,726,723,710,697,685,725,713,712,719,709,704,692,722,731,727,718,700,725,712,703,699,697,694,689,716,708,693,684,677,689,678,668,659,655,646,638,654,645,637,632,627,647,640,633,631,618,607,604,604,597,597,586,583,601,587,583,569,564,548,540,538,538,530,525,513,523,515,501,496,483,470,460,463,451,446,436,429,430,424,414,409,405,403,396,397,388,381,378,378,377,369,360,354,349,339,333,331,331,323,310,306,307,302,299,300,292,289,283,277,274,254,246,244,246,245,246,244,243,243,241,239,236,230,224,220,219,215,211,206,202,200,192,192,189,183,176,174,170,167,165,161,160,161,160,162,164,161,157,154,152,154,152,151,149,147,144,144,138,137,136,135,133,130,130,128,124,123,120,117,114,114,116,111,110,108,107,103,100,97,95,95,95,90,88,89
0,0,0,0,0,0,0,0,0,0,0,0,0,0,0,0,0,0,0,0,0,0,0,0,0,0,0,0,0,0,0,0,0,0,0,0,0,0,0,0,0,0,0,0,0,0,0,0,0,0,0,0,0,0,0,0,0,0,0,0,0,0,0,0,0,0,0,0,0,0,0,0,0,1,4,4,4,6,6,6,28,48,54,62,61,61,60,60,61,61,61,64,137,195,260,321,326,330,329,292,293,286,288,298,375,394,434,466,486,480,469,474,471,479,475,506,605,661,688,666,685,683,685,677,678,668,669,686,708,703,698,687,709,711,698,691,686,680,674,707,712,701,691,674,706,704,702,690,680,663,654,668,658,644,642,628,637,632,627,624,619,618,602,630,629,623,623,611,626,623,613,602,582,575,572,584,582,571,570,562,565,569,555,550,539,537,532,541,539,530,523,512,508,502,493,487,482,479,471,481,484,477,461,443,452,445,441,432,425,419,414,418,418,413,410,403,402,399,394,384,378,368,362,361,354,347,339,334,337,336,332,327,323,314,308,311,312,295,292,275,273,270,266,263,263,257,251,250,250,247,247,242,244,243,240,235,234,228,224,223,220,219,210,202,197,195,190,186,184,182,179,177,174,174,172,170,170,163,163,161,157,155,153,152,153,151,151,146,146,144,147,144,143,140,138,138,137,135,131,131
0,0,0,0,0,0,0,0,0,0,0,0,0,0,0,0,0,0,0,0,0,0,0,0,0,0,0,0,0,0,0,0,0,0,0,0,0,0,0,0,0,0,0,0,0,0,0,0,0,0,0,0,0,0,0,0,0,0,0,0,0,0,0,0,0,0,0,0,0,0,0,0,0,0,1,3,4,5,5,6,6,7,7,7,7,7,7,8,8,8,9,10,11,12,12,12,13,13,13,13,13,13,13,15,15,13,69,88,83,82,82,83,80,79,80,85,183,246,340,389,388,368,355,368,365,355,352,372,567,643,676,685,687,676,675,678,680,655,651,657,674,675,657,643,671,671,670,669,668,668,662,691,693,684,680,675,698,701,689,688,686,672,672,697,692,691,677,667,684,682,680,672,663,654,644,675,663,657,647,644,669,660,653,644,639,620,615,628,632,617,612,594,605,601,597,598,593,587,577,582,576,567,556,553,576,570,566,559,552,544,534,546,546,538,535,528,530,526,522,514,509,498,489,494,492,485,484,473,467,462,459,452,450,440,430,430,429,414,404,395,390,381,377,376,369,361,351,352,350,345,340,334,334,333,329,325,323,316,311,308,306,293,287,279,274,272,265,259,261,253,249,240,237,234,230,227,228,228,220,217,214,211,209,206,201,200,199,197,196,191,189,184,183,177,174,170,167,169,163,162
0,0,0,0,0,0,0,0,0,0,0,0,0,0,0,0,0,0,0,0,0,0,0,0,0,0,0,0,0,0,0,0,0,0,0,0,0,0,0,0,0,0,0,0,0,0,0,0,0,0,0,0,0,0,0,0,0,0,0,0,0,0,0,0,0,0,0,0,0,0,0,0,0,1,1,3,3,3,5,7,54,100,123,160,163,150,148,153,151,155,154,161,290,385,412,413,411,415,424,424,423,413,413,416,521,576,601,614,621,630,634,618,615,608,586,594,648,672,664,653,675,669,670,670,660,659,665,690,687,679,659,642,655,649,640,638,634,626,627,647,644,632,623,618,636,635,634,617,605,600,596,636,638,635,632,621,641,630,624,624,612,610,601,608,611,609,597,589,589,588,574,569,564,554,551,549,545,538,528,523,535,530,517,510,497,494,491,497,498,495,489,484,481,473,468,459,453,446,441,444,440,432,422,413,417,415,405,396,394,391,382,385,381,377,372,357,352,347,342,341,339,331,323,319,314,306,302,294,291,289,287,280,279,277,273,266,263,259,254,253,248,246,239,237,234,228,224,223,217,217,213,207,204,200,201,201,197,193,188,185,185,182,177,173,173,170,169,168,165,157,154,157,158,157,157,151,152,151,148,145,140,139,137,132,135,133,133,130,125,124,123,119,118,117,116,115,114,112,111,107
0,0,0,0,0,0,0,0,0,0,0,0,0,0,0,0,0,0,0,0,0,0,0,0,0,0,0,0,0,0,0,0,0,0,0,0,0,0,0,0,0,0,0,0,0,0,0,0,0,0,0,0,0,0,0,0,0,0,0,0,0,0,0,0,0,0,0,0,0,0,0,0,0,1,2,4,4,4,1,1,65,104,130,152,147,137,134,136,136,137,134,138,312,408,499,566,521,520,501,501,502,507,498,516,631,669,677,682,678,668,667,666,668,666,662,680,681,676,661,648,663,661,666,663,646,643,638,651,649,644,640,624,650,650,643,638,631,631,638,668,667,651,639,628,643,648,644,633,628,626,616,640,638,622,619,601,617,618,613,607,592,584,579,594,593,589,578,574,587,581,560,548,533,530,520,538,534,529,524,513,516,506,498,497,487,481,475,493,490,486,480,475,473,459,452,445,438,432,427,448,443,436,439,432,439,431,429,422,412,404,398,407,406,387,369,362,351,348,340,332,326,321,318,319,316,310,305,303,297,295,293,289,286,282,279,276,274,267,261,255,256,249,248,246,243,238,240,240,234,230,229,225,220,217,211,210,204,202,200,205,205,196,194,189,188,183,181,178,176,176,175,174,172,164,160,159,155,155,152,150,150,149,146,146,147,143,140,136,137,136,137,136,135,133,132,134,129,127,123,124
0,0,0,0,0,0,0,0,0,0,0,0,0,0,0,0,0,0,0,0,0,0,0,0,0,0,0,0,0,0,0,0,0,0,0,0,0,0,0,0,0,0,0,0,0,0,0,0,0,0,0,0,0,0,0,0,0,0,0,0,0,0,0,0,0,0,0,0,0,0,0,0,0,2,4,5,5,5,5,7,59,111,186,242,226,229,231,223,218,220,224,229,355,372,387,418,431,426,419,414,420,416,422,457,568,612,633,676,662,642,648,652,658,668,655,678,705,715,708,703,722,720,706,689,676,671,664,694,702,696,683,680,710,708,686,681,675,682,679,703,684,676,659,658,679,679,670,669,659,657,648,662,649,633,629,622,642,630,624,620,607,593,587,600,587,580,573,552,562,555,547,548,545,542,537,549,546,542,531,524,522,509,496,491,481,479,469,471,460,454,449,435,441,439,435,434,428,424,423,420,415,403,397,392,388,382,371,363,357,349,345,340,332,327,319,313,317,316,311,306,300,294,288,290,288,281,271,266,259,254,247,242,237,232,231,235,229,225,220,218,215,211,205,204,198,196,195,196,193,189,188,185,183,177,176,173,172,169,168,168,171,167,161,156,151,145,141,140,138,136,137,137,138,135,131,130,128,128,126,125,123,119,121,124,122,118,117,113,111,111,112,109,107,107,105,104,102,101,100,99
0,0,0,0,0,0,0,0,0,0,0,0,0,0,0,0,0,0,0,0,0,0,0,0,0,0,0,0,0,0,0,0,0,0,0,0,0,0,0,0,0,0,0,0,0,0,0,0,0,0,0,0,0,0,0,0,0,0,0,0,0,0,0,0,0,0,0,0,0,0,0,0,0,0,2,2,2,3,3,5,31,46,61,50,50,52,52,53,54,54,54,53,126,164,218,241,243,244,221,218,217,217,217,218,337,379,407,442,447,455,459,458,458,448,450,469,584,653,691,700,714,708,708,693,669,657,651,667,684,681,665,656,681,683,683,679,673,672,668,696,694,689,674,668,695,685,685,683,677,671,657,699,686,679,669,659,678,669,667,666,662,660,656,673,658,652,634,624,653,655,643,634,622,618,601,611,612,603,600,596,612,601,589,569,563,555,546,556,555,547,545,539,544,538,532,529,521,517,506,508,503,494,490,465,466,454,446,445,441,433,420,431,430,423,415,407,402,399,397,391,387,382,373,373,372,363,352,350,349,345,339,335,332,331,322,325,322,319,307,303,300,295,291,283,280,275,269,268,262,259,256,254,257,255,251,250,247,245,244,242,237,234,233,226,230,229,225,225,222,217,214,211,210,206,203,202,202,201,199,196,195,189,186,186,184,178,173,169,167,160,159,159,153,150,144,143,141,139,139,136
0,0,0,0,0,0,0,0,0,0,0,0,0,0,0,0,0,0,0,0,0,0,0,0,0,0,0,0,0,0,0,0,0,0,0,0,0,0,0,0,0,0,0,0,0,0,0,0,0,0,0,0,0,0,0,0,0,0,0,0,0,0,0,0,0,0,0,0,0,0,0,0,0,1,1,2,4,4,4,6,40,56,68,73,70,69,69,69,69,62,64,68,203,255,279,298,298,296,300,305,299,288,292,309,409,437,436,472,502,505,513,510,514,527,527,561,684,711,716,704,730,726,728,707,699,698,698,714,730,708,701,689,718,721,709,696,695,685,667,691,688,684,676,667,682,681,667,657,656,648,641,658,657,637,630,616,646,633,629,621,612,605,593,612,608,601,596,586,586,577,572,565,557,543,540,539,526,518,511,509,519,515,513,501,499,494,477,480,470,458,456,456,458,453,453,451,442,438,432,442,439,435,433,426,429,422,418,413,404,400,397,397,394,390,382,382,378,378,374,369,362,360,354,358,352,347,339,334,335,331,324,320,314,311,305,306,291,281,276,270,267,264,262,257,253,254,248,241,239,234,232,229,228,227,225,223,218,215,216,213,209,206,202,203,201,196,190,186,186,182,180,174,170,166,159,158,157,155,155,149,146,145,144,144,144,143,137,135,134,132,136,135,135,135,135,132,129,124,122,120
0,0,0,0,0,0,0,0,0,0,0,0,0,0,0,0,0,0,0,0,0,0,0,0,0,0,0,0,0,0,0,0,0,0,0,0,0,0,0,0,0,0,0,0,0,0,0,0,0,0,0,0,0,0,0,0,0,0,0,0,0,0,0,0,0,0,0,0,0,0,0,0,0,1,5,5,5,5,8,8,9,7,8,8,8,8,8,8,8,7,7,8,28,62,88,124,127,110,110,112,111,106,105,113,270,367,484,543,549,510,498,495,474,476,467,484,608,652,676,686,705,695,686,674,675,670,668,671,669,668,659,650,678,681,683,674,676,670,669,708,685,682,670,655,681,690,693,695,691,674,663,696,694,688,670,667,681,671,660,654,638,635,615,637,643,632,629,625,640,628,627,616,613,608,604,616,587,578,574,571,574,567,553,546,541,536,525,539,537,533,525,514,517,511,501,491,480,473,464,479,474,472,464,458,465,464,459,454,445,440,428,427,423,412,406,403,405,400,395,390,388,382,376,376,373,363,359,357,352,340,332,326,321,319,315,318,312,311,308,302,307,298,288,279,276,271,270,268,267,265,264,260,259,258,253,250,244,238,234,234,236,236,232,227,227,223,219,218,218,214,211,213,209,206,201,195,197,197,193,191,187,185,180,179,178,175,172,170,171,167,164,163,162,161,158,158,152,145,145,143
0,0,0,0,0,0,0,0,0,0,0,0,0,0,0,0,0,0,0,0,0,0,0,0,0,0,0,0,0,0,0,0,0,0,0,0,0,0,0,0,0,0,0,0,0,0,0,0,0,0,0,0,0,0,0,0,0,0,0,0,0,0,0,0,0,0,0,0,0,0,0,0,0,1,3,4,5,7,8,8,57,88,114,152,142,145,147,148,146,146,140,146,282,345,356,381,389,380,382,365,370,373,377,402,453,453,461,483,497,500,503,506,505,508,506,526,574,615,645,643,661,663,651,648,644,631,631,650,711,714,693,680,700,709,712,710,690,683,674,694,677,661,653,647,667,661,662,650,644,641,625,658,662,659,651,642,657,649,640,641,638,634,630,653,654,643,626,615,631,624,611,597,596,595,590,600,603,594,579,580,593,583,574,568,561,559,550,553,544,536,511,499,504,497,492,485,477,473,467,466,462,454,455,453,452,449,446,441,433,428,422,425,423,412,411,403,402,393,384,378,374,370,361,361,359,346,343,335,333,327,324,319,316,312,311,313,315,307,307,304,302,299,295,286,284,278,274,273,269,264,262,254,246,243,239,238,233,232,227,230,229,226,225,224,221,218,211,209,209,203,196,195,196,191,191,193,191,192,191,189,187,186,184,180,176,164,157,154,158,158,157,153,152,153,150,151,147,145,144,141
0,0,0,0,0,0,0,0,0,0,0,0,0,0,0,0,0,0,0,0,0,0,0,0,0,0,0,0,0,0,0,0,0,0,0,0,0,0,0,0,0,0,0,0,0,0,0,0,0,0,0,0,0,0,0,0,0,0,0,0,0,0,0,0,0,0,0,0,0,0,0,0,0,1,1,1,1,1,1,7,41,61,79,92,91,91,91,91,90,89,90,95,175,224,276,338,320,319,330,304,297,306,300,316,466,557,595,644,648,652,648,644,648,650,655,653,701,723,710,687,719,711,709,700,694,688,685,713,712,701,698,690,717,707,709,705,685,667,663,685,681,672,648,647,674,671,662,655,651,651,647,664,652,644,633,623,638,629,626,613,602,596,590,601,606,594,578,573,587,575,573,563,555,549,546,557,548,534,528,527,541,531,530,522,512,499,498,510,507,499,493,485,488,480,475,471,466,458,452,449,444,440,431,424,431,425,420,411,409,400,391,393,385,379,367,362,357,354,346,336,333,328,321,321,319,313,307,301,300,291,292,287,281,275,274,268,249,247,245,240,240,235,232,228,225,224,219,215,212,206,206,202,204,205,203,202,197,196,193,194,196,187,180,179,180,177,171,169,168,167,163,164,166,162,160,160,156,153,152,152,151,148,148,150,147,146,142,139,138,134,131,128,128,125,125,122,121,123,121,120
0,0,0,0,0,0,0,0,0,0,0,0,0,0,0,0,0,0,0,0,0,0,0,0,0,0,0,0,0,0,0,0,0,0,0,0,0,0,0,0,0,0,0,0,0,0,0,0,0,0,0,0,0,0,0,0,0,0,0,0,0,0,0,0,0,0,0,0,0,0,0,0,0,1,2,3,4,4,4,7,41,53,83,109,113,114,114,114,114,108,108,112,180,234,282,320,329,330,339,342,337,339,343,357,441,442,444,472,477,469,469,469,471,452,456,480,583,641,688,687,704,681,673,677,663,662,664,690,702,697,692,686,702,707,702,702,696,687,670,698,701,696,679,659,683,684,686,670,661,657,643,669,668,667,659,645,658,653,645,635,631,626,621,644,640,633,629,604,622,620,614,615,607,603,599,605,601,600,589,576,594,586,570,559,553,534,523,533,523,514,508,500,496,488,478,478,474,463,456,459,440,434,432,431,433,427,423,415,406,402,391,389,386,381,375,370,369,365,363,357,346,339,336,339,334,320,317,318,312,310,300,297,290,282,278,276,275,270,268,259,255,253,250,244,241,239,240,237,238,233,231,226,227,226,220,217,213,208,207,208,203,198,193,190,183,178,176,173,173,170,165,162,161,159,158,156,153,151,149,149,148,145,143,143,141,140,137,136,137,135,133,133,130,126,124,124,126,126,122,119
0,0,0,0,0,0,0,0,0,0,0,0,0,0,0,0,0,0,0,0,0,0,0,0,0,0,0,0,0,0,0,0,0,0,0,0,0,0,0,0,0,0,0,0,0,0,0,0,0,0,0,0,0,0,0,0,0,0,0,0,0,0,0,0,0,0,0,0,0,0,0,0,0,1,1,2,4,6,5,5,50,89,134,185,192,172,175,179,161,156,162,164,269,349,377,402,406,413,422,423,428,424,422,436,547,602,637,659,661,665,676,673,664,652,649,688,741,724,722,720,742,745,748,737,738,735,727,743,742,719,712,704,723,706,710,709,694,695,691,707,705,695,676,663,694,696,693,695,687,677,668,680,676,667,654,639,641,640,636,628,619,619,597,611,605,593,587,578,590,587,581,573,570,557,545,556,547,539,532,523,536,529,525,515,506,499,496,506,503,498,490,488,496,490,480,471,469,462,461,465,462,456,444,438,441,435,428,423,416,410,404,400,399,392,383,376,361,354,349,346,340,336,329,330,327,322,315,312,311,310,303,297,293,289,285,285,284,280,278,273,272,268,264,259,254,252,250,249,249,245,239,238,237,237,234,232,228,225,224,228,225,222,219,218,214,206,203,199,199,197,193,190,190,185,183,177,171,170,165,164,163,162,158,159,160,155,150,148,148,143,141,139,136,132,131,131,130,128,126,125
0,0,0,0,0,0,0,0,0,0,0,0,0,0,0,0,0,0,0,0,0,0,0,0,0,0,0,0,0,0,0,0,0,0,0,0,0,0,0,0,0,0,0,0,0,0,0,0,0,0,0,0,0,0,0,0,0,0,0,0,0,0,0,0,0,0,0,0,0,0,0,0,0,2,3,2,2,3,5,6,103,170,218,306,305,307,309,309,308,280,279,289,527,623,663,703,703,687,693,695,690,693,695,684,723,722,719,711,729,732,731,736,723,713,709,733,718,706,701,689,708,708,704,708,700,694,692,724,718,702,683,671,704,694,685,663,653,646,640,675,656,649,639,629,662,649,645,634,630,625,621,630,632,625,617,609,619,603,583,578,565,549,538,558,561,557,548,535,547,538,534,521,516,509,503,516,511,502,498,492,499,489,485,466,457,449,446,454,451,449,442,440,435,428,423,414,412,408,404,398,396,395,391,388,384,382,375,371,364,355,351,353,351,348,325,308,303,299,293,289,284,281,277,269,265,263,259,257,254,253,250,248,245,240,232,232,232,224,219,215,211,211,210,207,207,204,203,199,199,194,191,183,181,179,179,174,169,168,167,163,163,158,157,157,155,153,152,151,143,140,137,136,133,132,128,127,126,126,125,125,121,120,120,120,120,119,118,115,117,115,115,113,113,112,112,111,109,110,110,110
0,0,0,0,0,0,0,0,0,0,0,0,0,0,0,0,0,0,0,0,0,0,0,0,0,0,0,0,0,0,0,0,0,0,0,0,0,0,0,0,0,0,0,0,0,0,0,0,0,0,0,0,0,0,0,0,0,0,0,0,0,0,0,0,0,0,0,0,0,0,0,0,0,0,3,3,4,5,5,6,29,44,55,84,84,79,79,79,81,82,81,82,154,211,257,310,293,279,278,283,290,282,283,286,411,510,570,625,612,603,592,586,580,568,567,578,642,648,639,629,631,635,643,643,637,631,630,670,671,663,656,647,678,679,669,662,660,657,652,668,666,657,651,644,666,662,666,656,652,647,629,643,645,637,630,628,649,643,628,622,613,603,595,607,605,601,593,585,585,583,574,563,553,547,542,549,555,543,534,531,548,540,540,527,517,513,507,512,505,485,476,469,475,470,463,456,448,449,444,458,454,449,442,434,431,429,422,415,412,406,403,400,395,390,385,380,374,368,368,364,356,351,343,338,331,327,327,323,316,308,305,304,297,290,283,280,272,266,265,262,257,256,253,250,245,238,233,230,228,225,222,221,220,214,208,208,204,200,201,203,201,197,191,182,180,178,175,172,170,168,166,166,169,170,166,164,167,163,160,161,161,160,156,158,154,154,148,144,139,137,134,131,131,126,124,123,126,121,120,117
0,0,0,0,0,0,0,0,0,0,0,0,0,0,0,0,0,0,0,0,0,0,0,0,0,0,0,0,0,0,0,0,0,0,0,0,0,0,0,0,0,0,0,0,0,0,0,0,0,0,0,0,0,0,0,0,0,0,0,0,0,0,0,0,0,0,0,0,0,0,0,0,0,3,4,4,5,5,5,9,9,9,8,9,11,12,12,13,12,12,11,15,15,14,15,15,21,20,21,21,21,20,22,26,67,99,138,190,188,173,176,175,175,179,177,186,272,349,362,375,381,374,375,377,375,378,381,414,485,528,523,556,582,575,570,565,572,554,545,558,662,683,679,675,696,698,701,696,694,696,693,712,719,709,680,678,710,697,690,683,675,664,663,688,690,681,676,671,679,677,663,659,657,655,645,678,671,665,660,656,662,646,633,627,618,601,590,603,595,586,578,574,600,592,592,581,573,566,564,575,572,563,554,548,562,561,556,550,541,536,533,536,533,527,522,511,511,505,497,485,479,464,458,465,462,459,441,432,433,426,420,419,412,407,401,394,389,384,377,369,369,363,352,352,348,343,335,341,340,334,309,306,307,306,301,300,298,292,289,286,280,271,263,255,250,244,239,237,233,226,224,226,227,225,219,212,212,209,200,197,194,190,188,188,183,179,179,173,171,166,164,163,163,162,161,161,157,151,151,152
0,0,0,0,0,0,0,0,0,0,0,0,0,0,0,0,0,0,0,0,0,0,0,0,0,0,0,0,0,0,0,0,0,0,0,0,0,0,0,0,0,0,0,0,0,0,0,0,0,0,0,0,0,0,0,0,0,0,0,0,0,0,0,0,0,0,0,0,0,0,0,0,0,0,1,2,2,2,3,6,8,8,8,8,9,9,11,11,11,11,11,12,12,13,13,12,13,14,15,17,17,17,17,18,18,19,19,19,22,20,21,21,21,23,23,28,50,72,76,89,91,89,90,94,96,99,101,105,153,176,183,237,241,232,231,230,228,232,230,234,363,403,445,470,494,496,493,490,487,491,496,517,616,654,673,674,680,679,688,687,679,670,675,698,717,711,696,685,707,705,700,690,687,685,680,702,704,693,668,665,688,690,693,691,688,677,669,714,713,707,694,686,714,713,705,697,691,680,673,700,691,680,667,663,674,680,672,659,650,648,642,654,653,642,638,639,638,628,617,607,600,590,587,589,579,572,562,551,558,554,549,546,539,533,526,531,527,519,516,501,509,505,499,492,491,485,475,474,476,447,445,437,438,428,418,413,402,396,388,387,380,371,368,361,363,359,353,346,339,331,326,330,323,312,305,298,299,290,285,282,276,271,272,271,271,265,256,256,254,251,249,246,244,241,238,235,233,232,226,217
0,0,0,0,0,0,0,0,0,0,0,0,0,0,0,0,0,0,0,0,0,0,0,0,0,0,0,0,0,0,0,0,0,0,0,0,0,0,0,0,0,0,0,0,0,0,0,0,0,0,0,0,0,0,0,0,0,0,0,0,0,0,0,0,0,0,0,0,0,0,0,0,0,1,3,4,4,5,5,5,5,5,5,5,6,6,6,6,6,6,6,8,8,8,7,7,7,8,10,10,10,10,12,14,38,66,85,99,101,100,101,102,104,105,105,111,224,320,389,382,367,369,355,359,357,360,364,375,444,490,506,504,495,497,499,490,493,492,489,521,593,634,660,686,695,688,687,680,672,667,654,659,684,672,666,657,681,684,676,674,667,658,656,688,672,663,638,627,656,651,648,646,641,628,625,656,648,646,644,638,657,651,638,629,624,616,609,641,638,630,624,621,644,643,635,625,630,620,610,626,626,619,616,607,605,598,595,587,578,565,560,579,562,564,555,547,548,543,540,533,530,523,519,516,515,504,498,487,491,491,483,471,455,449,449,446,444,442,434,422,423,408,402,394,387,378,375,374,374,372,371,365,350,345,342,335,332,322,316,317,320,317,315,305,301,298,295,289,281,279,276,277,274,268,267,265,266,261,256,255,252,247,240,240,233,228,220,216,216,215,211,209,209,208,204,204,203,199,197,196
0,0,0,0,0,0,0,0,0,0,0,0,0,0,0,0,0,0,0,0,0,0,0,0,0,0,0,0,0,0,0,0,0,0,0,0,0,0,0,0,0,0,0,0,0,0,0,0,0,0,0,0,0,0,0,0,0,0,0,0,0,0,0,0,0,0,0,0,0,0,0,0,0,3,3,3,3,4,4,5,36,51,65,76,76,76,76,76,76,75,75,78,131,138,157,189,192,195,192,191,191,190,190,194,285,329,340,357,351,347,347,348,350,341,346,363,361,363,354,367,377,376,375,378,382,386,385,404,471,524,579,615,629,624,609,607,594,588,588,619,656,658,656,643,675,661,649,651,644,639,628,642,642,631,613,606,624,621,618,623,615,617,611,643,639,636,630,628,652,638,632,629,625,622,619,650,650,641,624,613,622,613,612,601,590,569,565,572,579,572,564,559,576,573,567,562,559,549,537,549,543,541,536,535,540,531,527,519,518,509,508,510,509,484,479,471,469,465,455,450,441,438,430,436,430,427,419,415,414,406,401,393,393,388,381,381,380,368,358,347,344,339,340,335,331,325,320,320,317,308,304,301,301,294,288,285,282,279,271,271,270,258,254,248,246,244,236,234,230,227,226,222,224,221,215,213,215,209,206,205,204,198,194,193,186,183,180,179,176,173,169,164,163,162,162,163,168,166,166,159
0,0,0,0,0,0,0,0,0,0,0,0,0,0,0,0,0,0,0,0,0,0,0,0,0,0,0,0,0,0,0,0,0,0,0,0,0,0,0,0,0,0,0,0,0,0,0,0,0,0,0,0,0,0,0,0,0,0,0,0,0,0,0,0,0,0,0,0,0,0,0,0,0,0,1,1,2,3,3,5,21,43,66,75,75,76,75,77,77,77,77,74,165,209,249,299,304,304,309,288,291,284,285,295,361,374,363,362,374,374,379,374,374,368,375,401,426,431,431,451,452,458,463,470,467,456,443,469,597,650,663,668,703,705,699,704,699,692,689,697,697,689,675,665,695,688,675,676,674,646,636,671,674,667,662,653,680,670,660,655,653,650,641,651,655,640,635,629,641,639,637,626,621,613,596,609,609,588,580,574,576,574,570,557,552,553,548,558,547,543,527,526,540,538,533,527,518,514,508,511,506,502,499,489,494,488,485,478,473,465,459,471,461,452,448,441,447,438,437,428,418,410,401,405,405,400,390,377,372,367,361,355,353,348,343,337,334,327,322,308,309,305,299,294,285,279,271,272,271,267,265,257,250,247,245,242,240,238,235,239,234,231,227,227,231,227,222,220,218,217,213,209,204,204,205,199,198,194,188,188,189,186,185,184,179,177,175,175,169,168,168,167,165,163,158,159,160,156,155,153
0,0,0,0,0,0,0,0,0,0,0,0,0,0,0,0,0,0,0,0,0,0,0,0,0,0,0,0,0,0,0,0,0,0,0,0,0,0,0,0,0,0,0,0,0,0,0,0,0,0,0,0,0,0,0,0,0,0,0,0,0,0,0,0,0,0,0,0,0,0,0,0,0,0,1,2,2,2,2,5,23,46,67,81,81,75,74,78,79,79,78,78,157,199,282,327,329,302,301,291,295,295,286,289,400,460,528,538,547,553,559,557,564,560,562,595,697,703,716,732,738,720,698,696,692,692,690,717,722,709,702,689,710,711,713,709,707,710,702,726,725,701,697,678,696,693,690,696,693,687,677,696,699,691,688,681,706,692,682,679,666,660,656,672,672,665,653,644,653,650,637,627,618,613,607,621,615,610,608,601,613,603,592,579,572,565,559,558,552,543,533,527,525,517,509,505,505,502,496,503,499,495,489,477,484,475,464,464,459,451,439,440,441,435,432,431,422,417,409,405,404,400,393,390,376,376,367,355,349,340,336,330,327,324,323,317,311,306,304,299,289,281,270,263,262,255,255,255,255,251,246,239,237,235,229,224,224,222,221,222,218,217,210,205,198,195,187,186,182,178,174,178,175,171,167,166,164,164,163,158,155,152,150,148,150,148,144,144,149,146,143,143,139,137,133,133,133,128,125,124
0,0,0,0,0,0,0,0,0,0,0,0,0,0,0,0,0,0,0,0,0,0,0,0,0,0,0,0,0,0,0,0,0,0,0,0,0,0,0,0,0,0,0,0,0,0,0,0,0,0,0,0,0,0,0,0,0,0,0,0,0,0,0,0,0,0,0,0,0,0,0,0,0,2,4,3,2,2,2,2,2,3,4,4,4,4,4,4,5,5,5,6,6,6,6,6,8,7,7,7,8,8,9,11,10,12,12,12,17,17,17,17,17,17,18,23,58,81,122,147,138,138,141,142,141,141,140,145,278,346,363,412,405,397,393,398,397,398,391,401,456,503,527,532,540,537,539,539,531,523,528,542,651,684,675,677,698,692,700,698,693,691,683,707,724,719,710,681,696,698,693,691,669,668,659,686,683,677,669,664,689,681,679,678,673,675,668,676,677,662,656,649,665,657,656,642,643,640,628,651,652,641,629,625,649,650,646,639,636,628,617,625,622,613,603,591,600,594,587,584,578,573,564,572,563,554,544,534,536,524,517,505,497,481,469,472,467,463,455,448,443,438,435,430,424,422,416,419,417,411,394,380,382,378,369,367,356,358,354,355,350,342,334,333,325,316,309,300,297,295,289,295,299,292,290,283,279,277,267,262,262,262,259,262,260,256,252,238,235,233,231,229,224,220,213,213,209,204,199,195
0,0,0,0,0,0,0,0,0,0,0,0,0,0,0,0,0,0,0,0,0,0,0,0,0,0,0,0,0,0,0,0,0,0,0,0,0,0,0,0,0,0,0,0,0,0,0,0,0,0,0,0,0,0,0,0,0,0,0,0,0,0,0,0,0,0,0,0,0,0,0,0,0,1,1,2,3,3,3,3,31,35,72,125,127,126,124,125,113,114,113,116,229,278,325,333,340,336,326,328,330,331,324,336,393,438,455,484,485,473,474,477,479,480,477,495,604,638,651,661,680,677,682,676,670,666,663,693,689,686,675,663,688,690,694,682,687,691,682,710,696,685,679,673,706,708,710,696,703,691,676,712,704,698,689,676,698,690,680,673,668,665,658,666,669,664,661,654,669,654,644,634,629,624,618,636,633,623,621,616,619,615,602,593,584,575,569,574,574,563,556,551,557,548,541,534,518,510,502,499,489,482,472,468,465,457,452,446,439,430,423,427,421,415,408,393,388,385,379,376,372,369,362,358,348,337,333,328,323,317,311,309,306,300,292,291,285,279,269,265,267,263,260,256,252,247,246,247,248,240,237,233,228,222,221,219,217,211,207,215,216,213,210,208,209,203,203,201,196,195,194,194,195,188,190,189,187,181,180,173,171,170,169,165,167,167,165,160,155,153,150,148,146,144,139,139,138,134,130,129
0,0,0,0,0,0,0,0,0,0,0,0,0,0,0,0,0,0,0,0,0,0,0,0,0,0,0,0,0,0,0,0,0,0,0,0,0,0,0,0,0,0,0,0,0,0,0,0,0,0,0,0,0,0,0,0,0,0,0,0,0,0,0,0,0,0,0,0,0,0,0,0,0,3,4,5,5,5,5,9,67,106,172,221,214,217,217,205,191,190,191,201,328,433,501,552,553,546,530,521,515,512,507,522,674,725,710,710,727,731,741,750,746,747,739,756,745,746,729,716,743,735,740,728,719,711,709,717,717,708,695,681,710,703,699,696,699,692,684,714,698,688,668,661,672,671,667,663,653,637,626,648,638,630,618,611,611,601,586,582,580,576,565,579,575,569,561,558,569,559,551,544,532,524,520,536,539,531,529,527,528,516,504,496,487,483,477,484,480,470,463,460,461,455,450,449,445,436,429,435,430,422,416,411,407,400,397,391,386,381,378,374,375,370,362,354,353,350,347,338,333,325,320,318,317,310,302,294,296,293,290,287,280,277,269,269,266,258,253,251,248,241,240,239,233,232,231,229,227,225,217,215,215,210,205,200,195,193,188,190,190,183,177,173,172,171,170,166,164,160,159,159,155,153,152,149,145,143,142,139,139,136,136,136,138,138,137,135,134,134,133,131,130,130,130,135,135,130,129,127
0,0,0,0,0,0,0,0,0,0,0,0,0,0,0,0,0,0,0,0,0,0,0,0,0,0,0,0,0,0,0,0,0,0,0,0,0,0,0,0,0,0,0,0,0,0,0,0,0,0,0,0,0,0,0,0,0,0,0,0,0,0,0,0,0,0,0,0,0,0,0,0,0,1,2,3,3,3,3,3,28,43,56,92,96,97,97,87,82,84,84,90,167,217,275,304,308,295,278,279,284,283,282,280,361,400,401,415,426,428,435,411,405,407,414,441,507,549,564,576,591,583,589,592,588,580,580,615,678,691,681,674,705,686,680,683,686,678,679,694,684,682,669,649,667,661,649,651,641,644,641,670,670,668,659,652,678,666,654,654,650,639,631,651,649,646,627,608,625,609,604,593,586,574,571,575,580,567,559,554,569,568,558,550,534,529,522,524,515,508,502,493,500,498,493,486,482,476,471,478,473,468,463,456,463,463,461,444,437,426,420,417,407,401,395,392,393,388,386,378,376,370,364,366,353,346,333,323,322,312,309,301,299,295,291,292,288,282,277,274,277,273,268,258,255,254,252,250,247,245,244,243,240,239,240,239,236,233,231,230,230,227,220,212,205,203,201,198,197,193,187,185,187,183,184,184,184,186,182,183,181,177,175,171,171,170,169,160,158,157,157,155,154,152,148,147,145,143,138,136
0,0,0,0,0,0,0,0,0,0,0,0,0,0,0,0,0,0,0,0,0,0,0,0,0,0,0,0,0,0,0,0,0,0,0,0,0,0,0,0,0,0,0,0,0,0,0,0,0,0,0,0,0,0,0,0,0,0,0,0,0,0,0,0,0,0,0,0,0,0,0,0,0,1,2,2,2,2,3,6,51,79,106,131,132,131,133,125,125,125,124,124,231,301,374,446,460,446,446,441,444,429,427,438,604,670,683,711,709,696,681,665,653,643,637,657,674,663,658,651,675,673,669,660,642,647,641,657,648,638,628,621,658,653,655,646,652,647,639,670,667,662,652,646,672,675,667,663,659,648,646,663,653,644,636,628,641,639,630,626,623,615,610,622,630,608,596,588,603,594,579,577,569,560,548,565,556,543,538,531,550,542,536,532,524,518,503,513,510,502,497,489,497,491,485,477,470,458,453,461,457,456,447,442,443,433,428,425,417,412,412,411,415,397,390,384,388,386,382,372,370,361,357,359,346,344,343,333,333,323,315,311,306,301,299,302,297,294,289,287,288,282,276,272,269,264,262,263,258,251,244,236,238,234,232,229,227,225,223,225,218,213,208,205,201,197,191,187,186,181,178,173,167,163,161,159,155,152,151,150,150,147,146,143,142,139,135,135,134,132,130,126,123,121,119,119,118,116,116,116
0,0,0,0,0,0,0,0,0,0,0,0,0,0,0,0,0,0,0,0,0,0,0,0,0,0,0,0,0,0,0,0,0,0,0,0,0,0,0,0,0,0,0,0,0,0,0,0,0,0,0,0,0,0,0,0,0,0,0,0,0,0,0,0,0,0,0,0,0,0,0,0,0,1,1,2,2,2,2,5,26,47,57,89,89,88,87,88,89,90,90,88,212,283,346,416,421,415,410,402,381,371,371,384,489,564,605,617,623,623,616,620,617,612,621,636,707,732,741,740,752,738,737,735,733,711,714,727,716,707,705,697,709,696,695,689,692,693,693,726,710,701,691,688,717,717,721,714,705,695,685,687,686,685,675,665,682,666,657,649,638,628,625,642,630,623,608,593,598,594,587,575,569,565,551,559,555,542,534,527,542,537,535,528,524,517,511,513,506,503,495,480,485,483,478,470,465,459,454,457,462,458,453,449,454,444,435,433,427,426,422,432,425,415,408,399,405,401,392,385,379,373,370,365,365,358,355,349,348,344,337,333,330,327,322,319,319,315,311,305,304,302,298,297,291,283,276,273,265,256,255,253,246,243,242,239,238,231,227,226,222,222,214,210,207,204,198,192,189,185,182,182,182,179,177,174,171,172,170,166,161,159,158,158,158,158,155,153,145,143,143,143,140,136,135,133,131,130,129,128
0,0,0,0,0,0,0,0,0,0,0,0,0,0,0,0,0,0,0,0,0,0,0,0,0,0,0,0,0,0,0,0,0,0,0,0,0,0,0,0,0,0,0,0,0,0,0,0,0,0,0,0,0,0,0,0,0,0,0,0,0,0,0,0,0,0,0,0,0,0,0,0,0,0,1,3,6,6,6,8,38,50,65,110,99,98,98,95,91,85,84,86,177,240,309,349,347,339,337,330,319,318,321,330,451,510,546,573,581,586,558,546,548,535,534,545,654,683,682,659,656,666,674,662,652,650,645,667,680,672,668,661,690,695,679,675,669,661,657,689,690,675,670,662,680,665,660,652,649,650,645,657,661,651,644,640,678,659,656,659,650,648,642,653,655,644,635,625,639,627,619,601,596,583,577,602,596,592,582,565,573,566,558,550,546,542,535,542,539,531,522,514,519,517,509,508,504,495,488,489,487,485,481,473,464,462,455,443,438,436,430,430,427,419,415,412,415,406,403,396,390,384,378,375,373,366,366,361,360,357,350,341,338,335,331,324,321,304,298,291,289,285,276,269,263,259,254,256,258,256,249,247,244,242,237,232,231,225,224,226,227,224,214,211,211,207,204,200,193,191,187,185,188,184,183,180,183,179,178,177,174,173,169,168,163,163,161,156,154,150,149,145,144,142,141,144,146,145,142,137
0,0,0,0,0,0,0,0,0,0,0,0,0,0,0,0,0,0,0,0,0,0,0,0,0,0,0,0,0,0,0,0,0,0,0,0,0,0,0,0,0,0,0,0,0,0,0,0,0,0,0,0,0,0,0,0,0,0,0,0,0,0,0,0,0,0,0,0,0,0,0,0,0,1,1,1,1,1,1,1,1,1,1,1,1,1,1,1,1,1,1,1,1,1,1,1,1,1,1,1,1,1,1,1,1,1,1,1,1,1,1,1,1,1,1,1,1,1,1,1,1,1,1,1,1,1,1,1,1,1,1,1,1,1,1,1,1,1,1,1,1,1,1,1,1,1,1,1,1,1,1,1,1,1,1,1,1,1,1,1,1,1,1,1,1,1,1,1,1,1,1,1,1,1,1,1,1,1,1,1,1,1,1,1,1,1,1,1,1,1,1,1,1,1,1,0,0,0,0,0,0,0,0,0,0,0,0,0,0,0,0,0,0,0,0,0,0,0,0,0,0,0,0,0,0,0,0,0,0,0,0,0,0,0,0,0,0,0,0,0,0,0,0,0,0,0,0,0,0,0,0,0,0,0,0,0,0,0,0,0,0,0,0,0,0,0,0,0,0,0,0,0,0,0,0,0,0,0,0,0,0,0,0,0,0,0,0,0,0,0,0,0,0,0,0,0,0,0,0,0
0,0,0,0,0,0,0,0,0,0,0,0,0,0,0,0,0,0,0,0,0,0,0,0,0,0,0,0,0,0,0,0,0,0,0,0,0,0,0,0,0,0,0,0,0,0,0,0,0,0,0,0,0,0,0,0,0,0,0,0,0,0,0,0,0,0,0,0,0,0,0,0,0,1,1,4,4,4,4,5,39,59,61,97,99,101,101,97,101,103,104,115,253,320,386,402,414,418,413,419,421,406,404,421,430,433,431,445,472,485,487,492,495,493,478,485,570,596,618,650,664,644,643,636,639,642,634,667,701,699,691,684,719,718,713,709,706,699,692,701,703,702,693,691,713,704,700,697,692,688,689,719,711,707,696,691,705,687,674,666,650,642,632,643,632,626,615,610,610,613,601,591,584,571,557,570,565,567,556,551,552,545,537,527,508,502,496,508,511,505,497,491,493,488,483,476,469,463,459,455,441,433,425,415,415,406,397,394,391,384,382,379,379,372,367,358,357,353,349,341,339,333,328,330,328,322,319,319,322,315,308,307,295,292,292,291,284,280,270,267,264,258,252,247,246,244,239,240,237,235,234,232,231,228,225,226,227,225,219,215,205,203,198,195,191,185,187,183,181,177,176,178,175,171,166,164,161,159,158,158,156,154,153,155,154,154,149,147,145,146,147,143,145,142,139,139,138,135,134,132
0,0,0,0,0,0,0,0,0,0,0,0,0,0,0,0,0,0,0,0,0,0,0,0,0,0,0,0,0,0,0,0,0,0,0,0,0,0,0,0,0,0,0,0,0,0,0,0,0,0,0,0,0,0,0,0,0,0,0,0,0,0,0,0,0,0,0,0,0,0,0,0,0,0,2,2,2,3,3,5,37,58,79,89,91,93,84,82,87,81,80,85,158,197,218,313,319,320,314,321,314,316,317,336,525,627,672,692,709,705,705,694,684,688,686,706,745,753,737,733,753,749,740,736,731,716,718,723,731,727,723,706,729,734,727,728,722,717,707,732,735,730,711,707,722,715,713,707,680,664,651,665,663,665,665,659,677,653,642,633,621,607,595,619,616,615,608,603,618,616,613,609,606,595,586,593,577,571,553,543,550,546,537,533,531,526,517,531,523,516,512,500,504,499,496,495,486,474,464,462,466,466,463,457,452,445,433,429,422,415,410,404,403,399,396,373,374,371,367,364,360,358,356,354,350,339,328,321,321,316,314,309,301,296,288,282,277,275,269,260,258,254,249,247,247,242,235,234,235,230,230,223,220,220,216,213,209,205,202,201,202,201,198,195,198,195,190,189,188,182,177,178,177,177,173,172,166,165,160,157,153,150,143,141,137,137,134,133,132,131,131,125,121,121,120,119,117,113,112,112
