0,0,0,0,0,0,0,0,0,0,0,0,0,0,0,0,0,0,0,0,0,0,0,0,0,0,0,0,0,0,0,0,0,0,0,0,0,0,0,0,0,0,0,0,0,0,0,0,0,0,0,0,0,0,0,0,0,0,0,0,0,0,0,0,0,0,0,0,0,0,0,0,2,2,2,2,2,2,2,2,2,2,2,2,2,4,4,4,5,6,7,7,7,9,11,13,14,14,17,19,23,23,26,30,30,36,40,41,43,45,48,50,51,53,55,58,59,62,64,67,73,75,79,84,87,94,100,105,115,119,125,130,136,142,144,144,150,155,156,159,170,176,189,192,199,202,207,216,217,223,228,231,240,242,245,249,252,258,262,268,273,278,277,285,285,291,295,302,311,313,319,324,320,322,323,331,335,343,340,336,341,343,350,351,360,361,370,376,375,381,387,389,393,399,403,404,410,419,418,421,422,421,422,424,427,427,428,427,426,426,430,433,433,432,431,430,432,433,434,434,436,439,441,442,443,445,444,441,441,441,445,447,448,449,450,450,454,457,449,450,449,450,448,452,452,451,452,452,455,456,455,455,456,456,459,461,463,455,454,455,452,453,451,453,447,447,446,442,442,443,442,440,437,435,435,434,432,433,432,428,430,430,430,428,426,426,426,425,424,420,420,418,416,415,416,413,412,412,409,405
0,0,0,0,0,0,0,0,0,0,0,0,0,0,0,0,0,0,0,0,0,0,0,0,0,0,0,0,0,0,0,0,0,0,0,0,0,0,0,0,0,0,0,0,0,0,0,0,0,0,0,0,0,0,0,0,0,0,0,0,0,0,0,0,0,0,0,0,0,0,0,0,2,2,2,2,2,2,2,2,2,4,4,5,8,11,12,13,13,17,18,19,20,22,26,33,37,41,44,52,60,64,68,72,73,82,89,99,104,107,114,123,127,129,134,139,142,144,152,154,160,165,172,177,183,184,188,196,199,204,211,218,219,224,226,233,238,244,246,250,253,255,255,258,260,267,270,278,282,283,288,295,304,312,315,319,320,324,324,326,332,334,338,341,343,348,350,356,360,363,365,366,371,373,375,379,384,385,385,388,393,394,396,401,401,406,412,416,417,420,423,427,430,431,432,438,439,442,442,443,447,448,451,454,456,460,466,464,463,462,463,462,466,466,463,463,460,460,459,461,462,461,461,464,460,457,461,461,462,466,466,466,468,469,470,470,468,469,472,470,469,469,469,468,465,466,460,462,465,462,466,465,465,464,466,462,460,457,459,457,458,455,454,455,459,462,462,460,462,465,463,465,464,467,466,464,462,462,461,456,456,455,452,449,449,447,447,446,444,444,443,441,440,439,439,437,432,431,429,430
0,0,0,0,0,0,0,0,0,0,0,0,0,0,0,0,0,0,0,0,0,0,0,0,0,0,0,0,0,0,0,0,0,0,0,0,0,0,0,0,0,0,0,0,0,0,0,0,0,0,0,0,0,0,0,0,0,0,0,0,0,0,0,0,0,0,0,0,0,0,0,0,2,2,2,2,2,2,2,2,2,2,2,2,2,4,4,5,5,5,5,6,6,8,9,10,10,10,12,14,16,18,19,22,17,19,22,22,24,26,27,30,32,33,36,40,43,45,46,50,50,55,56,58,62,65,71,74,77,79,82,86,88,92,99,105,113,120,123,126,130,135,139,142,144,147,150,155,155,161,168,173,177,183,181,185,194,199,204,214,215,219,220,227,237,240,244,245,249,249,250,250,256,260,266,271,275,275,279,282,284,289,297,300,302,305,308,312,318,316,322,321,330,331,335,331,336,341,347,352,355,360,361,361,362,366,371,375,379,379,382,386,387,391,386,392,396,396,400,401,406,410,414,416,417,415,415,414,420,429,430,430,428,428,428,427,431,431,433,434,437,440,441,438,439,438,442,440,443,442,442,441,439,437,441,445,443,443,448,446,449,452,450,450,453,451,447,450,449,453,452,451,453,449,448,447,446,446,445,444,441,441,445,445,445,446,439,438,437,436,436,434,433,431,428,429,426,427,427,427
0,0,0,0,0,0,0,0,0,0,0,0,0,0,0,0,0,0,0,0,0,0,0,0,0,0,0,0,0,0,0,0,0,0,0,0,0,0,0,0,0,0,0,0,0,0,0,0,0,0,0,0,0,0,0,0,0,0,0,0,0,0,0,0,0,0,0,0,0,0,0,0,2,2,2,2,2,2,2,2,2,2,2,2,3,4,5,6,6,5,6,6,7,7,9,12,14,17,18,21,23,25,26,30,31,33,36,35,39,45,46,47,51,53,56,58,58,62,65,69,77,78,81,90,100,106,111,113,118,123,126,131,134,142,148,151,153,159,162,167,170,171,176,180,181,186,190,195,198,200,207,210,215,217,222,226,231,243,243,249,252,256,252,254,267,269,273,272,275,282,290,284,286,292,298,302,307,313,319,320,329,330,332,337,339,338,343,345,349,353,351,355,361,364,363,362,371,371,371,372,373,371,379,381,385,386,392,392,391,396,396,397,395,397,399,399,403,403,401,404,405,406,407,406,408,406,400,397,402,405,410,409,409,413,413,417,416,420,422,414,413,412,417,415,415,416,420,421,424,423,424,425,427,425,421,420,417,419,419,421,420,418,420,420,418,420,420,421,418,420,417,419,421,419,418,413,413,411,410,411,412,413,408,405,404,402,401,397,398,397,394,392,391,391,393,393,394,394,394,391
0,0,0,0,0,0,0,0,0,0,0,0,0,0,0,0,0,0,0,0,0,0,0,0,0,0,0,0,0,0,0,0,0,0,0,0,0,0,0,0,0,0,0,0,0,0,0,0,0,0,0,0,0,0,0,0,0,0,0,0,0,0,0,0,0,0,0,0,0,0,0,0,2,2,2,2,2,2,2,2,2,2,2,4,4,4,4,4,5,5,5,4,4,6,7,8,8,9,12,13,14,18,18,18,20,20,21,22,26,28,30,33,37,38,37,40,43,46,48,51,54,57,61,67,68,72,77,81,82,84,88,93,99,108,116,118,123,131,141,145,150,152,159,163,168,176,180,187,193,195,198,203,211,217,224,229,232,240,249,255,261,263,266,272,277,285,292,294,293,292,296,302,304,309,311,316,321,325,330,332,333,339,342,343,350,353,355,361,373,375,376,378,378,381,383,385,392,394,397,399,401,408,416,418,421,427,427,433,435,437,443,441,441,438,444,446,444,446,448,449,451,450,450,454,452,451,450,452,451,452,452,458,465,463,462,462,464,460,459,463,462,464,467,469,464,465,463,460,461,461,460,459,455,455,455,455,454,453,454,453,457,457,453,450,450,450,450,448,444,446,444,444,443,442,441,440,436,434,430,427,425,423,421,420,418,420,419,421,417,417,416,416,415,418,420,420,419,418,415,416
0,0,0,0,0,0,0,0,0,0,0,0,0,0,0,0,0,0,0,0,0,0,0,0,0,0,0,0,0,0,0,0,0,0,0,0,0,0,0,0,0,0,0,0,0,0,0,0,0,0,0,0,0,0,0,0,0,0,0,0,0,0,0,0,0,0,0,0,0,0,0,0,2,2,2,2,2,2,2,2,2,2,2,2,2,2,2,1,1,1,1,2,2,2,3,5,6,7,7,6,6,6,6,6,10,12,13,14,18,21,25,26,26,29,30,34,35,39,45,52,58,61,65,66,69,73,77,80,87,92,96,106,108,108,116,121,126,136,141,149,152,156,162,166,175,184,186,193,202,209,215,216,220,227,235,243,249,253,256,258,265,267,271,275,283,287,290,298,296,297,308,311,317,320,324,328,329,334,340,347,350,356,359,362,366,368,373,373,372,374,376,380,384,388,393,397,401,404,408,416,417,419,426,435,434,439,439,440,441,438,439,442,444,449,451,453,454,455,462,467,471,470,471,473,477,477,476,474,474,479,480,487,485,484,488,492,494,495,493,484,483,481,480,478,476,482,482,481,478,478,476,473,475,477,477,477,476,478,478,477,476,478,479,479,476,478,480,481,482,482,484,485,485,486,488,486,482,482,480,480,478,477,478,475,476,471,468,467,466,467,467,467,463,460,460,459,459,457,454,451
0,0,0,0,0,0,0,0,0,0,0,0,0,0,0,0,0,0,0,0,0,0,0,0,0,0,0,0,0,0,0,0,0,0,0,0,0,0,0,0,0,0,0,0,0,0,0,0,0,0,0,0,0,0,0,0,0,0,0,0,0,0,0,0,0,0,0,0,0,0,0,0,2,2,2,2,2,2,2,2,2,2,3,5,7,5,5,5,5,5,6,6,6,6,7,10,13,19,22,25,27,24,27,28,33,40,44,45,54,59,66,73,80,79,86,92,96,102,110,117,120,132,136,142,148,153,160,165,172,177,183,185,189,190,194,204,204,209,219,226,229,237,237,240,243,247,248,253,259,267,267,266,267,271,278,279,287,290,294,299,301,308,311,316,319,315,318,319,322,322,322,326,326,330,331,336,340,350,351,355,362,370,376,376,380,379,381,387,386,389,393,396,402,401,407,410,413,417,418,421,424,422,425,429,431,435,434,431,433,440,444,447,449,446,446,451,454,454,455,456,453,451,450,449,449,453,453,448,445,445,444,446,445,442,441,442,447,450,454,456,452,455,452,451,447,446,445,441,440,438,436,436,435,433,429,429,431,431,428,428,425,428,426,423,423,424,426,428,426,427,426,424,425,424,426,425,424,423,419,417,420,420,417,416,418,413,415,415,412,412,409,404,409,407,409,409,409,406,404,406
0,0,0,0,0,0,0,0,0,0,0,0,0,0,0,0,0,0,0,0,0,0,0,0,0,0,0,0,0,0,0,0,0,0,0,0,0,0,0,0,0,0,0,0,0,0,0,0,0,0,0,0,0,0,0,0,0,0,0,0,0,0,0,0,0,0,0,0,0,0,0,0,2,2,2,2,2,2,2,2,2,2,2,2,3,5,4,4,4,4,4,5,5,6,6,8,10,11,14,16,17,20,22,22,25,28,32,34,37,42,53,57,66,70,77,83,91,101,107,114,119,125,135,140,141,148,148,155,165,171,177,189,192,199,202,203,207,208,214,217,221,225,229,234,241,246,254,261,269,279,293,297,300,307,310,316,318,318,324,328,334,341,341,346,353,357,359,362,365,367,374,376,378,380,385,385,383,387,392,391,394,396,397,399,399,404,411,408,408,409,415,417,420,421,420,422,430,430,430,430,427,425,425,427,428,432,436,439,445,453,457,459,459,468,466,471,475,479,481,484,488,487,486,483,481,482,483,482,469,472,472,470,466,464,464,461,464,465,465,463,461,461,461,460,458,460,459,459,455,458,459,455,459,456,454,452,453,452,453,455,454,456,451,451,446,449,452,451,451,450,451,451,452,451,450,451,449,451,448,448,447,450,450,450,450,449,447,446,447,445,442,444,440,439,437,439,436,433,432,429
0,0,0,0,0,0,0,0,0,0,0,0,0,0,0,0,0,0,0,0,0,0,0,0,0,0,0,0,0,0,0,0,0,0,0,0,0,0,0,0,0,0,0,0,0,0,0,0,0,0,0,0,0,0,0,0,0,0,0,0,0,0,0,0,0,0,0,0,0,0,0,0,2,2,2,2,2,2,2,2,2,2,2,2,2,2,2,2,2,2,2,2,3,4,4,4,3,3,3,3,3,3,3,3,4,4,5,5,8,8,9,11,11,12,14,14,15,18,20,23,27,32,31,36,39,42,43,46,50,52,54,59,66,75,82,87,91,98,105,108,115,120,123,131,133,143,149,157,162,168,169,178,183,184,187,196,199,205,214,222,225,232,238,248,250,254,256,260,263,268,275,281,289,295,298,299,299,305,309,313,322,324,328,332,339,341,344,348,349,353,354,360,366,371,372,375,377,381,385,388,391,392,399,404,409,412,416,420,423,430,434,437,440,441,442,443,443,446,447,449,448,448,450,451,455,456,456,455,461,465,465,470,474,472,473,473,476,473,473,468,466,466,466,467,468,471,469,471,472,475,474,474,477,478,479,479,480,480,481,486,484,481,481,481,480,480,484,485,484,483,483,485,482,481,483,484,486,485,484,484,484,484,483,480,477,474,475,473,470,472,470,470,469,466,467,466,464,464,460,460
0,0,0,0,0,0,0,0,0,0,0,0,0,0,0,0,0,0,0,0,0,0,0,0,0,0,0,0,0,0,0,0,0,0,0,0,0,0,0,0,0,0,0,0,0,0,0,0,0,0,0,0,0,0,0,0,0,0,0,0,0,0,0,0,0,0,0,0,0,0,0,0,2,2,2,2,2,2,2,2,2,2,2,2,2,1,3,3,4,4,5,5,5,6,8,8,11,13,17,19,20,25,27,28,32,35,41,49,54,60,61,66,69,72,77,81,86,92,96,104,109,114,122,127,133,142,144,146,148,158,161,166,172,171,174,181,186,190,197,198,205,212,220,228,234,238,245,247,249,254,258,265,268,270,274,280,291,298,303,310,314,315,317,320,332,336,341,344,346,353,352,360,359,366,370,376,379,382,389,388,385,388,395,399,400,403,405,406,411,411,418,420,424,425,425,427,426,428,429,434,437,443,445,450,456,459,460,460,463,468,470,471,474,481,474,473,465,467,465,466,471,473,477,478,476,470,474,473,472,468,467,464,462,461,466,464,464,468,469,468,469,471,471,472,468,466,468,465,465,464,463,466,469,464,462,463,462,466,464,463,466,467,464,462,464,467,464,463,462,462,460,460,458,456,455,450,448,447,446,446,444,443,442,437,436,436,436,433,435,436,438,433,431,430,430,428,428,431,429,427
0,0,0,0,0,0,0,0,0,0,0,0,0,0,0,0,0,0,0,0,0,0,0,0,0,0,0,0,0,0,0,0,0,0,0,0,0,0,0,0,0,0,0,0,0,0,0,0,0,0,0,0,0,0,0,0,0,0,0,0,0,0,0,0,0,0,0,0,0,0,0,0,2,2,2,2,2,2,2,2,2,1,3,3,3,5,7,5,5,6,7,8,11,12,15,15,18,21,27,31,34,38,46,51,55,61,65,70,76,83,92,97,99,105,110,117,123,121,124,127,133,144,149,152,158,166,172,179,193,198,203,205,209,216,213,217,221,227,229,234,233,239,253,259,266,275,284,287,292,294,299,300,306,314,318,325,330,331,334,331,336,334,338,342,344,351,352,354,359,372,376,373,378,378,381,387,391,394,400,405,406,410,412,412,414,417,414,415,418,422,423,422,423,427,431,437,438,435,433,431,431,432,433,434,436,438,441,442,443,444,443,441,443,441,443,437,440,442,444,444,445,447,449,449,448,450,451,452,455,456,457,459,458,462,461,463,461,462,465,466,464,464,468,471,472,470,471,472,474,472,470,468,468,465,465,463,468,467,469,470,473,472,473,469,468,469,467,467,465,465,463,466,469,471,471,471,469,466,466,465,465,465,466,466,463,463,461,461,458,457,457,457,456,456,458,455,454,448,450,446
0,0,0,0,0,0,0,0,0,0,0,0,0,0,0,0,0,0,0,0,0,0,0,0,0,0,0,0,0,0,0,0,0,0,0,0,0,0,0,0,0,0,0,0,0,0,0,0,0,0,0,0,0,0,0,0,0,0,0,0,0,0,0,0,0,0,0,0,0,0,0,0,2,2,2,2,2,2,2,2,2,2,2,2,2,2,2,2,2,2,2,2,2,2,4,4,4,4,4,4,4,4,5,4,6,7,7,9,11,12,14,15,16,18,19,22,24,32,34,38,41,44,48,54,55,57,60,64,68,71,72,76,91,99,106,116,119,119,126,130,141,144,147,154,156,161,167,169,177,185,188,201,209,211,216,222,228,235,240,246,249,251,256,264,269,275,277,281,283,284,286,291,290,294,298,297,303,308,309,309,311,316,319,326,332,343,346,347,346,348,357,359,363,365,370,375,378,379,385,390,394,397,398,405,401,407,407,411,413,416,421,420,425,429,435,437,439,437,439,437,440,441,442,445,443,448,447,450,452,457,463,462,464,465,468,466,469,468,473,475,475,476,483,480,479,479,480,483,482,480,482,483,483,484,488,484,484,483,483,477,478,477,478,474,471,471,468,469,468,468,469,467,465,462,457,457,456,456,455,451,446,445,445,441,441,440,439,440,439,437,435,431,431,429,428,429,427,424,422,421
0,0,0,0,0,0,0,0,0,0,0,0,0,0,0,0,0,0,0,0,0,0,0,0,0,0,0,0,0,0,0,0,0,0,0,0,0,0,0,0,0,0,0,0,0,0,0,0,0,0,0,0,0,0,0,0,0,0,0,0,0,0,0,0,0,0,0,0,0,0,0,0,2,2,2,2,3,3,3,3,3,3,3,3,3,3,3,3,4,4,4,4,4,4,4,4,4,4,4,4,5,5,5,5,5,6,5,6,7,7,9,10,12,12,12,15,17,19,15,19,22,25,28,32,35,39,39,42,45,55,63,75,80,83,90,95,106,112,115,120,128,132,137,143,148,156,163,165,172,176,185,188,192,198,198,204,211,208,213,217,218,222,229,232,235,236,238,242,244,243,250,255,260,267,271,276,280,283,284,288,292,292,297,299,304,307,315,319,327,331,331,334,330,338,346,351,360,363,363,370,373,379,377,380,387,391,393,398,402,408,409,409,414,414,414,412,418,421,423,425,428,431,431,427,430,429,429,432,432,429,430,430,431,433,437,437,437,436,433,425,426,427,431,433,434,435,437,437,438,442,444,443,442,442,444,448,452,453,453,458,459,457,458,459,456,457,461,462,460,461,463,460,456,454,455,459,458,450,449,448,447,448,451,450,450,450,448,447,443,442,441,437,436,436,434,436,432,431,431,429
0,0,0,0,0,0,0,0,0,0,0,0,0,0,0,0,0,0,0,0,0,0,0,0,0,0,0,0,0,0,0,0,0,0,0,0,0,0,0,0,0,0,0,0,0,0,0,0,0,0,0,0,0,0,0,0,0,0,0,0,0,0,0,0,0,0,0,0,0,0,0,0,2,2,2,2,2,2,2,2,2,2,2,2,2,2,2,2,2,2,2,2,2,2,2,2,2,2,2,2,2,3,3,3,3,3,4,4,5,7,7,8,8,8,8,10,11,12,13,16,24,28,29,32,34,39,41,40,48,49,57,66,70,78,82,86,92,98,105,113,115,119,122,124,132,144,147,153,154,155,159,163,170,174,181,189,193,199,200,204,209,213,216,221,224,232,237,243,250,261,267,270,273,279,286,292,301,301,301,310,312,316,317,325,331,332,332,341,345,348,348,349,353,359,360,364,366,366,372,371,371,374,379,381,384,384,390,396,398,398,401,401,403,403,404,405,407,412,416,417,417,416,413,419,421,423,423,425,428,428,435,435,432,432,433,430,433,432,430,427,428,431,435,433,431,437,436,433,436,437,435,437,438,438,439,441,444,446,450,449,450,445,443,441,438,438,434,432,435,438,438,436,434,433,433,433,431,435,438,441,441,438,440,436,439,439,438,436,437,437,437,436,433,429,429,430,429,432,426,424
0,0,0,0,0,0,0,0,0,0,0,0,0,0,0,0,0,0,0,0,0,0,0,0,0,0,0,0,0,0,0,0,0,0,0,0,0,0,0,0,0,0,0,0,0,0,0,0,0,0,0,0,0,0,0,0,0,0,0,0,0,0,0,0,0,0,0,0,0,0,0,0,2,2,2,2,2,2,2,2,2,2,2,2,3,2,3,3,4,6,8,9,11,13,13,16,20,21,25,31,36,39,40,42,43,44,51,55,62,68,71,70,73,81,84,85,93,98,100,103,102,110,115,119,126,133,137,141,150,152,156,159,165,171,175,183,188,193,200,204,208,211,217,221,223,229,239,243,249,259,267,270,273,286,292,296,307,308,315,324,326,324,328,330,332,332,333,339,345,346,350,358,361,364,369,371,374,380,388,390,392,395,395,398,399,403,406,410,412,417,415,416,417,424,426,423,421,419,425,428,433,436,437,440,440,444,445,448,449,450,450,451,455,461,462,463,462,465,468,470,468,468,467,466,464,464,468,467,466,466,467,479,478,478,475,471,470,469,472,471,474,476,476,475,473,471,472,472,473,473,472,478,479,479,479,477,477,474,477,472,470,467,468,467,468,467,467,468,469,470,472,468,467,464,467,469,472,467,470,470,468,465,462,465,466,468,466,466,468,467,465,461,461,463,462,459,456,453,449,448
0,0,0,0,0,0,0,0,0,0,0,0,0,0,0,0,0,0,0,0,0,0,0,0,0,0,0,0,0,0,0,0,0,0,0,0,0,0,0,0,0,0,0,0,0,0,0,0,0,0,0,0,0,0,0,0,0,0,0,0,0,0,0,0,0,0,0,0,0,0,0,0,2,2,2,2,2,2,2,2,2,3,3,4,4,5,6,6,7,7,8,9,10,13,19,23,25,26,29,30,33,36,40,44,48,54,61,63,67,73,81,85,89,92,98,100,106,109,111,119,121,122,126,130,137,141,145,153,159,164,172,174,181,187,191,193,200,202,209,217,226,232,235,239,246,249,254,258,264,266,266,272,277,278,283,291,294,299,304,308,312,319,328,329,331,327,329,333,343,349,353,360,367,372,371,373,377,377,380,377,385,392,390,394,395,394,398,395,394,400,400,403,404,407,406,405,409,411,416,417,431,428,429,430,434,437,435,439,439,439,439,442,447,447,454,456,461,462,464,464,466,466,468,467,468,471,469,470,473,472,471,469,471,474,476,479,479,479,477,479,473,469,467,466,462,462,463,460,461,458,459,458,457,459,458,461,462,465,465,464,467,470,468,464,464,463,462,462,456,455,453,451,449,448,449,448,447,447,441,441,442,438,435,434,434,432,432,429,427,425,422,423,420,420,419,419,421,419,417,417
0,0,0,0,0,0,0,0,0,0,0,0,0,0,0,0,0,0,0,0,0,0,0,0,0,0,0,0,0,0,0,0,0,0,0,0,0,0,0,0,0,0,0,0,0,0,0,0,0,0,0,0,0,0,0,0,0,0,0,0,0,0,0,0,0,0,0,0,0,0,0,0,2,2,2,2,2,2,2,2,2,3,5,5,4,5,9,9,11,12,13,15,17,17,18,20,26,33,35,39,48,50,56,57,60,64,65,67,77,83,86,92,94,97,101,103,110,114,118,123,128,135,141,146,149,154,161,162,165,167,177,180,186,196,200,207,214,217,220,227,233,235,240,245,252,255,261,262,272,273,279,280,289,289,295,308,318,323,317,324,327,333,340,343,351,351,353,353,357,360,363,366,369,376,373,375,377,380,383,385,384,391,391,396,402,408,408,408,407,408,413,414,415,421,419,418,421,421,425,426,429,430,425,423,424,428,429,431,431,433,436,435,441,443,439,441,440,438,442,442,440,442,437,438,442,444,447,450,452,449,448,448,451,447,445,440,442,439,437,437,439,438,435,437,438,441,441,436,434,438,437,435,434,430,430,430,428,429,428,429,428,428,426,425,425,426,422,423,425,425,426,430,429,427,430,432,430,427,428,430,425,422,422,421,422,422,424,427,425,424,426,427,422,420,420,421,420,418,421,419
0,0,0,0,0,0,0,0,0,0,0,0,0,0,0,0,0,0,0,0,0,0,0,0,0,0,0,0,0,0,0,0,0,0,0,0,0,0,0,0,0,0,0,0,0,0,0,0,0,0,0,0,0,0,0,0,0,0,0,0,0,0,0,0,0,0,0,0,0,0,0,0,2,2,2,2,2,2,2,2,2,2,2,3,3,3,4,4,4,4,4,4,4,5,6,6,8,10,10,14,14,13,16,18,19,23,27,31,34,38,36,38,39,44,48,48,53,55,58,57,67,75,81,86,94,98,103,109,107,112,114,120,127,130,139,148,151,161,173,173,177,185,191,192,191,196,206,210,215,218,223,230,233,235,240,242,246,250,255,262,265,272,278,285,291,294,299,301,309,312,316,318,324,327,332,341,342,344,351,353,356,355,358,361,367,369,371,376,383,390,398,399,405,408,411,413,413,419,422,426,429,431,429,429,431,439,436,435,434,437,440,445,448,449,449,454,451,453,454,454,457,458,460,467,465,462,458,459,460,460,459,462,460,460,461,460,459,457,459,459,461,462,465,462,464,463,463,464,461,463,463,465,466,467,468,467,467,468,466,465,464,465,464,464,466,466,463,462,460,459,456,454,454,451,453,452,453,455,451,448,447,447,452,453,451,451,451,450,448,448,447,447,448,451,448,449,447,449,448,447
0,0,0,0,0,0,0,0,0,0,0,0,0,0,0,0,0,0,0,0,0,0,0,0,0,0,0,0,0,0,0,0,0,0,0,0,0,0,0,0,0,0,0,0,0,0,0,0,0,0,0,0,0,0,0,0,0,0,0,0,0,0,0,0,0,0,0,0,0,0,0,0,2,2,2,2,2,2,2,2,1,1,1,2,2,2,2,2,3,3,3,3,3,3,3,3,4,5,6,7,7,8,9,9,10,12,17,18,16,19,20,23,27,27,30,34,37,39,42,45,50,50,55,60,68,73,77,78,83,88,98,101,109,118,122,125,129,133,138,144,149,153,162,168,174,180,189,198,203,214,216,223,225,232,234,238,243,250,260,266,264,268,272,276,278,277,278,284,289,290,298,303,302,307,310,314,318,323,328,327,325,331,328,331,333,335,343,341,344,350,353,354,359,362,367,373,376,377,381,383,387,388,393,397,399,402,402,408,409,411,412,414,419,416,420,422,419,420,422,428,430,429,432,435,436,437,437,440,439,441,441,445,447,446,446,448,448,447,446,450,451,452,455,458,460,461,463,460,462,460,459,453,456,458,461,461,464,467,470,468,470,469,471,470,472,471,474,471,468,469,468,465,464,464,460,458,456,456,454,455,455,459,458,457,454,452,451,451,450,449,446,445,448,446,443,439,441,438,439,440
0,0,0,0,0,0,0,0,0,0,0,0,0,0,0,0,0,0,0,0,0,0,0,0,0,0,0,0,0,0,0,0,0,0,0,0,0,0,0,0,0,0,0,0,0,0,0,0,0,0,0,0,0,0,0,0,0,0,0,0,0,0,0,0,0,0,0,0,0,0,0,0,2,2,2,2,2,2,2,2,2,2,4,4,4,6,7,8,12,13,14,18,20,21,23,27,33,41,45,46,51,55,59,64,67,72,77,81,85,93,99,106,112,119,122,129,139,144,147,149,151,159,164,170,173,176,181,187,186,185,191,197,197,202,207,211,211,217,228,233,238,238,244,247,254,263,277,286,288,293,301,306,308,310,317,323,331,335,337,343,348,348,352,362,364,361,365,373,375,380,381,379,382,384,388,390,391,393,398,399,404,407,410,413,413,418,425,422,428,431,431,430,433,431,433,436,441,439,445,445,445,443,444,448,453,455,459,460,459,463,464,465,466,461,461,461,460,462,468,469,474,475,475,471,471,467,465,464,466,469,471,469,469,471,468,470,467,466,465,465,460,458,456,455,454,456,455,451,449,447,447,448,447,449,452,455,456,455,458,461,460,460,457,456,457,456,457,454,455,454,456,452,448,449,447,443,443,441,440,437,437,435,435,434,433,432,432,431,432,433,431,430,426,425,424,424,422,421,417,415
0,0,0,0,0,0,0,0,0,0,0,0,0,0,0,0,0,0,0,0,0,0,0,0,0,0,0,0,0,0,0,0,0,0,0,0,0,0,0,0,0,0,0,0,0,0,0,0,0,0,0,0,0,0,0,0,0,0,0,0,0,0,0,0,0,0,0,0,0,0,0,0,2,2,2,2,2,2,3,3,3,3,3,3,3,3,3,3,3,3,3,3,3,3,3,3,3,3,3,4,4,5,5,6,6,6,6,6,6,7,10,10,11,11,13,12,13,14,15,18,18,19,20,22,27,28,28,32,35,42,46,50,53,57,57,59,61,63,69,73,81,82,86,91,95,103,108,114,118,126,130,134,141,146,151,158,161,164,167,180,184,191,196,199,202,203,210,219,223,224,224,224,229,233,237,241,245,249,252,253,257,257,263,272,280,283,285,288,294,304,302,310,312,315,316,321,321,328,335,338,341,343,345,348,347,353,353,358,356,356,360,364,368,367,373,371,375,378,383,386,387,392,395,395,397,396,398,399,402,402,404,404,406,412,416,420,419,423,423,420,416,420,420,423,423,420,422,424,421,424,421,419,423,424,428,430,430,432,434,431,430,422,421,421,419,420,418,420,422,422,417,418,418,419,417,421,427,427,427,424,425,425,419,421,419,417,417,418,418,421,422,426,423,421,426,426,425,426,429,430
0,0,0,0,0,0,0,0,0,0,0,0,0,0,0,0,0,0,0,0,0,0,0,0,0,0,0,0,0,0,0,0,0,0,0,0,0,0,0,0,0,0,0,0,0,0,0,0,0,0,0,0,0,0,0,0,0,0,0,0,0,0,0,0,0,0,0,0,0,0,0,0,2,2,2,2,2,3,3,3,3,3,3,4,3,6,6,7,9,12,12,14,17,22,20,23,26,32,34,34,37,40,43,46,47,52,58,60,68,71,74,77,81,87,93,94,98,106,114,112,121,123,125,134,138,147,155,161,165,176,183,189,196,196,202,205,212,224,223,229,235,240,241,242,248,254,258,263,263,267,270,272,276,280,282,285,286,291,298,306,311,316,321,323,325,330,331,335,339,339,342,341,341,345,344,345,347,351,351,350,355,359,360,366,367,368,372,375,374,372,376,381,390,391,393,400,401,404,405,408,410,416,414,413,413,416,419,420,419,421,420,419,423,427,427,430,431,428,428,432,431,433,430,431,432,435,437,435,432,435,438,441,445,444,444,447,448,447,446,445,444,441,443,445,448,448,450,453,450,448,449,448,447,449,448,453,455,454,455,455,455,453,456,457,456,458,456,454,450,452,450,448,447,444,446,447,447,445,444,445,442,440,440,439,439,440,440,443,443,445,446,444,443,441,443,445,444,440,438,437
0,0,0,0,0,0,0,0,0,0,0,0,0,0,0,0,0,0,0,0,0,0,0,0,0,0,0,0,0,0,0,0,0,0,0,0,0,0,0,0,0,0,0,0,0,0,0,0,0,0,0,0,0,0,0,0,0,0,0,0,0,0,0,0,0,0,0,0,0,0,0,0,2,2,2,2,2,2,2,2,2,2,3,3,4,2,5,6,8,9,10,12,13,14,14,18,24,26,28,30,33,36,38,38,43,48,53,58,62,69,72,76,82,85,89,95,100,105,107,113,118,128,129,138,142,147,151,157,167,170,177,184,189,195,202,203,207,210,214,215,216,221,228,234,239,240,245,251,257,260,263,268,269,274,280,284,287,291,298,300,305,309,307,310,313,319,322,327,327,331,339,343,340,341,344,349,354,356,361,366,366,365,365,367,372,371,372,375,377,381,386,394,398,398,398,401,405,409,409,412,415,415,417,419,420,419,419,423,424,430,433,438,435,430,422,422,423,426,427,430,437,439,444,443,446,444,439,441,442,440,438,443,443,444,445,445,447,444,444,447,448,448,447,445,446,445,445,447,448,448,448,447,447,443,444,447,445,442,441,444,441,442,441,439,435,435,433,432,431,429,431,430,428,427,425,422,424,423,424,425,424,423,421,419,417,419,419,416,417,418,416,414,412,409,405,406,405,404,402,404
0,0,0,0,0,0,0,0,0,0,0,0,0,0,0,0,0,0,0,0,0,0,0,0,0,0,0,0,0,0,0,0,0,0,0,0,0,0,0,0,0,0,0,0,0,0,0,0,0,0,0,0,0,0,0,0,0,0,0,0,0,0,0,0,0,0,0,0,0,0,0,0,2,2,2,2,2,2,2,2,2,2,2,3,3,5,6,7,8,9,9,10,10,11,15,18,18,16,19,26,29,34,37,37,39,41,48,55,56,60,65,71,74,79,83,90,91,95,100,106,109,114,124,126,129,137,142,152,156,160,164,171,173,176,178,187,195,203,207,211,216,221,225,235,240,246,253,260,264,266,265,276,279,284,292,294,298,303,307,314,316,320,324,329,329,334,342,341,346,344,348,346,349,358,357,359,363,362,360,362,366,369,372,375,374,376,385,385,390,388,390,394,400,402,409,411,412,417,419,424,426,433,440,442,444,442,444,443,441,442,442,440,443,442,444,445,448,443,445,444,444,449,445,447,447,446,444,446,446,448,454,454,454,453,456,454,454,453,453,451,448,446,444,447,449,453,452,452,452,454,455,451,449,447,451,456,450,447,445,445,446,447,447,447,447,447,448,446,448,449,449,450,453,450,448,449,448,447,446,448,450,448,447,449,449,447,447,450,450,448,449,446,446,446,446,446,447,446,444,445
0,0,0,0,0,0,0,0,0,0,0,0,0,0,0,0,0,0,0,0,0,0,0,0,0,0,0,0,0,0,0,0,0,0,0,0,0,0,0,0,0,0,0,0,0,0,0,0,0,0,0,0,0,0,0,0,0,0,0,0,0,0,0,0,0,0,0,0,0,0,0,0,2,2,2,2,1,1,1,1,1,1,1,2,2,4,4,4,5,5,4,5,8,8,11,15,16,19,21,22,29,29,32,33,36,39,39,42,48,55,58,65,68,71,73,76,78,87,94,99,104,110,115,121,125,130,138,142,148,150,156,161,167,172,177,186,193,194,201,204,209,212,216,219,223,231,236,237,240,246,250,252,254,254,262,265,261,265,267,274,283,285,288,287,289,297,301,303,309,313,319,324,325,330,333,334,338,344,338,340,346,346,347,348,347,353,356,364,369,369,373,375,378,377,380,383,391,396,396,393,393,399,402,406,407,409,407,405,407,407,412,413,412,414,415,418,415,417,417,418,417,415,417,419,420,417,418,418,416,419,419,421,423,422,421,424,424,423,423,423,423,424,425,427,426,423,424,422,426,426,425,425,427,427,427,427,428,424,424,423,426,423,422,422,422,425,422,420,420,419,419,419,418,415,417,415,411,410,405,406,408,406,407,408,409,403,403,402,402,403,401,400,401,403,403,401,399,397,397,397
0,0,0,0,0,0,0,0,0,0,0,0,0,0,0,0,0,0,0,0,0,0,0,0,0,0,0,0,0,0,0,0,0,0,0,0,0,0,0,0,0,0,0,0,0,0,0,0,0,0,0,0,0,0,0,0,0,0,0,0,0,0,0,0,0,0,0,0,0,0,0,0,2,2,2,2,2,2,2,2,2,3,5,6,9,15,16,19,20,22,25,25,27,28,31,38,47,51,53,61,63,68,74,76,83,88,98,103,111,113,123,127,131,134,137,143,152,155,161,168,176,181,184,187,193,198,202,209,213,218,220,228,237,242,248,254,261,264,267,269,269,277,282,290,295,298,303,305,310,315,316,322,331,337,339,340,346,348,349,354,361,364,368,374,379,383,388,388,386,386,386,385,389,388,389,393,395,399,403,408,411,411,417,420,424,427,431,430,431,433,434,440,438,438,437,439,442,442,444,452,452,450,447,444,449,448,445,449,448,449,448,447,449,443,442,439,436,437,436,436,432,433,433,436,434,435,435,437,439,442,444,443,445,446,443,446,448,448,450,449,448,444,444,445,445,441,438,434,435,436,432,431,434,433,433,430,427,431,433,432,432,430,428,425,426,424,425,424,424,424,424,425,428,429,426,421,419,422,419,419,416,413,411,409,409,406,400,398,399,397,397,395,394,394,392,393,391,385,386,386
0,0,0,0,0,0,0,0,0,0,0,0,0,0,0,0,0,0,0,0,0,0,0,0,0,0,0,0,0,0,0,0,0,0,0,0,0,0,0,0,0,0,0,0,0,0,0,0,0,0,0,0,0,0,0,0,0,0,0,0,0,0,0,0,0,0,0,0,0,0,0,0,2,2,2,2,2,2,2,2,2,3,3,3,3,3,3,4,6,7,8,7,9,9,12,15,20,20,23,26,28,29,33,37,44,50,49,54,59,66,70,78,78,82,91,95,104,113,125,129,128,136,140,145,151,153,157,167,172,175,183,189,193,196,202,204,213,220,221,226,230,232,239,242,244,249,257,260,262,264,270,277,283,291,295,297,298,302,302,307,310,316,321,326,336,343,347,357,360,367,368,371,378,382,385,393,398,403,405,413,419,422,423,420,419,418,420,426,427,427,432,438,439,444,445,449,452,457,457,460,464,461,458,468,468,472,473,477,478,479,477,477,480,480,482,483,483,485,486,485,487,487,485,484,484,482,480,480,482,485,483,485,484,486,485,487,486,482,483,482,484,486,484,486,485,484,484,485,485,481,480,479,481,483,481,478,473,473,472,470,467,465,468,469,466,466,465,458,459,460,460,456,457,453,451,450,445,440,443,442,441,441,439,438,435,433,433,431,429,430,431,430,430,430,429,426,425,422,419,415
0,0,0,0,0,0,0,0,0,0,0,0,0,0,0,0,0,0,0,0,0,0,0,0,0,0,0,0,0,0,0,0,0,0,0,0,0,0,0,0,0,0,0,0,0,0,0,0,0,0,0,0,0,0,0,0,0,0,0,0,0,0,0,0,0,0,0,0,0,0,0,0,2,2,2,2,2,2,2,2,2,2,2,2,3,5,7,7,7,7,9,11,12,12,15,16,19,21,24,26,28,32,34,42,46,51,55,57,60,65,66,69,71,76,76,76,76,80,81,89,94,99,105,108,117,118,120,123,121,125,129,137,138,140,146,150,155,160,163,172,181,189,192,200,205,210,219,225,227,240,246,249,256,259,271,280,280,281,283,284,292,294,297,303,305,305,311,308,310,316,325,326,329,334,340,344,350,356,359,363,368,369,374,376,378,383,384,384,383,387,391,396,399,401,405,405,412,413,415,418,419,421,425,423,424,424,425,426,428,430,431,429,429,424,425,423,423,423,425,426,426,429,426,428,430,437,433,432,428,427,427,430,433,433,434,435,434,434,437,433,437,439,438,440,443,445,446,448,446,444,446,446,446,445,441,438,440,439,441,444,442,440,439,441,437,440,441,439,433,434,434,438,435,432,433,429,431,429,427,428,427,427,425,420,419,421,421,423,424,422,419,420,418,417,418,420,420,416,416,413
0,0,0,0,0,0,0,0,0,0,0,0,0,0,0,0,0,0,0,0,0,0,0,0,0,0,0,0,0,0,0,0,0,0,0,0,0,0,0,0,0,0,0,0,0,0,0,0,0,0,0,0,0,0,0,0,0,0,0,0,0,0,0,0,0,0,0,0,0,0,0,0,2,2,2,2,2,2,2,2,2,2,2,2,2,2,2,2,2,2,2,2,2,2,2,2,2,3,3,3,3,3,3,3,3,3,3,5,8,8,9,9,10,10,10,12,13,17,22,25,29,36,39,40,44,45,45,49,53,54,61,61,67,69,78,81,88,91,98,96,97,102,112,114,120,124,129,137,143,147,153,157,158,162,169,171,177,187,191,198,199,203,206,211,215,216,221,228,233,234,241,249,258,262,270,275,277,283,289,295,301,307,311,315,320,323,325,330,333,334,335,336,340,343,344,354,352,355,354,357,358,358,363,364,369,371,375,379,387,389,395,397,401,403,409,411,414,412,417,417,420,419,420,421,426,427,426,427,430,435,436,442,442,439,439,441,445,446,448,448,451,450,451,450,451,454,453,454,458,460,459,457,458,460,463,463,464,466,471,469,464,465,465,466,467,465,463,461,460,465,465,463,465,468,466,469,467,467,464,466,468,465,460,459,454,453,454,454,456,454,452,451,446,447,451,449,447,446,443,443
0,0,0,0,0,0,0,0,0,0,0,0,0,0,0,0,0,0,0,0,0,0,0,0,0,0,0,0,0,0,0,0,0,0,0,0,0,0,0,0,0,0,0,0,0,0,0,0,0,0,0,0,0,0,0,0,0,0,0,0,0,0,0,0,0,0,0,0,0,0,0,0,2,2,2,2,2,2,2,2,3,3,3,3,3,4,4,4,5,5,5,5,6,6,7,8,12,15,16,17,21,22,23,25,28,35,39,43,51,55,61,65,72,76,80,84,90,95,102,105,114,120,125,130,139,145,149,152,159,161,167,169,168,173,180,188,191,196,205,215,218,220,224,230,237,238,237,240,247,251,250,252,253,253,266,265,266,271,272,277,279,282,288,291,296,298,299,303,311,320,325,331,333,336,334,341,340,345,347,347,353,351,356,359,364,362,361,364,369,372,372,372,375,378,383,390,393,394,395,395,396,396,394,397,400,406,414,417,421,423,423,426,430,431,434,435,435,437,440,441,440,444,445,451,446,444,447,446,446,449,447,446,447,449,450,453,452,453,454,455,455,454,449,451,448,449,447,447,444,447,448,447,441,439,441,439,438,443,442,444,443,444,442,441,442,443,444,442,441,439,443,442,441,440,441,438,441,439,438,439,441,443,441,441,439,441,440,439,441,441,445,447,448,448,447,443,443,442,444,445
0,0,0,0,0,0,0,0,0,0,0,0,0,0,0,0,0,0,0,0,0,0,0,0,0,0,0,0,0,0,0,0,0,0,0,0,0,0,0,0,0,0,0,0,0,0,0,0,0,0,0,0,0,0,0,0,0,0,0,0,0,0,0,0,0,0,0,0,0,0,0,0,2,2,2,2,2,2,2,2,2,2,2,2,2,2,2,2,2,2,3,3,3,3,3,3,3,3,3,3,3,3,3,4,4,4,4,4,4,4,4,4,4,4,4,4,4,4,5,5,5,6,8,9,9,10,11,12,14,14,16,18,23,24,28,30,33,37,39,44,46,57,62,62,69,78,87,92,98,105,112,119,130,135,141,145,153,158,166,175,183,188,190,200,201,205,213,220,221,228,230,234,240,242,252,258,264,273,276,281,290,294,293,297,302,307,315,318,322,326,337,345,348,351,357,356,358,363,364,367,373,376,374,373,377,380,384,390,393,393,396,398,404,407,404,407,413,417,421,420,423,425,429,434,436,435,441,443,445,446,450,455,459,461,461,463,465,466,469,471,468,467,471,472,475,476,478,477,482,483,484,477,475,474,472,472,476,479,479,482,479,482,482,482,483,483,482,481,480,476,474,475,476,477,481,480,481,483,487,488,485,485,484,479,480,480,480,481,476,475,470,469,470,464,465,462,464,459,457,455
0,0,0,0,0,0,0,0,0,0,0,0,0,0,0,0,0,0,0,0,0,0,0,0,0,0,0,0,0,0,0,0,0,0,0,0,0,0,0,0,0,0,0,0,0,0,0,0,0,0,0,0,0,0,0,0,0,0,0,0,0,0,0,0,0,0,0,0,0,0,0,0,2,2,2,2,2,2,2,3,3,3,2,3,4,3,3,3,3,5,6,7,8,10,14,19,24,29,31,33,35,36,39,40,39,47,52,56,62,67,73,75,78,81,86,89,93,98,104,107,113,123,125,130,134,141,146,150,154,157,163,165,171,179,184,192,201,209,216,224,229,234,240,243,253,257,260,267,268,272,281,287,294,300,306,309,310,311,316,322,329,328,334,336,343,342,342,348,348,353,351,358,362,367,374,373,376,382,387,385,389,391,395,402,406,409,411,410,411,416,417,418,418,420,419,421,423,424,426,427,430,434,430,432,431,434,435,434,434,435,438,442,440,447,447,447,447,451,451,451,454,452,452,451,450,452,450,446,451,452,454,455,458,456,459,460,458,461,464,464,462,460,459,456,458,456,454,455,456,456,454,455,453,455,455,454,457,457,459,455,452,451,447,447,450,448,448,449,448,446,442,441,437,436,436,437,435,436,435,435,430,429,426,425,425,422,421,419,418,417,415,417,413,413,415,415,413,413,414,409
0,0,0,0,0,0,0,0,0,0,0,0,0,0,0,0,0,0,0,0,0,0,0,0,0,0,0,0,0,0,0,0,0,0,0,0,0,0,0,0,0,0,0,0,0,0,0,0,0,0,0,0,0,0,0,0,0,0,0,0,0,0,0,0,0,0,0,0,0,0,0,0,2,2,2,2,3,3,3,4,4,4,6,8,9,11,12,13,17,19,20,21,22,28,38,41,46,48,50,54,59,66,69,74,78,84,90,98,108,114,118,121,129,135,142,149,154,156,161,168,173,179,182,187,192,194,196,201,206,207,214,217,220,223,232,236,246,256,256,261,266,270,276,275,279,285,287,293,296,302,310,307,313,317,320,321,321,327,329,331,339,340,343,346,351,356,358,365,370,372,374,379,379,382,386,392,394,395,398,396,396,401,403,405,403,403,409,409,412,417,421,424,426,426,425,426,432,437,441,449,452,452,453,455,462,465,465,465,464,467,469,470,471,479,475,478,475,479,481,483,484,488,488,490,488,487,485,483,478,480,479,480,477,478,475,472,471,467,467,467,469,467,464,467,464,463,462,460,459,460,457,458,461,460,459,457,458,457,455,453,451,452,453,449,447,446,446,446,442,443,442,441,439,441,438,438,438,434,433,433,432,435,433,432,432,430,431,428,429,428,427,425,418,418,415,415,415,413,413,412
0,0,0,0,0,0,0,0,0,0,0,0,0,0,0,0,0,0,0,0,0,0,0,0,0,0,0,0,0,0,0,0,0,0,0,0,0,0,0,0,0,0,0,0,0,0,0,0,0,0,0,0,0,0,0,0,0,0,0,0,0,0,0,0,0,0,0,0,0,0,0,0,2,2,2,2,2,2,2,2,3,3,3,3,3,3,3,4,4,4,4,4,5,5,5,5,5,5,5,5,5,6,6,7,7,7,7,7,7,7,8,8,9,10,10,11,14,14,15,16,17,19,21,23,22,25,28,28,29,32,38,45,46,50,58,64,69,75,79,86,97,110,116,117,124,129,130,134,140,141,144,146,154,162,172,177,185,190,198,200,207,215,219,223,232,239,248,256,256,261,262,269,277,286,290,297,302,307,314,319,322,331,335,343,347,351,356,356,361,366,369,374,376,378,388,391,394,397,406,412,418,418,421,423,427,430,428,435,438,437,439,446,446,447,449,451,453,458,463,458,459,456,458,457,467,467,468,466,465,468,470,470,470,471,472,476,475,477,477,480,477,479,479,480,480,483,485,487,478,477,478,476,476,476,476,477,477,477,476,476,476,480,480,476,480,477,480,479,478,475,473,472,473,474,474,470,467,464,467,466,464,466,465,461,457,458,459,459,456,455,454,457,453,453,451,450,450,447,448,442
0,0,0,0,0,0,0,0,0,0,0,0,0,0,0,0,0,0,0,0,0,0,0,0,0,0,0,0,0,0,0,0,0,0,0,0,0,0,0,0,0,0,0,0,0,0,0,0,0,0,0,0,0,0,0,0,0,0,0,0,0,0,0,0,0,0,0,0,0,0,0,0,2,2,2,2,2,2,2,2,2,1,1,3,3,3,4,5,6,6,7,8,9,10,15,22,28,27,28,29,31,34,35,37,41,46,50,54,65,69,72,78,86,91,99,107,111,119,121,122,131,135,136,143,148,151,158,165,170,177,183,189,192,200,197,200,204,208,208,213,221,229,228,234,236,243,248,259,261,263,270,275,281,282,287,299,301,309,311,317,319,327,331,336,340,338,344,345,345,345,351,351,354,355,360,363,370,375,376,381,390,393,396,400,408,410,407,409,413,415,416,418,422,425,429,435,434,438,438,441,443,443,445,445,444,444,447,448,449,453,458,456,459,461,466,466,468,464,468,469,468,470,466,466,468,469,472,475,474,474,474,473,473,472,472,468,471,472,473,473,477,477,480,476,475,472,470,469,468,466,467,468,470,469,469,469,470,470,472,471,472,469,465,467,467,468,463,464,466,465,463,461,457,455,454,452,448,445,445,444,446,447,445,448,446,445,447,447,447,444,440,437,435,431,428,428,424,424,423,423
0,0,0,0,0,0,0,0,0,0,0,0,0,0,0,0,0,0,0,0,0,0,0,0,0,0,0,0,0,0,0,0,0,0,0,0,0,0,0,0,0,0,0,0,0,0,0,0,0,0,0,0,0,0,0,0,0,0,0,0,0,0,0,0,0,0,0,0,0,0,0,0,2,2,2,2,2,2,2,2,2,2,2,1,1,2,3,3,3,3,5,7,7,8,9,10,12,16,18,22,23,27,30,30,33,39,45,49,53,56,58,61,64,72,74,79,84,89,90,94,106,111,120,129,132,137,139,142,152,157,161,167,172,178,183,193,199,205,206,215,216,223,229,229,232,242,242,242,252,259,264,270,273,280,288,289,295,297,304,307,306,310,312,317,324,324,331,333,334,336,335,340,344,350,354,361,363,369,372,380,380,381,385,386,386,392,394,395,395,396,398,400,400,400,399,401,407,415,417,418,422,424,427,430,426,429,431,430,434,437,439,439,445,448,454,457,463,464,465,464,468,467,464,462,462,461,457,458,459,459,460,462,462,464,466,466,467,464,462,461,459,459,458,460,462,463,463,464,461,458,458,453,453,457,455,457,456,456,453,451,450,449,444,445,443,442,443,442,442,444,442,443,439,437,437,439,437,434,431,432,428,427,428,427,426,427,428,427,427,428,428,430,428,429,428,426,423,420,419,414
0,0,0,0,0,0,0,0,0,0,0,0,0,0,0,0,0,0,0,0,0,0,0,0,0,0,0,0,0,0,0,0,0,0,0,0,0,0,0,0,0,0,0,0,0,0,0,0,0,0,0,0,0,0,0,0,0,0,0,0,0,0,0,0,0,0,0,0,0,0,0,0,2,2,2,2,2,2,2,2,2,2,2,2,2,2,2,2,2,2,2,2,2,2,2,2,3,3,3,4,4,4,4,4,4,4,4,6,7,9,9,8,10,12,14,16,17,17,17,18,21,22,22,24,26,31,35,39,43,46,48,52,55,59,66,67,70,75,78,81,85,90,95,101,106,111,113,117,119,128,127,135,138,146,157,165,177,182,187,189,197,200,201,202,209,213,221,224,235,235,243,253,256,261,265,265,270,275,278,283,287,296,298,300,303,308,310,318,325,324,326,330,338,349,355,362,365,369,374,380,389,389,393,398,399,404,404,402,404,410,412,413,413,414,415,416,417,416,423,430,435,435,436,437,442,441,451,451,451,456,458,459,460,462,462,463,459,463,463,465,466,464,472,472,474,472,474,476,474,473,471,470,469,470,471,474,478,478,481,480,479,475,466,467,468,469,469,469,468,467,471,471,476,474,473,472,473,475,475,477,472,468,467,467,466,463,460,460,453,451,454,449,447,446,446,445,446,442,440,441
0,0,0,0,0,0,0,0,0,0,0,0,0,0,0,0,0,0,0,0,0,0,0,0,0,0,0,0,0,0,0,0,0,0,0,0,0,0,0,0,0,0,0,0,0,0,0,0,0,0,0,0,0,0,0,0,0,0,0,0,0,0,0,0,0,0,0,0,0,0,0,0,2,2,2,2,2,2,2,2,3,4,4,3,4,5,6,6,5,6,6,7,9,9,9,14,12,12,14,19,22,24,29,30,32,36,39,44,49,53,60,62,68,76,80,83,91,94,98,105,107,112,116,124,132,143,149,155,158,164,174,179,185,192,200,202,204,209,214,219,223,227,236,245,250,255,256,261,263,268,273,274,279,283,284,295,299,306,308,316,319,319,322,325,332,331,336,338,339,341,345,350,354,357,359,362,369,375,380,385,393,386,386,391,396,400,403,409,409,414,415,420,422,423,426,430,434,438,439,442,446,448,447,443,447,448,452,456,455,455,456,461,461,466,469,474,471,472,473,472,472,471,469,468,472,468,467,468,469,469,472,469,470,470,470,469,471,471,463,463,463,462,459,456,455,454,456,456,455,455,456,454,452,453,455,458,453,452,453,452,444,443,440,442,440,438,439,442,441,442,441,440,441,441,439,439,439,438,436,439,437,436,434,432,432,429,429,428,429,428,426,420,422,422,422,421,421,421,418,416
0,0,0,0,0,0,0,0,0,0,0,0,0,0,0,0,0,0,0,0,0,0,0,0,0,0,0,0,0,0,0,0,0,0,0,0,0,0,0,0,0,0,0,0,0,0,0,0,0,0,0,0,0,0,0,0,0,0,0,0,0,0,0,0,0,0,0,0,0,0,0,0,2,2,2,2,2,3,3,3,4,5,6,5,6,7,10,11,11,12,14,15,16,18,20,26,35,44,47,49,59,62,67,72,75,79,85,94,99,108,115,116,120,125,131,144,147,153,156,159,166,169,174,180,186,190,191,196,206,213,218,228,231,237,241,241,251,256,260,264,269,278,281,290,292,298,304,311,316,320,326,331,335,342,341,350,353,355,363,365,372,378,382,382,387,388,393,396,401,406,401,407,409,422,427,426,432,441,444,448,451,457,461,457,460,461,462,461,464,468,468,474,477,482,480,478,481,481,478,481,483,481,481,481,482,488,486,487,491,492,493,487,485,483,481,481,483,484,483,479,480,480,475,474,475,477,475,473,473,470,470,474,473,472,471,470,470,471,470,470,468,470,469,464,463,466,465,468,466,465,465,466,465,465,463,462,461,462,457,454,453,451,451,452,451,452,453,451,453,451,449,449,447,448,446,443,441,438,437,434,431,429,423,421,418,420,416,415,414,414,413,413,411,410,409,407,407,408,407,406
0,0,0,0,0,0,0,0,0,0,0,0,0,0,0,0,0,0,0,0,0,0,0,0,0,0,0,0,0,0,0,0,0,0,0,0,0,0,0,0,0,0,0,0,0,0,0,0,0,0,0,0,0,0,0,0,0,0,0,0,0,0,0,0,0,0,0,0,0,0,0,0,2,2,2,2,2,2,2,2,3,4,6,8,10,10,9,10,11,11,13,15,17,19,22,23,29,35,38,42,48,53,56,59,66,76,84,91,98,101,104,109,115,127,130,138,146,149,151,161,167,173,180,183,187,192,194,196,208,214,215,224,231,230,237,242,253,259,263,266,271,273,276,273,276,283,285,289,296,301,308,306,312,320,321,324,328,331,336,346,351,349,354,361,362,364,367,365,368,368,370,380,380,381,382,380,381,383,386,384,386,384,386,389,393,395,396,396,400,399,404,406,408,410,412,413,416,419,422,427,430,435,435,434,433,432,437,439,441,441,441,444,444,443,441,443,441,442,444,444,443,439,441,440,442,441,438,438,437,435,436,437,434,431,428,428,427,427,428,427,429,427,428,431,426,428,426,427,426,425,425,424,422,424,424,425,423,421,418,417,418,415,415,412,415,411,414,412,411,409,407,407,406,408,406,407,405,403,402,402,402,395,395,392,391,390,391,386,389,387,387,386,384,383,386,387,383,382,381,380
0,0,0,0,0,0,0,0,0,0,0,0,0,0,0,0,0,0,0,0,0,0,0,0,0,0,0,0,0,0,0,0,0,0,0,0,0,0,0,0,0,0,0,0,0,0,0,0,0,0,0,0,0,0,0,0,0,0,0,0,0,0,0,0,0,0,0,0,0,0,0,0,2,2,2,2,2,2,2,2,2,2,5,7,6,12,13,15,20,20,22,22,24,27,31,41,46,55,65,67,75,77,79,88,91,97,110,116,121,128,129,132,136,146,153,164,163,168,171,173,181,183,187,193,202,207,214,216,218,221,226,234,238,244,248,254,262,272,277,283,287,292,296,301,303,311,316,315,315,317,322,326,330,333,342,348,351,356,362,370,371,374,374,374,380,382,389,392,394,397,400,401,408,409,408,410,415,412,416,416,418,418,416,422,424,426,428,426,429,431,431,431,440,440,444,442,440,444,439,441,440,442,447,450,450,450,449,450,450,452,448,451,448,448,446,445,446,451,450,454,457,458,460,463,464,466,466,464,464,463,460,460,461,463,465,465,462,462,465,464,462,461,459,459,453,450,450,450,450,450,448,449,447,449,450,449,450,449,449,448,446,447,444,446,447,445,446,447,447,446,449,450,452,447,447,446,445,444,443,443,442,442,442,440,437,435,435,431,429,430,431,430,427,426,426,424,423,422,421,419
0,0,0,0,0,0,0,0,0,0,0,0,0,0,0,0,0,0,0,0,0,0,0,0,0,0,0,0,0,0,0,0,0,0,0,0,0,0,0,0,0,0,0,0,0,0,0,0,0,0,0,0,0,0,0,0,0,0,0,0,0,0,0,0,0,0,0,0,0,0,0,0,2,2,2,2,2,2,2,2,2,2,2,2,2,2,2,2,2,2,1,1,2,3,3,3,3,4,7,7,7,8,10,10,12,12,14,17,22,27,26,27,28,30,31,36,40,43,44,47,48,59,66,69,73,76,79,80,84,87,89,96,100,104,107,113,119,124,128,130,137,141,143,150,158,161,167,165,167,170,178,182,188,192,200,206,211,214,221,225,228,229,230,232,234,242,245,252,252,257,261,270,276,282,286,289,296,299,300,302,304,308,312,311,318,321,322,329,330,337,342,347,349,351,355,359,364,367,371,378,378,378,380,383,387,390,395,397,396,396,398,394,397,400,401,401,399,399,400,400,405,407,406,409,414,419,424,426,420,422,423,424,428,433,433,434,429,426,424,421,418,417,418,419,420,421,420,421,424,428,422,420,421,422,419,419,417,416,418,421,419,420,421,419,422,422,424,426,424,425,423,420,420,423,421,422,421,423,424,425,425,424,423,425,424,422,421,417,418,419,419,417,413,410,410,409,409,409,409,411
0,0,0,0,0,0,0,0,0,0,0,0,0,0,0,0,0,0,0,0,0,0,0,0,0,0,0,0,0,0,0,0,0,0,0,0,0,0,0,0,0,0,0,0,0,0,0,0,0,0,0,0,0,0,0,0,0,0,0,0,0,0,0,0,0,0,0,0,0,0,0,0,2,2,2,2,2,2,2,3,3,4,4,6,7,8,13,15,16,16,16,18,20,23,30,35,40,43,49,48,52,60,64,70,75,76,81,86,96,100,106,113,122,127,135,140,148,150,154,161,167,173,185,191,192,194,203,210,217,224,228,231,235,238,247,248,252,253,258,258,258,262,266,267,269,273,281,284,286,290,293,299,307,310,316,320,325,331,340,342,348,351,352,354,356,354,360,364,370,374,374,371,374,378,382,385,388,391,395,394,396,398,399,402,401,405,406,407,413,412,414,417,416,416,418,425,431,436,438,439,440,440,444,446,448,445,447,451,452,456,461,462,459,459,458,452,451,452,450,451,446,449,450,450,448,449,447,446,447,446,446,452,452,450,453,451,449,449,449,448,449,449,452,455,451,449,446,448,448,448,449,448,446,444,443,445,445,445,443,442,439,434,435,435,434,432,430,428,428,428,428,428,424,425,423,422,418,420,423,422,421,417,416,412,406,403,403,402,402,402,401,397,398,396,395,394,391,392,389,390
0,0,0,0,0,0,0,0,0,0,0,0,0,0,0,0,0,0,0,0,0,0,0,0,0,0,0,0,0,0,0,0,0,0,0,0,0,0,0,0,0,0,0,0,0,0,0,0,0,0,0,0,0,0,0,0,0,0,0,0,0,0,0,0,0,0,0,0,0,0,0,0,2,2,2,2,2,2,2,2,2,2,3,4,5,5,6,6,6,7,7,9,9,9,13,15,19,20,21,22,21,22,26,29,30,34,37,39,47,51,56,58,60,63,69,73,77,81,83,91,98,108,108,111,114,126,134,140,146,147,153,155,164,169,178,181,184,190,196,201,204,210,214,220,229,236,244,249,257,262,269,279,283,285,291,298,303,312,317,322,327,328,333,332,339,340,345,346,353,355,361,368,370,376,381,385,391,394,401,398,401,402,402,404,406,409,407,410,414,412,413,417,419,424,427,433,436,433,431,434,440,446,445,450,449,456,459,459,458,461,460,461,465,467,469,469,469,468,467,470,474,470,473,471,472,469,468,464,461,460,461,459,461,461,461,462,464,464,461,461,452,452,453,453,450,448,446,445,443,446,448,447,443,443,442,442,440,444,442,444,444,442,437,438,439,438,441,438,436,438,438,437,440,432,431,430,430,431,431,430,428,430,428,428,423,422,423,422,417,416,411,408,406,405,406,405,405,403,401,399
0,0,0,0,0,0,0,0,0,0,0,0,0,0,0,0,0,0,0,0,0,0,0,0,0,0,0,0,0,0,0,0,0,0,0,0,0,0,0,0,0,0,0,0,0,0,0,0,0,0,0,0,0,0,0,0,0,0,0,0,0,0,0,0,0,0,0,0,0,0,0,0,2,2,2,2,2,2,2,3,4,4,5,5,7,8,9,10,12,14,15,18,18,22,30,35,41,48,53,64,68,71,80,82,87,93,101,110,117,121,124,127,132,141,145,154,170,169,178,183,192,198,205,213,220,227,231,225,230,232,242,248,252,258,265,275,283,288,288,289,291,299,303,306,307,309,314,320,323,330,333,335,339,343,344,344,347,354,357,357,359,363,366,374,379,383,383,383,386,389,387,390,395,400,404,405,405,405,407,412,411,414,416,420,419,424,428,428,430,432,438,441,441,441,443,442,444,445,448,449,450,452,458,461,457,459,455,456,457,460,462,463,459,461,463,462,462,460,460,457,457,457,456,459,455,454,454,456,462,464,463,462,465,463,463,461,460,458,454,451,453,448,448,448,446,445,445,443,440,442,441,441,442,444,441,440,439,435,431,428,430,430,428,432,434,436,434,434,431,430,429,431,429,426,425,424,422,422,417,416,416,418,420,418,415,415,412,413,411,410,407,406,405,405,400,396,393,393,390,387
0,0,0,0,0,0,0,0,0,0,0,0,0,0,0,0,0,0,0,0,0,0,0,0,0,0,0,0,0,0,0,0,0,0,0,0,0,0,0,0,0,0,0,0,0,0,0,0,0,0,0,0,0,0,0,0,0,0,0,0,0,0,0,0,0,0,0,0,0,0,0,0,2,2,2,2,2,2,2,2,2,4,6,8,11,13,15,17,18,22,20,24,25,30,32,40,46,46,50,58,66,71,71,78,83,89,93,99,105,110,119,125,132,141,139,148,154,152,160,164,166,169,170,172,177,179,186,197,198,200,207,209,209,222,228,230,235,238,248,248,253,257,261,263,266,271,270,279,287,292,298,305,308,310,309,313,315,321,327,334,336,339,339,339,343,341,342,346,348,353,354,357,362,363,369,378,378,378,378,381,381,382,383,385,389,392,391,392,397,394,396,396,397,398,401,403,404,404,407,411,413,414,411,414,418,416,414,418,420,420,421,423,423,422,425,426,422,414,417,419,422,422,422,420,421,424,428,425,422,422,421,418,419,422,420,419,419,417,416,418,419,423,426,424,424,425,426,423,426,429,428,429,427,426,423,423,421,418,414,414,416,415,412,408,410,412,411,414,412,413,411,409,411,409,407,407,403,403,403,403,400,399,399,400,398,396,397,396,393,392,391,389,388,388,390,389,389,386,386,384
0,0,0,0,0,0,0,0,0,0,0,0,0,0,0,0,0,0,0,0,0,0,0,0,0,0,0,0,0,0,0,0,0,0,0,0,0,0,0,0,0,0,0,0,0,0,0,0,0,0,0,0,0,0,0,0,0,0,0,0,0,0,0,0,0,0,0,0,0,0,0,0,2,2,2,2,2,2,2,2,2,2,2,2,2,2,2,2,2,2,2,2,2,2,2,3,3,3,3,3,3,3,3,4,4,4,6,8,11,12,15,19,22,23,23,23,24,30,35,41,43,52,58,63,64,73,76,82,86,87,92,92,100,105,103,108,112,118,121,125,133,144,151,155,157,164,170,177,185,189,195,199,202,201,204,215,228,235,240,242,246,248,249,253,256,263,267,270,269,275,276,281,283,284,287,295,299,301,300,300,302,307,314,311,316,317,322,331,333,337,341,350,352,355,360,366,369,372,374,380,380,379,380,382,387,392,392,395,394,400,404,410,410,408,413,413,416,419,424,424,427,433,433,434,435,436,441,441,437,438,438,443,448,453,453,452,450,450,451,453,452,451,453,454,458,458,459,457,460,458,457,458,458,457,457,457,455,456,457,456,454,456,454,453,452,450,448,450,448,449,448,446,446,446,446,448,448,448,449,449,448,447,450,448,444,445,446,446,444,445,444,444,447,447,447,445,445,442,443,442
0,0,0,0,0,0,0,0,0,0,0,0,0,0,0,0,0,0,0,0,0,0,0,0,0,0,0,0,0,0,0,0,0,0,0,0,0,0,0,0,0,0,0,0,0,0,0,0,0,0,0,0,0,0,0,0,0,0,0,0,0,0,0,0,0,0,0,0,0,0,0,0,2,2,2,2,2,2,2,2,1,2,2,2,4,5,5,6,6,6,6,7,9,13,15,14,15,17,17,21,24,28,32,33,31,39,46,52,53,57,64,69,74,82,87,89,95,100,107,114,116,123,128,137,145,150,157,164,169,172,179,181,187,189,197,205,211,214,217,221,226,235,243,246,252,260,267,270,272,275,275,283,287,293,295,297,298,305,305,308,311,316,319,323,324,328,331,334,334,341,347,352,357,357,356,356,363,364,364,369,370,374,376,376,376,380,387,390,393,398,399,399,406,406,409,410,413,416,419,421,425,426,426,426,426,424,426,428,427,426,424,429,427,432,434,438,435,437,435,436,439,440,439,440,445,446,445,445,446,444,452,457,457,460,461,459,455,456,457,461,463,460,461,460,459,459,459,458,457,458,456,457,451,454,455,455,451,450,448,447,447,449,450,451,452,450,447,448,447,445,443,445,444,446,445,445,445,446,446,443,442,442,443,441,440,437,436,437,438,438,438,437,437,439,437,438,436,437,436,436
0,0,0,0,0,0,0,0,0,0,0,0,0,0,0,0,0,0,0,0,0,0,0,0,0,0,0,0,0,0,0,0,0,0,0,0,0,0,0,0,0,0,0,0,0,0,0,0,0,0,0,0,0,0,0,0,0,0,0,0,0,0,0,0,0,0,0,0,0,0,0,0,2,2,2,2,2,2,2,2,2,2,2,3,3,4,5,6,6,8,8,8,10,11,13,16,17,20,23,24,28,30,30,31,34,38,41,46,51,56,59,61,67,73,74,78,87,96,104,113,122,127,131,135,140,145,151,157,163,169,172,176,179,185,193,195,202,210,213,219,223,227,237,238,243,244,247,247,258,265,269,270,271,283,287,289,293,296,300,305,306,305,310,309,308,313,320,321,321,323,329,335,345,348,351,354,358,360,364,369,371,375,380,382,385,381,386,388,394,398,396,394,395,396,400,407,409,412,413,412,414,419,420,423,425,426,430,430,431,430,429,432,439,441,441,442,447,447,444,447,449,448,446,448,445,447,451,446,447,448,448,455,457,459,461,462,465,465,470,470,473,475,474,471,469,469,473,472,471,465,463,462,465,465,466,466,467,467,470,466,467,463,460,457,453,454,451,448,444,440,440,439,439,435,434,434,432,431,432,431,431,429,429,426,428,423,424,424,420,419,416,414,412,413,410,407,410,410,409,406
0,0,0,0,0,0,0,0,0,0,0,0,0,0,0,0,0,0,0,0,0,0,0,0,0,0,0,0,0,0,0,0,0,0,0,0,0,0,0,0,0,0,0,0,0,0,0,0,0,0,0,0,0,0,0,0,0,0,0,0,0,0,0,0,0,0,0,0,0,0,0,0,2,2,2,2,2,2,2,2,2,1,2,4,4,5,5,6,8,8,11,10,10,13,15,16,17,21,28,31,34,33,39,41,44,54,61,66,71,75,83,86,90,100,104,111,115,124,126,131,137,142,143,148,153,158,161,170,172,176,181,186,190,199,207,215,221,220,223,230,232,236,243,244,251,256,262,267,272,276,276,279,282,283,287,290,295,299,303,310,310,317,324,332,335,338,336,336,338,339,337,338,345,350,357,361,365,366,367,370,366,371,373,374,370,371,376,376,377,379,380,386,386,388,392,394,395,397,395,397,398,401,403,404,406,411,417,417,414,413,417,419,424,426,425,426,429,429,429,426,427,429,429,427,423,424,423,423,425,426,427,425,423,423,424,424,421,421,423,425,425,427,427,426,424,423,428,426,424,422,420,423,421,421,419,421,420,420,425,426,425,422,424,421,421,416,416,415,416,415,413,412,411,409,408,408,409,409,405,403,402,401,400,397,396,392,390,391,391,391,389,389,387,389,387,389,390,390,390,386
0,0,0,0,0,0,0,0,0,0,0,0,0,0,0,0,0,0,0,0,0,0,0,0,0,0,0,0,0,0,0,0,0,0,0,0,0,0,0,0,0,0,0,0,0,0,0,0,0,0,0,0,0,0,0,0,0,0,0,0,0,0,0,0,0,0,0,0,0,0,0,0,2,2,2,2,2,2,2,2,2,2,2,2,2,2,2,2,2,2,2,2,2,2,2,2,2,2,2,2,2,2,2,2,2,2,2,2,2,2,2,3,3,3,5,5,5,6,6,6,6,6,6,6,6,6,6,7,8,9,11,11,11,12,13,16,19,20,20,22,23,24,27,34,41,47,48,51,53,55,61,63,67,77,83,87,89,92,91,97,105,112,117,121,121,130,134,137,141,146,160,168,175,181,188,194,201,207,212,218,221,227,231,240,248,253,257,263,267,272,273,279,282,290,295,299,306,311,314,322,328,328,331,337,338,349,349,348,351,354,355,359,366,370,373,376,381,386,390,395,400,404,408,410,412,416,417,418,426,429,428,425,426,427,431,437,441,440,442,437,436,438,440,439,445,445,446,448,446,446,448,453,458,456,460,463,464,471,476,470,470,471,470,472,473,473,475,472,469,473,476,478,478,473,472,469,465,466,467,469,467,471,473,472,473,474,474,473,470,466,468,466,469,470,470,473,473,472,472,473
0,0,0,0,0,0,0,0,0,0,0,0,0,0,0,0,0,0,0,0,0,0,0,0,0,0,0,0,0,0,0,0,0,0,0,0,0,0,0,0,0,0,0,0,0,0,0,0,0,0,0,0,0,0,0,0,0,0,0,0,0,0,0,0,0,0,0,0,0,0,0,0,2,2,2,2,2,2,3,3,3,3,3,3,3,3,3,3,4,4,5,5,5,5,5,6,7,7,7,8,8,9,11,12,12,12,15,15,16,18,22,25,28,28,33,35,36,41,46,49,57,62,66,68,78,83,88,90,95,101,110,115,117,122,128,135,138,148,152,161,166,170,169,171,172,175,180,184,187,191,195,199,204,206,214,223,231,237,243,247,251,259,263,263,271,275,278,279,286,289,292,294,294,300,303,308,307,312,319,321,323,327,330,334,339,341,342,346,350,355,359,366,365,370,375,376,377,374,380,386,391,390,391,392,394,400,403,407,409,410,416,418,419,424,430,425,428,427,430,429,429,429,428,428,427,430,430,431,431,433,431,429,428,427,428,431,432,435,440,439,441,441,441,439,444,444,443,442,443,442,442,441,441,440,441,442,443,444,442,443,443,442,443,441,440,442,442,437,440,436,435,433,434,435,440,440,441,439,442,441,438,437,436,436,433,430,431,429,428,427,426,423,425,427,428,426,421,419,420,421
0,0,0,0,0,0,0,0,0,0,0,0,0,0,0,0,0,0,0,0,0,0,0,0,0,0,0,0,0,0,0,0,0,0,0,0,0,0,0,0,0,0,0,0,0,0,0,0,0,0,0,0,0,0,0,0,0,0,0,0,0,0,0,0,0,0,0,0,0,0,0,0,2,2,2,2,2,2,2,2,2,2,5,7,6,7,7,7,7,8,8,8,9,10,14,16,17,17,18,23,27,30,36,37,40,46,52,56,58,62,65,70,73,76,80,86,91,101,106,112,117,124,136,140,147,152,153,156,162,164,170,179,187,199,203,201,203,208,211,221,230,229,231,243,244,255,257,266,267,270,271,269,277,279,280,282,286,286,291,298,304,308,314,313,319,321,328,330,330,336,339,344,349,355,359,365,367,375,380,384,386,389,393,399,401,403,404,410,415,418,422,425,428,433,433,438,437,439,439,443,448,450,449,452,457,460,464,468,474,476,474,477,480,480,479,483,486,487,486,484,486,487,486,493,494,492,490,491,486,487,483,484,482,479,481,483,486,483,480,479,480,478,476,475,474,474,473,472,472,470,469,473,474,473,474,474,474,470,473,474,473,470,468,468,466,466,465,463,460,456,456,455,450,449,447,445,444,442,443,444,444,443,441,444,444,444,445,446,444,440,440,438,437,436,435,434,435,434,432,433
0,0,0,0,0,0,0,0,0,0,0,0,0,0,0,0,0,0,0,0,0,0,0,0,0,0,0,0,0,0,0,0,0,0,0,0,0,0,0,0,0,0,0,0,0,0,0,0,0,0,0,0,0,0,0,0,0,0,0,0,0,0,0,0,0,0,0,0,0,0,0,0,2,2,2,2,2,2,2,2,2,2,2,3,4,6,8,9,10,11,11,11,11,12,14,15,13,17,17,19,21,23,26,27,29,32,37,41,47,49,51,50,55,63,70,73,76,82,88,96,104,108,115,123,122,125,132,136,141,145,152,158,161,165,167,178,181,183,180,186,191,196,202,203,203,205,211,219,226,235,241,243,252,257,261,268,268,276,277,286,292,296,297,299,300,303,303,306,313,314,317,325,329,332,332,334,340,339,342,347,349,352,357,363,363,366,368,370,374,380,382,384,388,395,396,398,400,401,405,406,402,402,405,408,411,414,413,417,420,422,425,422,423,426,426,424,427,426,428,430,430,436,434,436,436,437,437,437,433,434,434,433,435,434,438,439,439,439,438,441,440,441,441,443,440,437,437,440,442,438,439,438,438,440,438,435,436,434,437,438,435,438,435,434,429,427,424,426,427,428,426,426,424,423,420,416,416,417,419,418,417,416,416,420,418,418,414,414,411,412,411,410,409,408,406,405,404,401,403,401
0,0,0,0,0,0,0,0,0,0,0,0,0,0,0,0,0,0,0,0,0,0,0,0,0,0,0,0,0,0,0,0,0,0,0,0,0,0,0,0,0,0,0,0,0,0,0,0,0,0,0,0,0,0,0,0,0,0,0,0,0,0,0,0,0,0,0,0,0,0,0,0,2,2,2,2,2,2,2,2,2,3,6,6,10,13,13,13,14,15,17,17,18,20,22,23,26,27,32,38,40,46,56,57,60,60,64,71,78,85,89,95,101,105,106,111,115,117,125,130,130,129,136,138,142,148,152,154,159,161,163,168,177,185,188,196,197,203,208,216,220,223,231,232,239,246,250,254,253,258,266,269,272,280,279,289,289,293,298,307,314,316,315,316,324,323,324,323,326,331,335,340,343,348,351,353,353,354,357,359,360,362,363,369,371,367,367,370,378,382,386,389,397,400,400,403,404,409,412,415,418,421,423,429,435,436,436,441,445,444,444,445,440,440,441,442,442,443,447,445,445,447,447,449,445,442,441,443,444,447,445,443,445,447,442,441,440,439,440,442,443,448,447,445,444,443,442,442,440,440,436,434,433,429,429,429,434,432,435,431,428,428,428,430,430,428,430,426,424,425,425,425,425,426,424,425,426,428,427,425,425,424,424,422,420,419,417,416,413,412,407,405,401,398,397,389,387,386,386,386
0,0,0,0,0,0,0,0,0,0,0,0,0,0,0,0,0,0,0,0,0,0,0,0,0,0,0,0,0,0,0,0,0,0,0,0,0,0,0,0,0,0,0,0,0,0,0,0,0,0,0,0,0,0,0,0,0,0,0,0,0,0,0,0,0,0,0,0,0,0,0,0,2,2,2,2,2,2,2,2,2,2,2,2,2,2,2,2,2,2,2,2,2,2,2,2,2,2,2,2,2,2,2,2,2,3,3,2,2,2,2,2,2,2,2,3,4,5,6,6,7,8,8,9,10,11,11,12,14,18,22,26,26,26,28,37,42,44,48,50,52,54,57,64,66,73,80,87,92,99,101,107,110,118,126,130,132,138,141,145,155,162,170,179,179,183,188,195,202,206,205,211,212,217,222,225,227,227,234,233,241,241,247,252,255,260,261,264,275,282,286,291,289,293,302,310,316,324,327,331,335,339,341,343,351,353,353,356,363,367,372,375,378,386,389,393,392,396,394,396,400,406,410,412,414,414,418,418,413,413,417,420,422,421,426,427,424,424,422,422,429,431,433,434,432,430,432,432,437,440,440,440,444,441,443,440,438,437,440,442,439,441,442,446,447,450,449,448,444,443,448,448,449,448,457,453,455,453,454,456,455,454,454,453,454,454,456,457,454,455,453,450,450,451,446,444,444,444,445,444
0,0,0,0,0,0,0,0,0,0,0,0,0,0,0,0,0,0,0,0,0,0,0,0,0,0,0,0,0,0,0,0,0,0,0,0,0,0,0,0,0,0,0,0,0,0,0,0,0,0,0,0,0,0,0,0,0,0,0,0,0,0,0,0,0,0,0,0,0,0,0,0,2,2,2,2,2,2,2,2,2,2,2,4,4,4,4,4,5,5,5,5,4,5,5,7,10,10,12,17,19,21,23,21,23,28,35,41,44,48,54,59,60,64,69,72,77,85,91,93,98,102,109,115,121,126,132,137,149,155,162,174,182,189,197,200,209,216,220,225,236,239,243,251,253,263,268,273,276,283,283,289,290,295,292,293,294,299,301,305,313,316,322,327,330,332,337,340,347,349,349,352,352,360,363,369,374,378,384,390,399,402,405,412,416,417,418,420,426,429,432,440,443,445,448,451,456,458,460,461,463,466,472,474,475,476,477,479,479,483,483,477,475,470,470,473,473,473,472,472,477,479,477,480,474,475,476,478,473,470,471,475,471,471,471,473,473,476,477,477,473,471,473,477,479,476,475,479,478,475,475,479,478,473,469,466,466,466,467,465,465,466,464,462,461,464,465,467,467,465,466,466,466,464,460,460,460,461,464,462,462,464,460,454,455,454,452,451,449,449,449,450,446,443,442,442,437,437,436,437
0,0,0,0,0,0,0,0,0,0,0,0,0,0,0,0,0,0,0,0,0,0,0,0,0,0,0,0,0,0,0,0,0,0,0,0,0,0,0,0,0,0,0,0,0,0,0,0,0,0,0,0,0,0,0,0,0,0,0,0,0,0,0,0,0,0,0,0,0,0,0,0,2,2,2,2,2,2,2,2,2,2,3,4,4,7,10,10,10,12,13,13,13,14,18,20,24,25,28,28,31,34,36,37,38,40,42,43,44,47,51,57,61,63,67,71,72,75,84,87,93,104,107,110,115,121,125,128,134,142,143,148,151,155,159,166,170,178,186,190,193,202,206,208,209,213,218,222,233,235,244,247,250,258,264,267,269,278,281,288,290,293,297,302,306,309,314,313,314,319,323,330,334,339,347,352,355,359,361,362,363,366,369,371,372,376,380,380,383,387,395,396,400,401,399,404,408,408,406,412,411,410,411,416,413,417,421,421,425,429,435,440,439,444,441,439,435,434,440,442,444,441,438,435,437,440,440,442,444,443,446,442,439,441,441,443,438,436,435,432,430,430,429,430,433,433,434,437,436,433,431,429,428,432,432,432,429,426,425,422,419,420,416,411,414,415,415,415,414,415,414,413,411,409,414,415,415,417,417,417,412,409,407,406,405,404,404,408,408,408,408,404,404,406,407,407,408,405,408,409
0,0,0,0,0,0,0,0,0,0,0,0,0,0,0,0,0,0,0,0,0,0,0,0,0,0,0,0,0,0,0,0,0,0,0,0,0,0,0,0,0,0,0,0,0,0,0,0,0,0,0,0,0,0,0,0,0,0,0,0,0,0,0,0,0,0,0,0,0,0,0,0,2,2,2,2,2,2,2,2,2,2,2,2,3,3,5,5,6,6,6,8,12,12,11,15,17,19,22,25,28,28,31,29,31,35,37,43,50,51,56,60,64,67,74,77,85,90,96,99,104,117,121,126,129,135,139,142,147,152,159,163,170,174,178,186,192,200,202,207,207,213,220,224,231,238,246,252,258,265,274,274,283,285,290,293,297,298,308,308,316,318,320,332,333,339,342,344,350,349,350,355,357,363,363,367,372,376,380,387,394,399,407,411,417,422,419,421,423,425,428,428,432,432,439,444,446,448,449,455,458,457,460,460,461,465,469,469,470,467,466,468,473,475,477,476,475,478,479,480,479,479,481,486,480,482,481,478,476,474,477,480,481,481,481,478,475,470,471,473,472,475,476,477,477,475,474,473,471,467,469,468,468,467,469,470,472,470,469,466,460,459,457,455,454,455,453,454,455,457,457,457,453,453,455,454,453,455,454,453,455,453,453,452,450,451,451,450,444,443,442,440,439,435,432,432,430,428,427,424
0,0,0,0,0,0,0,0,0,0,0,0,0,0,0,0,0,0,0,0,0,0,0,0,0,0,0,0,0,0,0,0,0,0,0,0,0,0,0,0,0,0,0,0,0,0,0,0,0,0,0,0,0,0,0,0,0,0,0,0,0,0,0,0,0,0,0,0,0,0,0,0,2,2,2,2,2,2,2,2,2,2,2,3,5,5,6,7,8,8,8,9,8,7,10,13,16,19,20,20,23,22,25,27,32,35,41,43,46,50,51,53,58,60,61,60,60,66,70,79,82,82,85,89,92,98,104,109,109,108,117,120,128,132,135,139,145,148,151,158,162,166,169,172,175,181,188,191,196,195,201,203,213,218,227,225,233,241,246,248,252,257,259,267,275,278,286,288,288,294,302,303,306,314,321,324,326,328,335,337,339,339,349,352,356,358,366,372,374,377,381,373,376,378,385,384,384,386,392,396,400,404,402,404,404,403,406,403,405,406,409,413,411,414,415,414,416,413,413,412,413,415,417,422,424,424,426,425,425,429,432,436,440,443,443,442,438,437,433,433,433,433,435,434,434,434,433,435,429,425,426,427,425,423,424,425,425,423,424,423,420,418,414,415,417,419,419,416,419,418,416,417,415,416,420,419,421,421,420,420,418,416,413,412,411,410,406,402,400,401,402,398,397,399,400,402,400,398,395,397
0,0,0,0,0,0,0,0,0,0,0,0,0,0,0,0,0,0,0,0,0,0,0,0,0,0,0,0,0,0,0,0,0,0,0,0,0,0,0,0,0,0,0,0,0,0,0,0,0,0,0,0,0,0,0,0,0,0,0,0,0,0,0,0,0,0,0,0,0,0,0,0,2,2,2,2,2,3,3,2,2,2,4,5,6,8,8,8,10,11,13,14,16,20,22,26,29,32,36,39,42,45,47,50,52,59,64,68,74,85,96,102,106,112,113,113,122,131,137,141,147,145,149,157,163,164,168,173,178,186,194,195,199,206,211,213,217,223,226,237,240,248,246,253,259,263,270,279,283,279,283,284,286,290,294,301,303,311,317,319,318,322,326,330,337,339,344,350,355,359,362,362,366,369,371,375,373,372,375,379,381,384,386,389,390,391,395,401,408,409,413,419,423,422,428,428,425,428,430,434,430,431,432,437,440,442,448,449,447,449,451,454,456,457,458,459,464,464,466,465,465,463,462,463,461,466,467,466,467,469,468,465,461,465,467,466,467,465,464,458,453,451,451,450,446,448,450,450,451,446,443,443,445,444,443,446,446,444,444,446,446,444,445,439,437,437,437,435,434,437,435,434,433,431,427,423,422,419,419,417,416,413,415,414,413,413,410,411,410,410,408,409,409,410,408,405,403,400,399,399
0,0,0,0,0,0,0,0,0,0,0,0,0,0,0,0,0,0,0,0,0,0,0,0,0,0,0,0,0,0,0,0,0,0,0,0,0,0,0,0,0,0,0,0,0,0,0,0,0,0,0,0,0,0,0,0,0,0,0,0,0,0,0,0,0,0,0,0,0,0,0,0,2,2,2,2,2,2,2,2,2,2,6,7,6,6,8,9,9,10,12,12,11,12,15,27,32,35,38,41,43,42,43,52,58,68,76,81,90,91,91,94,102,106,112,116,120,121,128,129,129,135,143,150,156,161,165,172,179,184,188,191,198,208,208,218,221,218,226,234,245,245,252,256,261,262,262,264,264,273,275,277,280,292,294,297,302,306,311,323,320,321,326,329,337,339,343,343,349,351,356,360,363,366,372,376,375,385,387,388,387,396,398,400,401,404,404,406,410,411,411,412,416,420,425,427,427,435,440,441,443,445,444,446,445,448,449,449,448,448,448,447,448,452,457,458,459,459,459,461,460,461,458,460,460,460,462,462,465,463,461,457,457,458,455,457,460,457,462,464,461,464,462,462,463,461,459,456,452,452,452,454,455,453,452,454,452,452,451,450,448,449,448,444,445,443,442,442,440,438,438,438,438,436,435,431,433,431,430,424,425,425,424,420,415,417,416,414,415,414,412,412,410,412,413,410,409,409,410,408
0,0,0,0,0,0,0,0,0,0,0,0,0,0,0,0,0,0,0,0,0,0,0,0,0,0,0,0,0,0,0,0,0,0,0,0,0,0,0,0,0,0,0,0,0,0,0,0,0,0,0,0,0,0,0,0,0,0,0,0,0,0,0,0,0,0,0,0,0,0,0,0,2,2,2,2,2,2,2,2,2,2,2,4,6,5,7,8,8,8,9,10,11,12,15,18,19,24,33,38,42,42,42,43,48,52,59,64,67,72,77,80,84,94,101,110,117,122,128,133,137,137,141,145,148,151,155,158,160,166,174,181,185,187,195,202,207,208,216,216,228,235,242,243,248,252,254,260,266,266,266,270,278,279,279,284,287,292,294,294,300,307,310,311,318,320,329,328,329,332,332,338,343,342,344,348,354,355,359,366,368,370,376,375,377,379,381,386,388,393,396,400,399,404,408,409,415,413,413,417,419,419,422,428,431,436,437,439,440,436,441,438,436,436,441,447,447,451,449,449,450,449,447,446,447,449,453,448,444,443,443,447,444,445,447,447,447,448,445,448,450,449,447,446,446,444,442,441,442,437,440,439,438,436,437,439,436,437,435,434,436,434,434,433,434,432,429,433,435,434,433,434,429,426,428,429,429,426,422,420,419,419,418,415,413,412,412,413,411,411,409,408,409,407,407,406,405,406,405,403
0,0,0,0,0,0,0,0,0,0,0,0,0,0,0,0,0,0,0,0,0,0,0,0,0,0,0,0,0,0,0,0,0,0,0,0,0,0,0,0,0,0,0,0,0,0,0,0,0,0,0,0,0,0,0,0,0,0,0,0,0,0,0,0,0,0,0,0,0,0,0,0,2,2,2,2,2,2,2,3,3,3,4,4,6,7,9,9,9,10,10,12,12,13,13,16,19,22,29,31,34,40,38,37,39,40,45,49,55,59,65,68,71,79,81,89,95,95,99,105,104,107,115,117,129,133,138,148,153,154,158,164,172,175,178,183,187,192,196,204,209,211,217,220,225,225,230,238,245,247,243,246,252,255,263,267,273,281,286,288,293,300,306,310,314,323,327,332,336,336,338,336,337,344,348,356,357,359,358,357,361,364,367,370,375,369,373,378,382,378,378,379,379,381,384,382,382,387,390,391,392,395,398,399,399,401,401,399,403,409,410,412,415,415,416,417,423,423,422,426,430,431,431,427,428,427,427,425,423,421,420,418,419,417,417,424,423,424,424,421,421,422,420,420,420,420,420,419,419,422,423,424,426,424,427,430,429,427,424,423,423,421,421,423,420,420,419,418,420,420,423,421,419,417,417,419,418,418,417,416,416,417,418,416,416,415,414,416,412,410,413,412,411,409,408,403,400,397,395,393
0,0,0,0,0,0,0,0,0,0,0,0,0,0,0,0,0,0,0,0,0,0,0,0,0,0,0,0,0,0,0,0,0,0,0,0,0,0,0,0,0,0,0,0,0,0,0,0,0,0,0,0,0,0,0,0,0,0,0,0,0,0,0,0,0,0,0,0,0,0,0,0,2,2,2,2,2,2,1,1,1,1,2,2,2,2,2,2,2,3,3,4,6,7,9,10,11,14,16,18,20,21,21,23,24,26,33,36,38,40,49,52,54,59,60,68,69,73,79,82,89,96,97,99,104,111,115,121,127,133,138,142,150,158,162,170,177,185,195,201,211,213,220,222,226,231,235,236,246,250,254,259,263,264,270,270,274,283,289,294,299,303,309,312,311,318,318,323,320,319,323,326,328,327,329,335,340,341,343,343,349,357,360,366,368,365,368,369,372,381,389,391,397,399,404,407,410,412,416,418,423,429,433,440,442,447,449,454,454,456,459,461,463,466,466,467,467,466,469,468,467,467,471,475,473,471,473,472,468,469,469,470,467,468,465,464,467,468,472,473,473,469,469,466,466,462,461,461,460,462,461,459,457,457,455,456,451,451,452,452,454,450,449,452,449,450,451,447,444,445,444,446,443,443,441,435,434,433,435,434,431,431,429,432,434,433,432,433,427,428,427,424,423,418,418,416,418,418,415,415
0,0,0,0,0,0,0,0,0,0,0,0,0,0,0,0,0,0,0,0,0,0,0,0,0,0,0,0,0,0,0,0,0,0,0,0,0,0,0,0,0,0,0,0,0,0,0,0,0,0,0,0,0,0,0,0,0,0,0,0,0,0,0,0,0,0,0,0,0,0,0,0,2,2,2,2,2,2,2,2,2,2,2,4,5,5,5,5,5,7,8,8,9,12,12,14,16,20,26,28,32,34,36,40,40,40,46,52,56,65,69,72,76,78,81,83,87,89,92,99,105,113,119,126,130,132,137,145,147,151,160,163,162,163,173,179,184,194,201,210,213,215,220,227,234,233,240,248,249,254,261,261,268,269,277,280,285,289,301,307,310,310,317,321,323,329,333,338,337,342,348,347,349,350,356,359,360,364,367,365,368,364,367,367,366,369,374,374,375,377,382,388,387,385,389,391,394,400,402,407,411,415,414,420,423,422,425,426,429,426,429,434,435,438,439,442,446,447,446,450,451,450,453,452,452,447,443,441,437,440,443,440,442,440,442,441,443,444,445,441,437,437,441,445,446,445,445,443,443,443,445,443,440,437,436,438,439,441,443,442,444,442,439,437,442,438,438,435,430,428,428,430,432,432,432,432,430,431,431,432,431,427,427,427,424,424,425,426,424,422,422,420,420,419,416,416,416,419,416,416
0,0,0,0,0,0,0,0,0,0,0,0,0,0,0,0,0,0,0,0,0,0,0,0,0,0,0,0,0,0,0,0,0,0,0,0,0,0,0,0,0,0,0,0,0,0,0,0,0,0,0,0,0,0,0,0,0,0,0,0,0,0,0,0,0,0,0,0,0,0,0,0,2,2,2,2,2,2,2,2,2,2,2,2,2,2,2,2,2,2,2,2,2,2,2,3,3,4,4,4,4,4,4,4,4,4,5,5,5,5,7,7,8,8,8,13,12,12,15,16,15,17,19,24,27,29,30,32,35,35,37,38,44,48,51,56,61,67,69,74,77,79,85,92,99,101,103,106,108,117,116,118,128,134,137,139,144,150,152,156,160,166,175,192,197,200,206,215,223,231,241,245,244,249,255,258,259,267,271,271,278,284,286,292,293,300,301,307,313,315,322,327,333,338,343,355,357,360,364,366,370,376,379,379,379,377,376,379,382,387,391,397,400,404,406,407,412,414,416,418,421,421,422,425,431,436,435,435,437,440,442,444,444,443,446,452,452,452,456,457,456,456,458,453,455,455,456,454,454,451,456,454,454,458,457,458,460,455,457,456,461,461,461,462,463,464,460,459,460,457,457,455,459,460,459,461,461,463,461,462,462,460,460,464,464,464,464,462,461,457,458,456,455,455,450,451,450,450,453,450
0,0,0,0,0,0,0,0,0,0,0,0,0,0,0,0,0,0,0,0,0,0,0,0,0,0,0,0,0,0,0,0,0,0,0,0,0,0,0,0,0,0,0,0,0,0,0,0,0,0,0,0,0,0,0,0,0,0,0,0,0,0,0,0,0,0,0,0,0,0,0,0,2,2,2,2,2,2,2,2,3,4,4,4,5,8,9,12,12,10,10,10,10,11,13,17,21,21,31,35,41,45,52,57,62,61,70,75,89,97,101,106,111,117,120,130,138,148,151,152,158,161,166,166,172,181,189,194,197,201,205,205,208,211,218,223,226,233,236,238,245,247,252,256,262,267,274,280,283,286,291,294,303,309,316,319,326,332,333,333,338,344,345,351,352,358,360,361,364,366,364,368,372,376,381,386,384,387,390,393,394,398,400,400,405,408,414,416,425,426,428,429,435,437,441,441,442,442,444,444,447,447,448,447,450,452,459,462,463,465,468,470,472,473,474,473,475,477,476,476,479,479,481,483,484,485,486,485,484,482,481,473,469,465,464,464,465,466,468,467,468,467,467,467,468,469,471,470,469,469,469,466,465,462,459,459,460,455,455,456,454,450,448,446,445,444,442,442,442,445,444,445,447,449,448,447,445,442,442,443,443,442,441,443,442,443,439,439,439,434,433,431,431,430,429,428,425,422,424,422
0,0,0,0,0,0,0,0,0,0,0,0,0,0,0,0,0,0,0,0,0,0,0,0,0,0,0,0,0,0,0,0,0,0,0,0,0,0,0,0,0,0,0,0,0,0,0,0,0,0,0,0,0,0,0,0,0,0,0,0,0,0,0,0,0,0,0,0,0,0,0,0,2,2,2,2,2,2,2,2,2,2,2,3,4,3,3,4,5,5,6,6,6,9,13,14,17,20,26,29,32,32,35,36,39,40,45,52,56,58,62,67,69,71,76,77,81,85,90,96,101,106,109,120,118,122,124,130,134,139,144,147,157,162,161,165,173,186,193,196,203,212,214,223,226,228,233,238,245,250,259,264,264,267,270,277,285,292,291,294,298,305,307,312,316,321,321,326,330,335,342,353,357,360,362,364,364,372,375,375,377,378,386,389,389,387,386,388,392,394,396,395,402,405,410,416,418,419,420,423,424,424,420,424,424,428,432,437,440,446,445,445,440,441,439,441,441,439,442,446,447,452,452,452,455,455,456,461,462,463,464,462,465,468,471,471,473,469,469,465,467,465,468,469,467,470,470,470,471,472,471,472,469,464,463,460,455,458,460,463,465,466,466,469,469,467,464,465,463,462,462,462,459,455,455,451,447,450,444,444,446,443,442,438,434,431,431,428,425,424,421,416,414,413,414,412,410,409,406,401
0,0,0,0,0,0,0,0,0,0,0,0,0,0,0,0,0,0,0,0,0,0,0,0,0,0,0,0,0,0,0,0,0,0,0,0,0,0,0,0,0,0,0,0,0,0,0,0,0,0,0,0,0,0,0,0,0,0,0,0,0,0,0,0,0,0,0,0,0,0,0,0,2,2,2,2,2,2,2,2,2,2,2,2,2,2,2,2,2,2,2,2,2,2,2,2,2,2,2,2,2,2,2,2,2,4,4,3,3,4,5,5,7,8,8,9,10,11,13,11,12,14,21,20,24,30,34,36,39,40,46,54,63,68,72,79,85,87,94,104,111,115,116,119,128,140,145,152,157,165,170,176,180,182,185,190,197,198,205,210,214,222,225,230,234,240,243,249,251,251,252,256,261,269,271,273,277,281,281,287,291,296,300,309,312,313,323,324,326,325,326,325,327,327,331,333,337,343,349,349,348,357,363,363,364,368,372,377,377,382,387,389,389,391,391,396,400,402,403,407,408,410,412,414,419,422,423,418,422,424,425,427,428,436,435,438,440,442,440,439,440,443,441,439,443,447,448,447,453,453,453,454,458,459,462,463,464,464,468,467,467,468,470,469,470,469,465,468,467,466,467,470,475,472,466,464,464,462,464,464,463,464,463,463,463,460,459,459,455,458,457,459,458,460,457,453,454,449,449,450
0,0,0,0,0,0,0,0,0,0,0,0,0,0,0,0,0,0,0,0,0,0,0,0,0,0,0,0,0,0,0,0,0,0,0,0,0,0,0,0,0,0,0,0,0,0,0,0,0,0,0,0,0,0,0,0,0,0,0,0,0,0,0,0,0,0,0,0,0,0,0,0,2,2,2,2,2,2,2,2,2,3,4,7,7,8,10,10,12,13,16,16,17,20,24,25,28,33,33,35,38,41,46,48,51,52,53,55,59,66,68,74,81,81,87,93,101,105,109,116,121,127,131,136,146,150,153,158,162,165,169,173,184,189,194,202,210,211,214,220,223,226,230,228,233,233,236,244,253,257,259,264,265,270,271,281,283,292,296,295,303,303,314,315,318,319,319,319,319,327,329,331,335,339,340,346,350,355,358,362,370,373,381,385,390,389,390,396,399,401,402,402,405,409,412,417,420,421,423,423,427,427,436,438,437,436,439,445,446,446,445,446,447,448,446,445,444,443,441,440,437,438,442,444,443,448,447,443,445,444,442,445,445,444,446,446,447,448,450,444,447,447,448,447,444,445,447,447,445,444,445,448,450,452,450,445,447,445,445,447,445,444,443,446,445,443,441,439,437,439,441,439,437,436,435,435,433,433,434,434,435,436,430,432,431,430,428,427,426,425,422,423,420,418,417,417,416,414,413,409
0,0,0,0,0,0,0,0,0,0,0,0,0,0,0,0,0,0,0,0,0,0,0,0,0,0,0,0,0,0,0,0,0,0,0,0,0,0,0,0,0,0,0,0,0,0,0,0,0,0,0,0,0,0,0,0,0,0,0,0,0,0,0,0,0,0,0,0,0,0,0,0,2,2,2,2,2,2,2,2,2,2,2,3,2,4,6,7,7,7,10,10,11,14,15,19,21,25,29,33,35,38,47,50,57,62,71,75,78,82,88,93,94,98,105,110,119,123,125,133,140,146,152,155,163,165,165,168,173,182,191,190,196,198,203,209,216,219,221,223,225,228,238,243,244,242,247,253,255,258,263,268,273,278,281,283,283,283,286,290,298,301,304,302,304,312,306,300,300,303,302,306,308,312,318,318,321,323,325,326,328,330,329,330,333,338,341,342,344,345,350,356,360,370,370,375,378,380,381,381,381,389,389,390,393,397,396,397,397,399,402,402,402,406,405,408,402,400,402,403,404,406,403,402,404,409,408,410,410,408,410,409,412,415,413,417,414,413,415,416,412,416,414,410,409,413,412,412,411,413,412,409,411,410,410,411,410,408,406,402,401,403,403,399,397,396,394,395,394,393,392,389,385,386,384,383,384,382,384,381,381,380,379,375,372,373,371,369,368,367,365,361,361,359,357,356,361,362,365,363
0,0,0,0,0,0,0,0,0,0,0,0,0,0,0,0,0,0,0,0,0,0,0,0,0,0,0,0,0,0,0,0,0,0,0,0,0,0,0,0,0,0,0,0,0,0,0,0,0,0,0,0,0,0,0,0,0,0,0,0,0,0,0,0,0,0,0,0,0,0,0,0,2,2,2,2,2,2,2,2,3,5,5,7,14,17,17,16,18,24,24,24,22,26,30,32,36,44,49,51,55,63,69,73,77,80,88,93,96,106,111,114,120,127,131,137,150,153,160,163,166,173,175,180,184,188,192,199,199,203,215,221,222,227,233,237,236,238,241,245,256,255,263,270,279,288,297,302,310,311,314,319,327,326,329,330,332,335,339,343,349,355,359,364,370,376,381,384,391,395,400,401,400,401,406,410,413,418,419,425,429,429,425,426,430,430,433,433,440,440,441,442,445,444,443,442,441,444,444,451,451,454,453,452,450,451,451,453,454,453,456,455,458,462,462,465,467,464,463,463,465,462,465,468,470,468,471,473,468,469,470,469,472,474,471,469,467,471,473,474,476,475,473,474,478,475,474,473,470,469,468,470,472,474,475,473,472,472,470,470,467,462,462,459,459,461,459,457,452,453,448,445,444,445,443,440,443,440,441,441,442,443,441,438,436,435,433,433,431,428,427,429,426,424,422,420,419,416,417,414
0,0,0,0,0,0,0,0,0,0,0,0,0,0,0,0,0,0,0,0,0,0,0,0,0,0,0,0,0,0,0,0,0,0,0,0,0,0,0,0,0,0,0,0,0,0,0,0,0,0,0,0,0,0,0,0,0,0,0,0,0,0,0,0,0,0,0,0,0,0,0,0,2,2,2,2,2,2,2,2,2,2,2,1,2,3,3,3,3,3,3,5,5,6,6,7,8,10,11,10,12,13,14,19,21,24,28,30,35,39,44,48,51,60,63,66,72,76,80,83,87,95,102,106,114,124,127,124,131,137,144,155,160,163,168,173,176,181,186,184,185,192,195,199,201,206,211,214,219,227,234,234,245,250,254,261,263,269,270,270,273,275,275,274,279,285,298,302,300,299,307,308,312,315,320,323,326,331,332,335,338,342,347,345,350,357,358,362,364,364,364,367,371,375,380,382,386,387,389,396,401,400,399,401,402,412,415,415,414,418,421,423,424,427,431,430,427,424,424,423,425,425,428,429,431,428,432,433,437,439,442,445,446,445,447,448,448,445,444,448,450,450,450,454,452,450,449,448,443,444,441,440,436,436,434,434,437,436,436,436,437,439,436,435,433,430,431,431,430,431,430,431,432,433,430,428,426,426,423,423,422,422,423,422,422,419,421,423,423,426,421,420,419,417,419,417,412,411,406,402
0,0,0,0,0,0,0,0,0,0,0,0,0,0,0,0,0,0,0,0,0,0,0,0,0,0,0,0,0,0,0,0,0,0,0,0,0,0,0,0,0,0,0,0,0,0,0,0,0,0,0,0,0,0,0,0,0,0,0,0,0,0,0,0,0,0,0,0,0,0,0,0,2,2,2,2,2,2,2,2,2,2,2,2,2,3,4,5,6,8,10,10,10,10,10,14,16,20,19,20,26,28,34,36,41,46,51,57,59,64,69,75,78,79,82,90,91,93,99,104,110,116,120,119,124,129,136,143,148,156,163,172,177,182,193,200,206,209,215,220,224,230,236,239,239,242,248,256,259,262,263,268,273,275,278,285,291,299,305,309,316,318,320,328,331,337,341,345,356,359,364,368,369,373,370,372,378,384,392,394,394,393,395,398,397,401,404,406,412,419,418,416,415,419,416,417,421,421,423,423,425,427,425,425,422,424,428,428,429,429,432,434,437,436,439,438,442,443,443,445,445,442,441,440,443,445,443,444,443,444,444,445,446,446,446,447,447,446,445,446,445,443,443,445,448,447,448,450,448,448,447,447,446,446,448,447,445,444,445,450,450,452,452,451,450,449,450,449,449,449,449,447,449,450,449,446,445,444,444,446,442,438,436,434,435,431,433,434,429,428,424,420,418,417,419,417,420,421,420,416
0,0,0,0,0,0,0,0,0,0,0,0,0,0,0,0,0,0,0,0,0,0,0,0,0,0,0,0,0,0,0,0,0,0,0,0,0,0,0,0,0,0,0,0,0,0,0,0,0,0,0,0,0,0,0,0,0,0,0,0,0,0,0,0,0,0,0,0,0,0,0,0,2,2,2,2,2,2,2,2,2,2,2,2,2,2,2,2,2,3,3,3,4,4,4,4,4,6,8,8,9,12,15,15,17,25,30,36,37,39,42,50,55,57,65,69,70,76,83,93,97,102,104,108,110,117,121,127,133,135,144,152,160,165,168,177,182,188,193,199,207,213,221,229,234,236,240,245,251,257,264,268,270,272,277,275,279,284,287,294,304,311,317,317,317,326,329,332,334,343,345,352,354,354,356,363,370,369,372,374,379,387,394,398,402,402,406,406,411,412,418,413,412,414,418,422,430,431,432,430,436,437,439,444,446,448,449,448,452,457,464,471,473,473,478,481,481,482,482,483,483,481,483,483,485,489,489,490,486,486,488,490,489,491,488,488,489,490,491,494,494,495,496,498,494,494,493,493,491,486,484,481,481,479,480,478,481,479,476,476,469,467,463,462,464,466,468,466,464,465,465,465,465,465,464,462,458,456,455,451,452,454,449,449,445,445,443,440,439,438,437,437,434,429,427,427,423,420,419,418
0,0,0,0,0,0,0,0,0,0,0,0,0,0,0,0,0,0,0,0,0,0,0,0,0,0,0,0,0,0,0,0,0,0,0,0,0,0,0,0,0,0,0,0,0,0,0,0,0,0,0,0,0,0,0,0,0,0,0,0,0,0,0,0,0,0,0,0,0,0,0,0,2,2,2,2,2,2,2,2,2,2,3,5,8,9,10,10,12,13,12,14,16,19,19,21,28,29,30,36,39,41,44,49,53,56,58,62,61,65,70,72,76,80,84,85,91,92,94,101,102,107,109,115,118,127,134,141,143,155,161,163,167,169,176,177,177,185,189,197,204,209,212,217,224,231,238,248,259,263,266,269,272,279,287,292,296,300,305,307,308,311,315,318,318,320,325,332,337,344,350,357,361,363,369,374,375,377,380,380,381,381,386,386,384,388,389,390,392,396,402,407,408,413,413,415,414,416,421,426,428,432,431,433,433,436,439,439,443,443,441,446,447,448,447,449,449,453,455,458,456,456,463,467,468,468,468,466,466,467,464,466,466,467,463,464,465,462,460,459,463,465,467,471,472,472,471,470,469,468,467,468,470,470,469,465,463,462,462,460,455,453,454,455,453,455,460,458,456,457,457,458,458,460,459,456,454,450,449,451,451,450,451,449,453,452,447,446,443,441,438,437,432,433,431,431,433,431,430,428
0,0,0,0,0,0,0,0,0,0,0,0,0,0,0,0,0,0,0,0,0,0,0,0,0,0,0,0,0,0,0,0,0,0,0,0,0,0,0,0,0,0,0,0,0,0,0,0,0,0,0,0,0,0,0,0,0,0,0,0,0,0,0,0,0,0,0,0,0,0,0,0,2,2,2,2,2,2,2,2,2,2,2,2,3,4,4,5,6,7,7,8,9,10,12,13,18,23,23,25,30,30,34,37,36,37,44,46,57,61,72,80,86,95,99,101,106,110,114,119,119,130,131,142,145,154,164,169,175,179,184,189,194,206,213,220,227,228,230,230,239,243,248,251,253,258,264,268,275,273,275,281,283,284,292,297,300,308,314,323,323,325,330,329,333,336,344,346,347,354,357,363,369,372,371,378,382,390,395,395,397,398,399,405,412,418,418,420,423,427,432,435,439,447,451,450,452,452,449,456,460,461,466,470,468,471,470,472,471,476,482,484,483,484,482,482,481,481,484,487,485,485,487,490,487,490,489,490,491,495,495,497,497,492,496,498,499,499,500,497,498,499,498,493,493,492,490,494,494,495,492,491,488,486,484,482,484,482,482,478,476,474,476,476,473,472,473,473,466,465,463,463,461,460,461,459,457,457,455,453,452,451,448,447,447,445,448,442,441,443,445,447,446,445,445,446,445,444,445,447
0,0,0,0,0,0,0,0,0,0,0,0,0,0,0,0,0,0,0,0,0,0,0,0,0,0,0,0,0,0,0,0,0,0,0,0,0,0,0,0,0,0,0,0,0,0,0,0,0,0,0,0,0,0,0,0,0,0,0,0,0,0,0,0,0,0,0,0,0,0,0,0,2,2,2,2,2,2,2,2,2,3,3,4,5,6,6,7,7,7,9,10,12,14,16,19,22,26,27,31,38,41,42,44,41,43,50,50,55,59,65,67,72,74,77,80,84,92,97,99,105,111,122,127,130,138,141,143,152,160,162,167,171,177,183,188,194,203,208,214,218,220,235,236,241,241,242,253,255,259,263,267,272,277,280,280,287,293,300,310,310,312,312,318,324,327,331,337,344,343,350,349,352,353,353,360,359,359,367,371,374,381,385,385,387,389,391,397,398,406,404,408,414,416,423,426,427,430,433,434,441,441,440,439,440,442,443,448,452,454,461,467,467,468,465,466,464,463,463,465,465,469,471,473,470,470,473,470,466,464,465,464,468,471,470,473,473,474,474,475,473,472,468,472,471,470,466,465,464,466,467,467,466,465,468,465,466,465,463,461,460,463,463,462,459,461,459,461,459,455,455,455,454,453,452,452,453,450,448,447,445,441,441,440,439,440,438,435,434,435,436,435,434,432,431,431,431,429,431,432
0,0,0,0,0,0,0,0,0,0,0,0,0,0,0,0,0,0,0,0,0,0,0,0,0,0,0,0,0,0,0,0,0,0,0,0,0,0,0,0,0,0,0,0,0,0,0,0,0,0,0,0,0,0,0,0,0,0,0,0,0,0,0,0,0,0,0,0,0,0,0,0,2,2,2,2,2,2,3,3,3,4,6,9,10,9,10,10,13,14,14,14,17,17,20,25,29,34,37,42,45,48,53,60,63,70,75,82,87,93,96,98,107,113,118,119,120,121,127,126,131,134,139,144,145,150,156,156,159,167,172,180,181,185,191,197,205,207,215,221,229,239,244,243,245,248,251,251,258,262,267,273,272,274,280,275,286,291,293,300,302,302,311,315,314,316,317,324,331,331,336,338,338,344,349,353,352,355,360,364,363,367,369,374,379,379,380,382,384,385,386,388,388,391,396,400,401,402,403,404,404,408,408,411,413,409,414,416,416,415,417,421,418,420,417,420,421,422,426,424,424,424,425,425,423,422,419,415,416,416,417,421,423,424,426,427,427,426,423,421,420,422,423,422,423,421,420,422,422,424,423,424,424,421,421,420,417,416,414,413,414,414,412,411,414,411,410,413,411,409,409,411,410,410,404,406,406,403,406,405,403,399,402,400,399,396,400,399,398,397,395,395,395,393,392,394,392,389,387,385
0,0,0,0,0,0,0,0,0,0,0,0,0,0,0,0,0,0,0,0,0,0,0,0,0,0,0,0,0,0,0,0,0,0,0,0,0,0,0,0,0,0,0,0,0,0,0,0,0,0,0,0,0,0,0,0,0,0,0,0,0,0,0,0,0,0,0,0,0,0,0,0,2,2,2,3,3,3,3,4,4,5,6,10,10,11,14,17,24,21,24,27,30,35,41,45,52,58,61,67,75,80,84,91,96,107,111,119,128,135,142,146,149,151,155,159,164,169,174,179,177,184,189,195,200,206,209,214,219,221,226,232,237,238,243,248,257,261,263,267,273,277,289,293,301,304,311,314,321,324,328,336,337,340,348,350,351,360,362,366,369,375,385,387,388,389,392,400,400,405,407,411,415,417,417,420,428,430,428,430,428,433,435,441,447,444,445,446,450,448,449,444,447,448,451,455,453,454,453,458,462,463,466,467,467,467,465,466,469,469,467,469,470,468,460,454,459,462,462,464,463,461,459,457,454,456,456,456,456,455,454,455,453,449,450,449,442,442,445,444,448,445,443,438,437,437,436,436,437,436,435,435,436,437,436,432,432,433,432,435,431,432,432,432,436,438,435,434,434,430,429,430,428,427,431,428,429,427,425,423,426,425,424,423,422,418,417,418,416,415,413,411,408,409,405,407,405,403,402,398
0,0,0,0,0,0,0,0,0,0,0,0,0,0,0,0,0,0,0,0,0,0,0,0,0,0,0,0,0,0,0,0,0,0,0,0,0,0,0,0,0,0,0,0,0,0,0,0,0,0,0,0,0,0,0,0,0,0,0,0,0,0,0,0,0,0,0,0,0,0,0,0,2,2,2,2,2,2,2,2,2,2,3,5,5,5,5,6,6,6,7,7,7,7,10,11,11,14,16,16,17,20,20,22,25,28,35,36,37,44,56,61,69,76,82,87,95,105,111,116,120,131,134,136,142,150,157,162,166,171,173,179,179,178,181,190,195,197,201,206,215,221,229,232,237,243,245,250,254,256,259,261,265,269,272,273,276,278,282,287,295,295,301,307,311,312,320,328,328,333,340,348,353,357,360,365,366,372,377,380,383,385,389,388,391,392,391,394,391,393,397,402,404,407,406,411,414,414,416,415,415,417,418,419,421,422,420,422,421,423,426,428,432,426,424,425,429,431,433,435,437,439,441,448,448,450,451,452,456,458,457,457,457,458,459,460,461,459,460,461,460,461,461,461,461,461,462,459,460,458,458,457,458,455,455,453,451,453,453,454,455,458,457,457,455,456,456,451,450,448,448,445,442,443,441,439,438,439,436,434,434,433,436,434,433,432,433,434,430,431,433,433,431,431,431,432,431,427,428,429
0,0,0,0,0,0,0,0,0,0,0,0,0,0,0,0,0,0,0,0,0,0,0,0,0,0,0,0,0,0,0,0,0,0,0,0,0,0,0,0,0,0,0,0,0,0,0,0,0,0,0,0,0,0,0,0,0,0,0,0,0,0,0,0,0,0,0,0,0,0,0,0,2,2,2,2,2,2,2,2,2,2,2,2,2,2,2,2,3,3,4,4,4,4,4,4,4,5,5,5,5,6,6,6,6,7,9,9,13,14,15,15,16,16,18,18,23,25,26,27,33,37,42,46,51,57,62,64,66,66,70,77,80,83,91,99,106,108,108,113,118,129,136,142,149,157,160,164,168,171,177,184,187,188,191,198,205,208,217,223,226,233,235,231,233,241,245,250,261,262,268,270,276,280,286,286,291,296,298,299,307,310,312,315,321,329,333,338,345,347,348,355,356,361,362,365,368,375,376,377,379,381,391,393,395,396,398,400,408,410,412,414,417,422,420,425,427,428,431,437,441,450,453,459,459,457,457,456,463,461,464,461,463,467,468,472,471,475,476,471,473,474,481,483,483,485,489,488,492,488,485,482,482,483,482,483,485,483,479,480,478,482,483,484,487,488,487,486,484,485,484,483,482,484,483,483,480,480,482,477,477,477,477,475,473,472,470,472,472,468,466,464,463,458,451,450,449,448,446,443
0,0,0,0,0,0,0,0,0,0,0,0,0,0,0,0,0,0,0,0,0,0,0,0,0,0,0,0,0,0,0,0,0,0,0,0,0,0,0,0,0,0,0,0,0,0,0,0,0,0,0,0,0,0,0,0,0,0,0,0,0,0,0,0,0,0,0,0,0,0,0,0,2,2,2,2,2,2,2,2,2,2,2,2,2,2,2,2,2,2,2,2,2,2,2,3,3,3,3,3,3,3,3,3,3,3,3,3,4,4,4,4,5,5,6,6,6,6,6,6,7,8,9,9,10,10,9,9,9,10,14,14,18,17,18,21,24,28,31,31,36,40,41,42,45,50,54,60,59,64,66,67,72,77,80,87,91,95,100,103,108,112,113,118,121,126,136,142,149,154,159,165,175,183,191,196,200,206,201,204,207,211,210,214,216,221,226,227,236,245,248,255,257,262,269,275,285,292,298,303,310,314,316,315,321,328,337,341,346,345,350,356,359,369,374,375,375,378,381,382,382,387,387,385,393,392,393,400,406,407,407,407,410,418,415,420,425,428,428,428,428,431,435,435,430,436,437,432,436,431,429,430,429,433,436,439,443,445,449,451,449,451,449,451,453,454,455,455,454,456,456,457,454,457,458,461,460,463,466,464,465,466,465,466,463,466,462,462,462,460,458,456,455,454,454,456,455,454,455,450
0,0,0,0,0,0,0,0,0,0,0,0,0,0,0,0,0,0,0,0,0,0,0,0,0,0,0,0,0,0,0,0,0,0,0,0,0,0,0,0,0,0,0,0,0,0,0,0,0,0,0,0,0,0,0,0,0,0,0,0,0,0,0,0,0,0,0,0,0,0,0,0,2,2,2,2,1,1,1,1,1,1,1,1,1,1,1,1,1,1,1,1,1,1,2,2,3,3,3,3,3,3,3,3,3,4,4,4,5,7,7,6,8,8,9,10,12,15,16,18,18,19,23,25,32,34,37,44,48,54,59,59,60,63,70,74,76,82,89,92,94,99,103,107,109,112,116,125,128,132,138,144,149,155,162,175,179,186,187,186,189,193,197,202,207,214,217,220,223,226,229,236,241,246,249,256,262,269,272,277,285,287,294,300,303,309,316,318,320,323,322,325,324,329,329,337,338,342,349,353,358,360,360,364,369,371,374,374,377,385,389,392,395,395,397,401,406,406,407,409,410,412,415,419,421,427,428,426,427,425,429,435,442,442,439,437,439,439,438,435,435,440,444,447,444,449,444,441,439,439,437,437,443,446,446,446,446,447,449,452,450,450,449,449,452,449,449,448,453,450,450,449,445,443,441,442,441,442,442,443,442,440,443,445,445,446,449,448,449,447,447,448,445,444,443,441,442,441,438,439
0,0,0,0,0,0,0,0,0,0,0,0,0,0,0,0,0,0,0,0,0,0,0,0,0,0,0,0,0,0,0,0,0,0,0,0,0,0,0,0,0,0,0,0,0,0,0,0,0,0,0,0,0,0,0,0,0,0,0,0,0,0,0,0,0,0,0,0,0,0,0,0,2,2,2,2,2,2,2,2,2,2,2,2,3,3,3,3,3,4,5,5,3,3,5,5,6,7,8,9,11,14,14,17,18,21,22,23,25,26,30,33,34,38,38,40,43,42,46,47,53,53,57,60,61,61,64,70,76,86,93,97,106,113,118,124,127,135,136,138,142,148,155,160,164,165,166,169,176,181,192,204,214,216,224,229,237,244,249,250,256,258,263,268,278,282,289,291,291,296,301,307,308,313,317,319,324,329,335,335,340,343,341,350,350,353,353,358,357,362,366,373,374,374,379,381,383,389,396,402,400,402,408,408,404,410,414,414,413,417,415,418,416,422,419,421,424,427,429,432,439,442,448,450,453,456,458,459,460,466,469,473,472,476,475,473,470,470,475,474,475,476,476,478,478,482,487,483,482,485,484,482,479,481,481,481,479,481,484,487,482,485,485,482,479,477,478,479,480,480,477,478,475,473,469,469,467,467,467,467,464,468,466,467,468,465,465,465,464,462,463,465,465,464,462,458,454,454,448,447
0,0,0,0,0,0,0,0,0,0,0,0,0,0,0,0,0,0,0,0,0,0,0,0,0,0,0,0,0,0,0,0,0,0,0,0,0,0,0,0,0,0,0,0,0,0,0,0,0,0,0,0,0,0,0,0,0,0,0,0,0,0,0,0,0,0,0,0,0,0,0,0,2,2,2,2,2,2,2,2,2,2,2,3,4,4,5,5,6,7,7,7,7,7,10,15,15,18,19,21,23,24,26,26,30,32,37,39,44,49,50,53,55,58,59,62,66,67,70,69,73,77,80,81,85,89,93,98,101,107,113,116,122,127,135,138,145,147,151,158,168,175,184,188,194,199,203,208,214,221,226,233,233,238,242,242,245,249,254,258,262,262,267,265,269,275,275,284,293,297,299,302,305,305,310,314,316,314,317,324,328,328,331,336,341,343,348,354,361,365,374,374,377,381,384,387,392,395,398,404,404,404,406,410,414,416,419,422,420,423,426,423,427,430,434,438,437,441,439,445,451,454,460,461,463,463,466,473,476,475,476,476,475,473,474,474,475,471,471,470,464,465,466,462,469,472,478,477,477,472,469,470,472,471,470,469,468,466,463,460,461,464,464,463,460,461,458,456,451,452,455,458,455,454,454,455,454,455,454,451,447,451,452,450,452,451,447,443,443,442,442,441,440,441,442,441,440,437,434,433
0,0,0,0,0,0,0,0,0,0,0,0,0,0,0,0,0,0,0,0,0,0,0,0,0,0,0,0,0,0,0,0,0,0,0,0,0,0,0,0,0,0,0,0,0,0,0,0,0,0,0,0,0,0,0,0,0,0,0,0,0,0,0,0,0,0,0,0,0,0,0,0,2,2,2,2,2,2,2,2,2,2,2,2,5,5,8,7,7,7,8,8,9,12,15,16,20,19,21,23,25,27,29,31,31,35,38,42,48,51,57,58,63,69,70,75,76,85,93,97,97,106,114,116,120,125,131,137,140,141,150,162,171,178,181,182,184,187,196,201,202,203,210,213,217,223,229,230,236,239,245,249,252,254,256,261,269,274,280,280,284,290,293,295,299,304,311,315,316,314,314,318,324,328,330,332,339,339,341,343,344,347,351,354,358,360,362,367,375,376,381,386,389,393,399,401,402,401,406,412,414,415,419,425,425,430,431,429,429,432,433,434,434,437,438,437,440,442,440,437,437,441,441,443,444,440,442,446,445,446,447,450,451,451,449,449,449,447,448,450,453,454,460,458,457,457,454,453,449,449,449,448,444,444,442,445,443,443,440,439,441,442,445,441,438,436,437,437,438,437,440,434,437,435,438,440,441,439,439,442,441,442,441,440,437,438,436,434,433,431,428,424,424,424,423,423,422,418,419,420
0,0,0,0,0,0,0,0,0,0,0,0,0,0,0,0,0,0,0,0,0,0,0,0,0,0,0,0,0,0,0,0,0,0,0,0,0,0,0,0,0,0,0,0,0,0,0,0,0,0,0,0,0,0,0,0,0,0,0,0,0,0,0,0,0,0,0,0,0,0,0,0,2,2,2,1,2,2,2,2,2,2,2,2,2,2,2,2,2,2,2,2,2,2,2,2,2,3,3,3,3,3,3,3,4,4,4,4,4,4,5,5,5,5,5,5,5,6,7,10,9,9,10,10,11,13,14,16,17,19,22,24,24,27,31,34,36,39,37,38,41,45,45,50,55,56,62,65,69,71,76,81,92,95,101,110,113,121,126,134,138,147,153,158,163,175,178,183,190,194,202,211,222,225,231,237,240,248,254,259,258,260,266,271,275,277,284,285,286,293,294,298,301,305,309,316,317,317,321,320,325,330,340,344,350,348,350,353,355,360,366,370,373,376,373,382,383,387,392,392,390,393,397,398,402,405,411,417,419,422,426,427,431,444,452,452,450,447,446,444,447,448,448,445,449,450,454,455,453,457,457,458,457,458,460,457,463,462,463,464,462,466,470,469,468,471,475,479,476,471,477,475,474,471,470,473,469,469,470,471,471,471,471,469,469,468,466,460,460,458,458,458,456,458,460,457,457,458,457,457
0,0,0,0,0,0,0,0,0,0,0,0,0,0,0,0,0,0,0,0,0,0,0,0,0,0,0,0,0,0,0,0,0,0,0,0,0,0,0,0,0,0,0,0,0,0,0,0,0,0,0,0,0,0,0,0,0,0,0,0,0,0,0,0,0,0,0,0,0,0,0,0,2,2,2,2,2,2,2,1,2,2,3,3,4,5,6,7,7,8,9,9,10,14,15,15,16,23,25,28,29,31,35,36,40,42,44,47,48,52,56,59,62,66,69,69,74,78,79,86,91,99,106,114,117,125,134,137,142,150,161,163,177,186,188,200,206,204,209,212,223,232,234,240,244,252,257,263,264,267,275,278,280,283,294,299,304,307,309,318,320,321,327,332,339,343,346,349,353,358,357,359,360,363,365,370,379,387,390,390,395,399,400,402,405,406,409,413,415,419,419,422,426,430,433,435,442,439,446,447,449,445,450,450,453,456,456,457,458,461,464,466,470,473,473,472,475,477,478,478,479,477,475,474,470,467,468,464,462,462,464,464,462,462,468,469,468,468,470,472,470,473,470,474,471,474,472,471,466,471,470,470,468,468,468,469,469,472,473,471,466,467,467,468,466,466,465,466,468,465,462,462,460,461,458,456,455,453,452,455,458,457,456,457,456,454,452,455,452,452,447,449,447,448,448,445,443,442,441,441
0,0,0,0,0,0,0,0,0,0,0,0,0,0,0,0,0,0,0,0,0,0,0,0,0,0,0,0,0,0,0,0,0,0,0,0,0,0,0,0,0,0,0,0,0,0,0,0,0,0,0,0,0,0,0,0,0,0,0,0,0,0,0,0,0,0,0,0,0,0,0,0,2,2,2,2,2,2,2,3,3,4,4,5,5,5,6,7,7,8,11,13,13,16,18,22,25,33,35,42,49,52,55,58,63,66,69,77,84,89,92,94,101,107,116,118,121,123,132,137,143,146,150,165,175,182,190,193,194,199,198,208,215,218,222,224,229,235,240,242,247,247,249,251,255,257,256,261,269,271,270,275,278,280,288,291,299,308,311,311,313,315,322,327,329,334,340,336,337,342,349,352,356,361,360,365,367,372,372,373,376,383,388,395,398,394,397,400,404,408,411,406,407,407,410,411,411,415,419,421,420,426,427,429,427,426,426,425,429,428,428,431,432,433,431,432,432,434,438,442,440,440,442,444,445,443,445,439,438,438,438,438,442,441,445,446,442,444,445,443,442,447,446,446,449,448,448,448,447,448,447,447,445,443,444,442,443,438,438,440,437,437,435,434,434,434,434,435,434,434,432,431,431,428,430,430,430,430,428,426,424,421,419,419,416,412,409,408,409,402,402,398,399,396,396,395,394,394,394,395
0,0,0,0,0,0,0,0,0,0,0,0,0,0,0,0,0,0,0,0,0,0,0,0,0,0,0,0,0,0,0,0,0,0,0,0,0,0,0,0,0,0,0,0,0,0,0,0,0,0,0,0,0,0,0,0,0,0,0,0,0,0,0,0,0,0,0,0,0,0,0,0,2,2,2,2,2,2,2,2,2,2,3,4,4,5,7,6,6,6,7,7,7,11,11,16,18,18,21,22,23,26,28,28,30,32,35,39,42,46,47,50,52,53,56,59,62,63,72,81,85,89,91,97,102,110,113,116,121,127,135,143,144,153,161,166,168,177,181,190,198,198,203,211,217,225,229,231,240,244,248,257,265,269,274,279,286,292,298,298,302,306,310,308,311,311,322,320,323,330,332,338,343,347,350,359,357,360,363,366,369,369,371,375,379,380,379,380,383,381,382,381,381,380,384,387,383,385,387,386,388,392,395,401,400,403,401,411,413,417,417,419,423,428,432,437,436,438,435,436,441,444,444,444,437,442,443,441,437,438,437,440,437,435,434,433,433,434,437,440,438,438,439,444,443,440,437,438,440,441,442,441,442,440,437,431,432,428,426,428,429,431,428,427,422,424,422,418,418,416,418,422,421,420,417,415,413,411,410,408,409,411,410,410,409,409,407,408,409,409,408,402,396,395,395,396,394,393,395,393
0,0,0,0,0,0,0,0,0,0,0,0,0,0,0,0,0,0,0,0,0,0,0,0,0,0,0,0,0,0,0,0,0,0,0,0,0,0,0,0,0,0,0,0,0,0,0,0,0,0,0,0,0,0,0,0,0,0,0,0,0,0,0,0,0,0,0,0,0,0,0,0,2,2,2,2,3,3,3,3,3,3,3,3,4,4,4,4,5,5,5,7,8,9,11,19,20,22,24,32,37,39,42,46,46,46,55,62,69,73,81,84,87,86,91,98,104,111,114,114,121,124,126,129,133,133,141,142,148,156,159,164,170,172,173,181,184,185,194,198,199,202,208,212,213,219,224,227,231,233,234,235,240,248,253,258,264,266,272,279,282,283,285,292,294,296,304,305,306,309,316,317,320,328,335,339,342,348,348,352,356,361,364,369,375,379,383,384,385,390,394,396,399,403,409,411,414,415,418,420,421,421,425,428,433,436,440,440,444,447,448,447,446,448,448,450,451,446,448,446,443,446,447,447,445,438,440,437,440,446,450,450,452,454,453,452,454,453,455,453,449,452,454,451,451,453,452,452,449,449,450,451,452,453,454,453,449,446,446,444,442,441,440,439,438,439,441,442,440,438,434,438,442,444,442,438,440,438,437,436,436,435,433,433,433,431,427,424,422,422,422,424,426,420,421,421,417,415,414,413
0,0,0,0,0,0,0,0,0,0,0,0,0,0,0,0,0,0,0,0,0,0,0,0,0,0,0,0,0,0,0,0,0,0,0,0,0,0,0,0,0,0,0,0,0,0,0,0,0,0,0,0,0,0,0,0,0,0,0,0,0,0,0,0,0,0,0,0,0,0,0,0,2,2,2,2,2,2,2,2,2,2,3,3,3,3,4,5,5,6,8,9,9,10,13,12,13,19,26,29,31,30,33,35,37,38,44,43,47,57,64,71,78,84,86,86,90,94,99,101,108,110,113,121,131,136,138,141,145,153,156,158,167,171,177,183,187,193,195,200,202,211,221,227,234,241,243,251,252,259,262,274,280,284,290,291,290,291,298,301,305,311,314,315,322,324,335,339,341,338,340,350,352,354,354,359,365,364,367,369,371,372,372,373,376,381,381,388,391,392,396,405,407,410,412,412,414,417,417,421,421,422,426,424,426,430,433,431,432,433,434,435,433,434,439,442,443,445,451,455,456,459,459,456,454,455,455,457,458,458,459,462,462,463,461,462,462,466,467,466,467,468,465,463,462,466,467,470,468,469,468,471,472,470,471,469,469,467,466,466,468,466,471,474,473,475,476,477,472,474,474,472,470,468,468,468,465,460,460,461,461,459,458,458,453,449,447,452,451,449,448,446,446,447,446,446,445,446,446,444
0,0,0,0,0,0,0,0,0,0,0,0,0,0,0,0,0,0,0,0,0,0,0,0,0,0,0,0,0,0,0,0,0,0,0,0,0,0,0,0,0,0,0,0,0,0,0,0,0,0,0,0,0,0,0,0,0,0,0,0,0,0,0,0,0,0,0,0,0,0,0,0,2,2,2,2,2,2,2,2,2,2,3,4,3,3,4,5,7,6,7,8,9,12,12,12,14,14,18,19,19,22,23,28,30,33,35,38,44,48,53,54,58,63,65,73,78,80,87,89,98,103,107,115,124,129,139,144,148,148,154,161,169,171,176,179,180,185,188,188,190,193,195,201,204,214,216,221,227,230,239,245,246,254,262,265,268,277,283,286,294,295,299,306,307,312,316,321,324,331,332,341,344,348,353,361,369,372,374,371,371,373,372,377,379,379,375,381,382,381,387,394,397,398,404,401,407,409,409,419,419,420,420,427,427,426,429,432,435,434,435,435,436,438,435,434,431,434,433,434,436,433,438,440,441,441,438,437,440,437,440,437,435,436,434,440,444,437,435,434,434,436,435,439,440,436,434,431,428,428,430,433,434,433,433,435,435,436,437,437,436,440,436,436,435,434,434,434,435,431,433,437,438,438,435,436,436,437,438,433,431,431,430,430,428,427,428,432,431,435,432,434,432,433,433,431,430,429,430,425
0,0,0,0,0,0,0,0,0,0,0,0,0,0,0,0,0,0,0,0,0,0,0,0,0,0,0,0,0,0,0,0,0,0,0,0,0,0,0,0,0,0,0,0,0,0,0,0,0,0,0,0,0,0,0,0,0,0,0,0,0,0,0,0,0,0,0,0,0,0,0,0,2,1,0,0,0,0,0,0,0,0,0,0,0,0,0,0,0,0,0,0,0,0,0,0,0,0,0,0,0,0,0,0,0,0,0,0,0,0,0,0,0,0,0,0,0,0,0,0,0,0,0,0,0,0,0,0,0,0,0,0,0,0,0,0,0,0,0,0,0,0,0,0,0,0,0,0,0,0,0,0,0,0,0,0,0,0,0,0,0,0,0,0,0,0,0,0,0,0,0,0,0,0,0,0,0,0,0,0,0,0,0,0,0,0,0,0,0,0,0,0,0,0,0,0,0,0,0,0,0,0,0,0,0,0,0,0,0,0,0,0,0,0,0,0,0,0,0,0,0,0,0,0,0,0,0,0,0,0,0,0,0,0,0,0,0,0,0,0,0,0,0,0,0,0,0,0,0,0,0,0,0,0,0,0,0,0,0,0,0,0,0,0,0,0,0,0,0,0,0,0,0,0,0,0,0,0,0,0,0,0,0,0,0,0,0,0,0,0,0,0,0,0,0,0,0,0,0,0
0,0,0,0,0,0,0,0,0,0,0,0,0,0,0,0,0,0,0,0,0,0,0,0,0,0,0,0,0,0,0,0,0,0,0,0,0,0,0,0,0,0,0,0,0,0,0,0,0,0,0,0,0,0,0,0,0,0,0,0,0,0,0,0,0,0,0,0,0,0,0,0,2,2,2,2,2,2,2,2,2,2,3,3,5,5,6,10,10,11,12,15,16,21,27,29,35,39,39,40,40,39,42,46,46,48,53,54,56,57,63,69,73,78,81,87,90,94,96,101,109,118,125,127,132,138,141,148,152,157,163,171,178,179,184,192,199,204,212,217,222,224,229,232,239,241,245,249,260,264,271,283,289,290,294,302,304,309,315,318,321,329,333,340,346,348,349,352,354,354,363,368,368,372,377,381,388,386,394,395,390,398,404,403,401,401,403,405,403,407,410,413,410,409,411,412,414,418,422,429,434,438,441,441,444,448,452,452,453,456,456,459,462,462,460,461,461,457,458,461,462,461,461,462,460,459,459,458,459,460,462,457,462,458,459,461,461,461,461,464,462,462,465,463,461,460,459,457,459,456,455,453,448,447,448,449,447,447,449,448,443,445,446,448,447,447,445,449,446,447,446,442,439,440,439,439,439,437,437,431,428,428,429,429,426,425,421,422,419,418,415,417,415,414,414,411,411,409,408,405
0,0,0,0,0,0,0,0,0,0,0,0,0,0,0,0,0,0,0,0,0,0,0,0,0,0,0,0,0,0,0,0,0,0,0,0,0,0,0,0,0,0,0,0,0,0,0,0,0,0,0,0,0,0,0,0,0,0,0,0,0,0,0,0,0,0,0,0,0,0,0,0,2,2,2,2,2,2,2,2,2,2,2,3,3,3,3,5,5,5,5,5,5,6,12,14,18,19,22,24,28,32,33,35,36,40,51,54,58,61,69,74,79,82,88,92,102,106,113,118,125,136,138,143,148,155,159,169,171,175,179,186,195,204,205,211,215,222,231,237,240,247,255,260,268,276,280,285,286,287,294,298,305,310,309,316,320,319,321,323,324,329,333,341,341,342,346,348,347,348,351,353,353,355,359,361,369,373,378,383,386,392,398,399,403,403,406,409,410,416,418,423,424,431,431,430,436,439,441,448,449,447,446,444,449,453,457,459,460,465,464,462,464,464,468,461,466,468,469,470,470,471,472,476,474,472,473,472,470,470,470,472,472,475,474,477,476,475,477,480,480,480,482,479,478,479,482,479,478,476,470,471,467,464,463,463,461,461,460,460,459,459,460,456,452,447,447,445,444,443,442,437,437,435,436,435,435,431,431,431,427,426,428,428,426,422,421,420,418,419,417,417,417,416,416,416,414,414,410,408
