0,0,0,0,0,0,0,0,0,0,0,0,0,0,0,0,0,0,0,0,0,0,0,0,0,0,0,0,0,0,0,0,0,0,0,0,0,0,0,0,0,0,0,0,0,0,0,0,0,0,0,0,0,0,0,0,0,0,0,0,0,0,0,0,0,0,0,0,0,0,0,0,0,0,0,0,0,0,0,0,0,0,0,0,0,3,3,3,3,3,3,3,3,21,26,26,26,26,26,26,37,37,37,37,46,46,46,54,54,60,60,60,60,60,60,60,60,60,69,74,74,75,75,75,75,75,75,75,75,94,94,94,99,120,120,137,137,142,142,142,142,142,142,157,160,160,164,164,170,170,173,173,178,178,186,186,186,186,186,186,186,186,207,207,208,208,208,208,218,218,218,218,232,232,245,248,248,248,266,274,274,274,278,278,278,278,278,278,278,284,284,284,284,284,284,284,284,284,284,284,287,287,287,287,287,287,284,284,284,284,284,284,284,284,273,272,272,272,272,272,262,262,262,262,264,261,261,261,254,250,249,249,249,249,249,249,250,250,257,253,252,252,252,252,252,252,252,252,252,245,240,240,238,236,220,219,205,203,200,201,201,201,201,197,192,190,191,187,186,182,182,180,180,178,177,173,173,173,173,173,173,173,167,155,155,154,155,155,152,145,145,145,138,133,132,124,122,122,114,100
0,0,0,0,0,0,0,0,0,0,0,0,0,0,0,0,0,0,0,0,0,0,0,0,0,0,0,0,0,0,0,0,0,0,0,0,0,0,0,0,0,0,0,0,0,0,0,0,0,0,0,0,0,0,0,0,0,0,0,0,0,0,0,0,0,0,0,0,0,0,0,0,0,0,0,0,0,0,0,0,0,0,0,6,6,6,6,6,6,6,6,6,6,31,54,68,110,110,110,121,135,135,146,152,152,170,170,170,170,170,172,172,172,172,177,182,192,192,192,192,193,193,193,193,193,196,201,201,201,201,212,218,221,221,225,227,230,230,235,237,245,245,249,252,252,256,256,256,256,256,256,257,257,257,257,257,267,267,267,267,267,271,271,271,274,274,279,283,283,283,283,283,287,297,297,302,302,302,302,302,302,302,304,304,306,307,307,307,307,307,307,307,309,309,309,309,309,309,309,309,309,309,309,309,310,310,310,310,310,310,310,310,310,302,282,273,252,237,237,231,216,212,211,198,197,189,181,181,181,181,180,180,180,180,179,174,167,163,163,163,162,162,162,162,162,162,159,154,154,154,148,143,138,138,137,133,131,130,127,125,125,119,117,116,115,113,111,111,111,111,111,110,110,110,110,110,106,102,102,102,102,100,99,99,99,97,93,93,90,90,90,90,89,81,77,75,74,74,74,74
0,0,0,0,0,0,0,0,0,0,0,0,0,0,0,0,0,0,0,0,0,0,0,0,0,0,0,0,0,0,0,0,0,0,0,0,0,0,0,0,0,0,0,0,0,0,0,0,0,0,0,0,0,0,0,0,0,0,0,0,0,0,0,0,0,0,0,0,0,0,0,0,0,0,0,0,0,0,0,0,0,0,0,0,0,0,0,0,0,0,7,7,7,7,22,22,30,30,30,30,30,30,30,30,47,47,47,49,52,58,70,70,73,73,73,78,78,78,78,78,78,82,82,84,87,87,87,87,90,90,96,101,101,101,101,111,111,111,111,113,113,113,113,114,118,118,121,130,130,135,135,135,135,135,145,147,147,147,147,147,151,151,151,151,156,156,167,167,171,174,174,185,192,192,192,196,196,204,204,213,213,213,213,215,215,215,215,215,215,225,234,234,234,234,234,234,235,235,235,235,235,235,235,235,238,239,240,240,242,242,238,235,235,235,236,238,238,231,231,231,231,231,231,231,231,219,219,218,217,217,203,199,197,196,196,193,192,192,192,192,192,191,188,187,184,183,183,183,189,189,193,191,189,189,189,188,181,181,181,183,184,184,184,187,186,186,183,177,175,174,171,171,171,171,167,167,166,166,166,166,166,162,162,162,157,157,157,154,153,148,147,138,130,130,130,128,129,129,122,120
0,0,0,0,0,0,0,0,0,0,0,0,0,0,0,0,0,0,0,0,0,0,0,0,0,0,0,0,0,0,0,0,0,0,0,0,0,0,0,0,0,0,0,0,0,0,0,0,0,0,0,0,0,0,0,0,0,0,0,0,0,0,0,0,0,0,0,0,0,0,0,0,0,0,0,0,0,0,0,0,0,0,0,0,0,0,0,6,6,13,13,13,13,13,23,23,23,23,23,25,25,36,43,49,49,59,59,59,59,59,59,59,60,60,60,60,60,60,60,73,78,92,93,93,93,93,93,102,102,102,115,115,132,132,132,137,142,142,147,147,147,166,167,175,175,175,178,178,178,184,184,184,184,184,184,187,187,190,190,192,192,192,196,196,196,198,203,204,204,204,204,210,210,214,214,214,214,214,214,219,219,219,224,235,235,235,235,236,236,236,236,236,238,238,238,238,238,238,238,241,241,241,241,241,241,241,241,238,236,234,231,231,238,239,242,241,241,241,241,240,240,238,228,223,228,230,231,231,231,231,231,231,231,230,230,230,230,230,230,243,247,231,229,229,229,229,229,224,222,222,222,214,211,203,203,200,194,194,191,189,189,185,176,174,173,173,171,171,171,169,166,166,166,166,166,166,166,164,163,161,161,161,159,158,158,157,154,154,154,154,154,154,148,146,144,144,144,144,144,145
0,0,0,0,0,0,0,0,0,0,0,0,0,0,0,0,0,0,0,0,0,0,0,0,0,0,0,0,0,0,0,0,0,0,0,0,0,0,0,0,0,0,0,0,0,0,0,0,0,0,0,0,0,0,0,0,0,0,0,0,0,0,0,0,0,0,0,0,0,0,0,0,0,0,0,0,0,0,0,0,0,0,0,0,0,0,0,0,0,0,0,7,16,16,16,24,24,24,24,24,24,24,29,29,29,44,44,56,59,59,59,62,62,62,62,62,62,70,70,70,70,76,86,86,95,99,100,100,100,106,112,112,125,129,129,129,129,129,129,129,136,138,142,147,147,159,168,168,168,168,175,180,183,183,183,183,183,183,183,183,183,193,195,195,195,197,197,201,212,212,212,213,213,213,213,213,213,213,213,213,213,213,213,213,216,220,229,229,229,234,234,236,241,241,241,241,241,241,241,241,241,242,244,244,244,244,244,245,245,245,245,242,246,244,244,239,237,237,237,237,237,237,235,233,233,232,228,221,222,220,220,220,217,217,217,217,217,226,226,226,226,222,215,211,206,201,198,198,198,198,201,199,199,195,191,191,191,191,191,191,187,184,183,182,180,180,169,163,163,163,160,154,152,151,154,154,154,154,154,154,154,151,145,143,143,143,142,142,144,136,136,136,135,135,135,135,135,135,135,135
0,0,0,0,0,0,0,0,0,0,0,0,0,0,0,0,0,0,0,0,0,0,0,0,0,0,0,0,0,0,0,0,0,0,0,0,0,0,0,0,0,0,0,0,0,0,0,0,0,0,0,0,0,0,0,0,0,0,0,0,0,0,0,0,0,0,0,0,0,0,0,0,0,0,0,0,0,0,0,0,0,0,0,0,0,0,0,1,1,1,1,1,1,1,1,1,1,1,1,9,9,9,21,21,21,21,21,47,47,47,47,47,47,47,50,50,50,50,50,66,66,84,84,88,98,98,99,99,99,99,113,117,128,140,140,150,150,150,150,154,154,160,160,160,164,166,166,166,166,170,170,175,175,178,178,179,179,179,184,192,192,192,192,207,207,214,216,216,221,225,232,232,232,237,237,238,238,238,238,238,238,246,246,254,254,254,254,254,254,256,256,256,262,262,263,263,263,263,263,263,264,264,265,269,269,269,269,268,268,268,268,268,270,270,270,270,274,274,274,269,266,266,266,255,255,255,255,255,246,246,246,246,246,246,244,243,243,243,245,251,246,236,231,229,221,217,216,216,216,216,207,205,200,193,186,182,177,177,177,176,173,173,170,170,171,169,169,169,169,168,166,165,163,162,160,160,160,160,160,149,147,147,147,138,137,137,133,132,129,125,120,116,116,116,114,113,113,113,113,113
0,0,0,0,0,0,0,0,0,0,0,0,0,0,0,0,0,0,0,0,0,0,0,0,0,0,0,0,0,0,0,0,0,0,0,0,0,0,0,0,0,0,0,0,0,0,0,0,0,0,0,0,0,0,0,0,0,0,0,0,0,0,0,0,0,0,0,0,0,0,0,0,0,0,0,0,0,0,0,0,0,0,0,0,0,10,10,10,10,10,10,10,10,10,10,10,10,10,10,10,10,41,41,41,41,41,41,83,83,83,103,111,111,130,130,130,133,147,147,147,147,153,153,157,157,157,157,157,157,157,157,179,179,188,192,204,207,209,209,209,209,209,209,209,209,214,214,214,216,216,220,238,238,238,239,241,241,241,241,241,241,247,249,249,249,256,256,256,256,256,262,262,269,269,269,269,269,269,269,273,273,273,273,279,279,279,281,281,285,286,289,289,289,289,289,289,289,289,289,289,294,294,294,294,294,294,286,286,286,286,286,286,286,286,286,289,289,289,289,289,289,280,267,267,267,267,267,269,258,258,251,236,232,220,215,215,214,210,201,201,201,200,195,195,191,191,191,191,191,191,191,188,182,176,174,160,159,155,155,155,155,155,155,155,155,153,150,150,148,148,146,139,133,133,132,131,130,130,130,130,130,127,124,123,123,120,118,118,118,118,115,113,110,106,106,106,106,107,107,106
0,0,0,0,0,0,0,0,0,0,0,0,0,0,0,0,0,0,0,0,0,0,0,0,0,0,0,0,0,0,0,0,0,0,0,0,0,0,0,0,0,0,0,0,0,0,0,0,0,0,0,0,0,0,0,0,0,0,0,0,0,0,0,0,0,0,0,0,0,0,0,0,0,0,0,0,0,0,0,0,0,0,0,0,0,0,6,6,6,6,6,6,6,6,6,6,6,6,6,21,32,32,53,53,54,54,54,54,68,68,80,80,80,100,100,100,100,100,100,100,100,106,109,109,130,138,146,146,146,146,146,146,146,151,159,169,169,169,169,180,184,187,194,194,196,196,196,196,196,196,196,196,196,196,196,196,196,198,198,198,198,198,198,198,198,198,211,211,211,211,211,217,217,221,221,233,240,240,247,247,253,256,262,262,262,262,262,269,276,276,276,276,276,276,276,276,276,276,276,276,276,277,277,277,277,277,274,274,274,274,274,274,274,274,275,275,276,276,276,272,258,255,244,237,238,240,240,240,262,259,253,248,248,231,229,229,229,229,229,229,229,229,221,221,214,200,188,188,188,188,188,188,188,185,183,172,168,168,168,168,164,160,158,157,157,155,155,155,155,155,155,155,155,155,155,155,156,155,155,155,155,155,155,155,155,156,151,148,148,148,148,147,142,138,138,133,132,129,127,126
0,0,0,0,0,0,0,0,0,0,0,0,0,0,0,0,0,0,0,0,0,0,0,0,0,0,0,0,0,0,0,0,0,0,0,0,0,0,0,0,0,0,0,0,0,0,0,0,0,0,0,0,0,0,0,0,0,0,0,0,0,0,0,0,0,0,0,0,0,0,0,0,0,0,0,0,0,0,0,0,0,0,0,0,0,0,0,0,0,0,0,0,0,0,0,0,1,1,1,1,1,1,1,1,1,1,1,1,1,1,1,1,1,1,1,1,1,1,1,37,37,84,99,99,99,99,99,100,100,100,141,150,150,150,150,150,150,150,150,150,150,150,150,175,175,175,175,175,175,179,189,189,193,193,193,193,202,202,202,202,205,205,210,210,216,216,216,219,219,219,219,224,224,224,231,235,235,236,236,236,236,243,243,243,243,243,244,253,257,264,271,271,273,273,273,273,273,273,273,273,273,273,273,273,273,273,273,274,274,274,274,274,274,274,274,274,274,273,273,273,273,273,273,273,275,275,275,275,275,275,275,275,275,275,275,275,275,281,282,282,272,256,228,222,222,222,222,222,225,225,211,192,189,189,189,189,189,189,189,189,189,191,191,182,176,176,176,176,176,175,165,163,160,160,160,160,159,153,153,153,153,150,148,145,140,140,140,140,140,140,140,138,136,136,130,128,128,128,127,127
0,0,0,0,0,0,0,0,0,0,0,0,0,0,0,0,0,0,0,0,0,0,0,0,0,0,0,0,0,0,0,0,0,0,0,0,0,0,0,0,0,0,0,0,0,0,0,0,0,0,0,0,0,0,0,0,0,0,0,0,0,0,0,0,0,0,0,0,0,0,0,0,0,0,0,0,0,0,0,0,0,0,0,0,0,4,4,4,4,4,4,4,4,4,34,34,34,34,34,34,34,34,34,34,34,37,37,37,37,37,57,57,57,57,57,64,64,64,89,89,89,122,122,139,142,142,157,157,159,159,164,164,171,194,203,237,243,252,252,252,252,252,252,252,252,252,252,259,260,260,267,267,268,268,268,275,278,285,285,285,285,288,288,290,290,290,290,290,290,290,290,290,296,296,296,296,298,298,307,311,314,314,314,320,320,320,320,322,322,328,328,328,328,328,328,328,328,328,328,328,328,328,328,328,328,324,324,324,324,324,324,324,324,324,325,316,316,316,316,316,316,316,316,316,316,316,316,316,316,316,301,298,298,298,298,294,294,294,293,278,278,256,246,241,228,228,220,216,214,214,210,210,209,195,184,165,146,137,135,135,135,135,135,135,136,136,136,132,130,130,125,124,124,124,124,125,123,113,113,113,113,110,110,109,108,108,108,108,108,108,108,108,108,102,102,102,100,100,92,91
0,0,0,0,0,0,0,0,0,0,0,0,0,0,0,0,0,0,0,0,0,0,0,0,0,0,0,0,0,0,0,0,0,0,0,0,0,0,0,0,0,0,0,0,0,0,0,0,0,0,0,0,0,0,0,0,0,0,0,0,0,0,0,0,0,0,0,0,0,0,0,0,0,0,0,0,0,0,0,0,0,0,0,6,6,6,6,13,13,13,13,13,15,15,22,30,34,34,34,34,40,40,40,40,47,47,80,83,83,83,83,98,111,111,120,121,133,136,136,136,137,137,137,143,143,149,149,157,157,157,157,167,167,167,168,168,168,168,168,168,176,176,176,176,181,181,181,190,190,190,190,195,195,195,198,198,198,201,201,214,222,233,233,233,249,249,254,258,258,258,258,262,262,262,264,264,273,275,275,275,275,275,275,275,276,278,278,283,287,287,287,287,290,290,290,290,290,290,290,290,290,290,290,298,298,298,298,293,292,292,292,292,294,294,289,297,297,294,294,294,288,288,288,288,283,283,276,260,260,260,260,256,242,237,229,228,225,215,213,213,212,212,212,207,206,200,200,196,193,193,193,190,187,187,186,186,186,186,186,186,183,183,183,183,183,178,178,169,169,169,169,165,164,164,163,163,163,160,160,157,148,136,130,130,122,121,118,116,114,114,114,113,110,110,110,108,106,99,98,98
0,0,0,0,0,0,0,0,0,0,0,0,0,0,0,0,0,0,0,0,0,0,0,0,0,0,0,0,0,0,0,0,0,0,0,0,0,0,0,0,0,0,0,0,0,0,0,0,0,0,0,0,0,0,0,0,0,0,0,0,0,0,0,0,0,0,0,0,0,0,0,0,0,0,0,0,0,0,0,0,0,0,0,0,0,0,0,0,0,0,0,0,0,0,0,0,0,0,0,0,0,0,0,5,5,5,21,21,32,32,32,32,32,32,32,32,43,43,43,53,64,64,64,64,89,89,89,89,94,94,94,94,94,110,119,126,126,132,132,149,153,153,167,173,173,173,173,173,173,180,180,180,180,187,187,187,187,187,187,187,187,187,192,192,192,207,210,210,210,216,229,229,229,235,235,241,249,263,263,267,279,279,279,279,281,281,281,281,281,281,281,281,281,281,281,281,281,281,281,281,281,281,281,281,281,281,281,281,281,281,281,281,281,283,284,284,284,285,285,285,285,285,285,283,295,295,299,293,283,283,283,284,284,284,284,284,283,278,281,281,282,276,276,276,260,255,255,255,253,251,251,251,251,245,234,224,224,224,218,209,208,205,201,195,195,195,195,195,195,193,188,188,188,188,187,187,187,187,187,187,187,188,185,185,185,182,175,174,174,170,167,156,156,156,150,150,142,132,127,123
0,0,0,0,0,0,0,0,0,0,0,0,0,0,0,0,0,0,0,0,0,0,0,0,0,0,0,0,0,0,0,0,0,0,0,0,0,0,0,0,0,0,0,0,0,0,0,0,0,0,0,0,0,0,0,0,0,0,0,0,0,0,0,0,0,0,0,0,0,0,0,0,0,0,0,0,1,1,1,1,1,1,1,1,1,1,1,1,1,1,1,1,1,1,1,1,1,1,1,1,1,1,1,1,1,1,1,1,1,1,1,1,1,1,1,1,1,1,56,78,81,81,81,81,81,81,85,85,85,85,85,85,85,96,96,96,96,96,120,125,136,136,136,136,141,144,149,161,161,161,165,177,177,180,185,185,196,211,219,227,227,227,227,227,234,234,234,234,234,234,234,234,234,237,237,245,245,246,249,249,252,257,257,257,257,257,257,261,261,261,261,261,266,266,266,266,266,266,267,267,269,269,271,271,273,273,273,273,273,274,274,274,274,274,274,274,274,274,274,274,274,274,274,274,274,274,279,279,279,280,280,280,280,280,280,280,280,280,276,247,247,244,244,244,244,244,240,240,240,240,240,240,240,235,233,233,233,233,220,212,206,204,204,205,205,204,199,189,184,184,181,180,171,172,170,168,162,152,145,136,131,131,131,131,130,125,125,125,125,125,126,126,126,123,123,123,117,117,117,114
0,0,0,0,0,0,0,0,0,0,0,0,0,0,0,0,0,0,0,0,0,0,0,0,0,0,0,0,0,0,0,0,0,0,0,0,0,0,0,0,0,0,0,0,0,0,0,0,0,0,0,0,0,0,0,0,0,0,0,0,0,0,0,0,0,0,0,0,0,0,0,0,0,0,0,0,0,0,0,0,0,0,0,0,0,0,0,0,0,0,0,0,0,0,0,0,0,0,0,0,0,0,0,0,0,0,0,0,0,0,0,0,0,0,0,10,10,10,10,27,27,27,61,61,61,61,71,80,80,96,99,99,99,113,113,119,127,127,127,127,136,152,152,152,152,152,158,160,160,160,163,163,178,178,178,181,198,200,200,200,207,207,207,207,207,207,207,207,207,207,211,211,215,215,215,215,215,231,235,238,238,242,242,245,245,245,245,249,249,253,256,256,261,262,262,262,262,262,262,262,262,262,262,262,263,263,263,263,263,263,263,264,264,265,267,267,267,267,267,267,268,269,269,269,269,269,269,270,270,270,270,270,270,270,270,266,270,270,270,273,271,271,259,242,242,242,243,231,234,231,222,222,222,214,209,206,199,197,197,197,196,188,184,184,184,184,180,177,177,177,176,174,169,163,164,162,152,149,147,147,147,140,140,140,140,140,140,140,140,140,140,136,136,133,133,133,133,132,131,129
0,0,0,0,0,0,0,0,0,0,0,0,0,0,0,0,0,0,0,0,0,0,0,0,0,0,0,0,0,0,0,0,0,0,0,0,0,0,0,0,0,0,0,0,0,0,0,0,0,0,0,0,0,0,0,0,0,0,0,0,0,0,0,0,0,0,0,0,0,0,0,0,0,0,0,0,0,0,0,0,0,0,0,0,0,0,0,0,0,0,0,0,0,0,21,37,37,48,63,63,63,63,63,71,71,71,71,74,77,77,92,110,110,110,113,113,119,119,119,122,122,136,137,158,158,165,170,170,170,170,170,170,179,179,181,181,181,181,181,192,195,200,200,206,206,211,211,211,211,211,211,213,213,213,213,213,213,213,213,213,213,230,230,230,238,238,240,240,240,240,240,241,241,241,245,245,256,263,268,268,273,273,273,273,273,273,273,273,273,273,282,282,282,282,282,282,282,282,282,284,284,284,284,284,284,284,284,284,284,284,284,284,284,284,284,268,268,259,245,245,245,245,245,243,247,247,247,247,248,247,238,218,214,214,212,211,211,211,211,210,208,199,194,183,173,172,162,161,161,161,161,161,159,153,151,151,151,151,151,150,145,140,140,140,141,138,138,138,138,138,138,137,137,137,137,137,137,137,137,137,137,134,122,122,123,118,118,117,117,117,117,117,117,117,117,114,110,104,99,98
0,0,0,0,0,0,0,0,0,0,0,0,0,0,0,0,0,0,0,0,0,0,0,0,0,0,0,0,0,0,0,0,0,0,0,0,0,0,0,0,0,0,0,0,0,0,0,0,0,0,0,0,0,0,0,0,0,0,0,0,0,0,0,0,0,0,0,0,0,0,0,0,0,0,0,0,0,0,0,0,0,0,0,0,9,9,19,19,19,19,19,19,19,19,19,19,19,19,40,40,41,41,41,41,41,41,48,48,48,53,53,67,67,67,77,77,77,95,95,95,98,98,98,115,115,115,119,119,119,119,119,129,135,148,156,156,156,162,162,175,179,179,186,197,197,202,202,202,202,202,210,215,215,215,215,215,215,221,221,221,221,224,228,228,239,239,248,248,248,248,248,250,250,250,255,255,255,255,255,260,266,266,277,277,277,284,284,284,288,288,288,288,288,288,288,288,288,288,288,288,288,288,288,293,292,285,280,278,278,278,278,278,278,278,278,278,278,278,276,261,260,260,260,260,260,261,261,261,261,259,256,251,244,244,243,236,236,238,230,230,228,228,228,221,211,211,211,209,209,209,210,206,204,200,187,181,181,180,175,168,162,161,156,149,149,147,144,144,144,144,144,137,139,139,139,139,139,139,135,135,135,135,128,128,121,117,114,110,110,110,111,110,109,109,107,104,104,104,104,104
0,0,0,0,0,0,0,0,0,0,0,0,0,0,0,0,0,0,0,0,0,0,0,0,0,0,0,0,0,0,0,0,0,0,0,0,0,0,0,0,0,0,0,0,0,0,0,0,0,0,0,0,0,0,0,0,0,0,0,0,0,0,0,0,0,0,0,0,0,0,0,0,0,0,0,0,0,0,0,0,0,0,0,0,8,8,19,19,19,19,23,23,30,44,58,58,58,78,78,92,92,100,100,105,105,109,109,109,113,113,113,113,119,119,129,129,133,133,133,133,133,133,133,133,133,139,139,139,143,152,152,152,155,159,159,159,168,168,168,168,177,182,189,189,189,193,193,193,193,193,193,193,193,193,193,193,193,199,216,224,224,224,226,228,228,228,228,228,228,228,228,231,239,239,244,244,244,244,244,244,244,244,244,244,244,244,244,248,248,252,269,276,282,283,283,283,283,283,283,284,284,284,284,284,284,276,275,266,266,266,264,262,262,265,260,254,254,244,237,233,224,219,217,215,215,212,212,212,212,208,208,208,204,204,196,195,193,192,192,193,193,193,193,193,193,192,187,187,187,185,183,183,183,181,177,177,177,168,168,168,168,166,164,159,159,155,155,155,155,155,155,155,155,155,155,155,155,155,135,128,125,125,125,121,122,122,122,122,122,122,122,121,112,112,110,107,107,107,107,107
0,0,0,0,0,0,0,0,0,0,0,0,0,0,0,0,0,0,0,0,0,0,0,0,0,0,0,0,0,0,0,0,0,0,0,0,0,0,0,0,0,0,0,0,0,0,0,0,0,0,0,0,0,0,0,0,0,0,0,0,0,0,0,0,0,0,0,0,0,0,0,0,0,0,0,0,0,0,0,0,4,4,4,4,4,4,4,4,4,4,4,5,5,5,5,5,5,5,5,11,11,11,11,11,11,11,11,22,22,22,26,26,26,36,36,48,48,48,64,64,78,78,78,78,90,90,90,93,106,106,120,120,120,133,139,139,141,141,141,160,161,161,161,161,175,175,175,175,177,177,177,177,183,186,186,186,186,186,201,201,201,205,205,205,208,208,208,208,211,211,211,211,211,215,218,218,223,223,223,223,223,228,228,228,231,231,235,235,235,235,242,242,242,242,242,242,242,242,242,242,241,248,248,248,248,248,248,248,248,248,248,247,247,247,247,247,247,247,247,244,242,242,242,242,242,242,242,249,248,248,246,244,244,238,234,230,237,237,230,227,228,222,222,222,222,210,210,207,202,201,193,193,193,183,181,177,177,176,176,164,159,159,159,159,162,152,152,152,150,150,150,150,150,150,150,150,150,150,149,139,139,135,135,135,136,137,137,137,135,135,135,135,135,135,130,128,127,128,128,128
0,0,0,0,0,0,0,0,0,0,0,0,0,0,0,0,0,0,0,0,0,0,0,0,0,0,0,0,0,0,0,0,0,0,0,0,0,0,0,0,0,0,0,0,0,0,0,0,0,0,0,0,0,0,0,0,0,0,0,0,0,0,0,0,0,0,0,0,0,0,0,0,0,0,0,0,0,0,0,0,0,0,0,0,0,0,0,0,0,0,0,0,0,0,0,4,4,20,23,23,23,23,23,23,23,23,23,23,23,23,55,66,66,66,66,66,66,71,71,71,84,94,102,102,107,107,112,112,112,114,114,128,128,144,144,144,144,144,149,170,170,174,174,174,174,174,177,177,177,177,184,184,184,199,205,205,205,205,205,205,208,208,208,218,224,224,224,224,224,224,224,224,229,229,235,235,235,235,235,237,251,251,254,261,261,261,263,263,271,271,271,274,274,274,274,274,274,274,274,274,277,277,277,277,277,277,277,277,277,277,277,277,277,277,277,277,282,274,264,264,264,264,264,264,264,264,264,264,264,264,254,231,225,225,225,225,225,224,227,227,227,210,206,199,198,194,189,189,189,198,198,204,204,197,188,189,189,189,186,178,169,169,169,169,169,169,168,166,166,166,164,161,161,155,149,148,148,148,148,148,147,145,145,141,133,131,131,131,131,131,131,131,131,128,126,123,123,123,123,122
0,0,0,0,0,0,0,0,0,0,0,0,0,0,0,0,0,0,0,0,0,0,0,0,0,0,0,0,0,0,0,0,0,0,0,0,0,0,0,0,0,0,0,0,0,0,0,0,0,0,0,0,0,0,0,0,0,0,0,0,0,0,0,0,0,0,0,0,0,0,0,0,0,0,0,0,0,0,0,0,0,0,0,0,8,8,13,13,13,18,18,18,25,46,46,78,90,90,90,90,90,90,90,90,90,104,116,120,120,120,120,120,120,120,120,132,138,141,144,144,148,148,148,148,148,148,148,148,153,153,153,157,157,157,161,163,166,166,166,171,171,174,174,174,182,182,182,182,182,182,182,190,193,199,200,200,200,209,214,214,214,217,217,221,227,230,235,235,235,235,242,242,243,243,243,243,243,243,252,252,252,252,252,252,260,260,260,265,265,265,265,279,279,279,279,279,279,279,279,279,279,279,279,279,282,277,277,273,273,274,271,271,271,267,263,243,230,229,229,229,229,229,229,229,229,223,220,210,207,207,207,207,207,207,207,199,194,194,190,190,188,188,188,188,188,188,188,188,187,186,186,186,184,184,184,178,176,175,175,171,171,170,171,171,167,166,166,166,166,166,166,164,160,159,156,156,156,150,146,142,142,140,139,137,136,130,130,127,127,127,122,120,119,119,119,119,119,119,114,113
0,0,0,0,0,0,0,0,0,0,0,0,0,0,0,0,0,0,0,0,0,0,0,0,0,0,0,0,0,0,0,0,0,0,0,0,0,0,0,0,0,0,0,0,0,0,0,0,0,0,0,0,0,0,0,0,0,0,0,0,0,0,0,0,0,0,0,0,0,0,0,0,0,0,0,0,0,0,0,0,0,0,0,0,0,0,0,0,0,0,0,0,0,0,0,0,0,0,0,0,0,0,0,0,0,0,0,0,0,9,9,9,11,11,11,14,14,14,28,28,41,41,41,41,49,52,52,52,52,52,52,52,52,63,63,63,63,63,63,63,66,105,105,116,126,126,136,140,140,140,140,142,145,145,146,146,152,152,152,152,152,156,156,156,156,156,156,156,165,165,170,170,170,170,170,170,170,178,181,181,191,191,191,191,191,191,192,192,193,193,207,208,208,208,208,208,208,208,208,208,211,211,212,212,218,218,218,218,218,218,218,218,220,226,226,234,234,234,234,234,234,234,234,234,234,234,234,234,237,237,228,228,227,227,227,227,229,229,226,225,225,217,217,218,211,210,207,207,207,207,207,207,208,201,198,198,198,198,198,201,205,206,188,189,183,181,174,170,169,169,169,169,166,167,167,166,166,161,161,161,161,157,157,157,157,157,157,157,155,149,146,145,145,145,145,145,145,146,142,141
0,0,0,0,0,0,0,0,0,0,0,0,0,0,0,0,0,0,0,0,0,0,0,0,0,0,0,0,0,0,0,0,0,0,0,0,0,0,0,0,0,0,0,0,0,0,0,0,0,0,0,0,0,0,0,0,0,0,0,0,0,0,0,0,0,0,0,0,0,0,0,0,0,0,0,0,0,0,0,0,0,0,0,0,14,14,14,14,14,14,14,14,14,14,51,51,51,51,100,100,103,103,112,112,112,112,116,116,121,134,134,134,134,134,134,134,138,138,143,173,173,197,214,214,214,220,220,220,220,220,220,220,220,224,224,230,230,230,230,230,234,234,234,234,234,234,240,240,240,247,247,247,251,251,251,251,251,256,262,262,262,265,269,269,269,269,269,275,275,275,278,278,278,278,278,278,288,288,288,288,288,288,289,289,293,293,293,293,293,297,297,297,297,298,298,298,298,298,298,298,298,298,298,298,297,295,295,295,295,295,295,295,295,295,285,267,267,267,243,228,226,225,225,218,219,219,219,221,221,210,206,206,206,206,206,206,206,205,204,194,186,176,153,149,149,147,144,144,144,144,144,144,144,143,140,140,134,134,134,134,131,131,131,133,133,133,133,127,127,123,121,121,118,118,118,118,118,116,111,108,108,108,103,103,103,103,103,98,97,97,95,94,94,94,94,94,93,91,91,91
0,0,0,0,0,0,0,0,0,0,0,0,0,0,0,0,0,0,0,0,0,0,0,0,0,0,0,0,0,0,0,0,0,0,0,0,0,0,0,0,0,0,0,0,0,0,0,0,0,0,0,0,0,0,0,0,0,0,0,0,0,0,0,0,0,0,0,0,0,0,0,0,0,0,0,0,0,0,0,0,0,0,0,0,0,21,21,21,21,21,21,21,41,62,77,77,77,79,79,79,84,84,94,94,108,117,117,129,129,132,132,132,133,139,143,143,143,155,157,157,157,157,157,157,157,162,162,162,162,162,162,163,165,170,170,178,182,194,195,200,200,200,200,200,200,211,211,212,212,217,221,221,233,233,233,233,233,233,233,233,233,233,237,237,237,239,242,242,242,242,242,242,247,247,247,247,256,256,261,261,268,268,268,268,268,268,268,268,268,268,268,272,272,272,272,272,272,272,272,272,272,272,277,277,277,275,261,261,261,261,261,261,268,268,255,252,252,251,250,250,250,245,244,238,236,228,226,226,221,220,218,218,218,217,208,207,207,198,196,196,196,196,196,196,196,196,192,192,192,192,192,193,192,189,189,189,179,171,166,164,164,164,164,164,165,157,154,154,153,150,146,144,139,136,136,136,136,136,136,136,136,136,134,133,133,133,133,131,131,131,131,131,129,126,126,126,126,122,119,119
0,0,0,0,0,0,0,0,0,0,0,0,0,0,0,0,0,0,0,0,0,0,0,0,0,0,0,0,0,0,0,0,0,0,0,0,0,0,0,0,0,0,0,0,0,0,0,0,0,0,0,0,0,0,0,0,0,0,0,0,0,0,0,0,0,0,0,0,0,0,0,0,0,0,0,0,0,0,0,0,0,0,0,0,0,0,0,0,0,0,0,0,16,16,16,16,42,65,65,65,65,65,65,65,71,102,129,129,129,141,145,145,156,166,166,169,171,174,177,177,177,177,177,177,177,177,177,177,177,181,184,184,184,184,192,196,196,196,198,205,205,205,205,205,218,218,235,235,235,235,236,236,236,237,237,237,246,246,255,255,259,259,259,259,259,259,259,259,259,259,259,263,263,263,277,277,281,281,281,289,289,289,292,292,297,297,297,297,297,297,297,297,297,297,298,298,298,298,299,299,299,299,299,299,299,299,299,300,301,301,301,302,302,303,304,305,290,270,266,266,266,266,266,266,268,260,253,233,233,233,221,217,217,205,198,197,194,192,192,192,192,192,192,192,192,192,192,192,192,188,187,189,189,189,185,180,178,178,177,177,173,173,173,173,171,163,156,146,146,146,146,146,146,146,145,145,141,137,128,128,126,124,124,124,124,124,124,124,124,124,124,121,121,121,116,109,108,108,108,103
0,0,0,0,0,0,0,0,0,0,0,0,0,0,0,0,0,0,0,0,0,0,0,0,0,0,0,0,0,0,0,0,0,0,0,0,0,0,0,0,0,0,0,0,0,0,0,0,0,0,0,0,0,0,0,0,0,0,0,0,0,0,0,0,0,0,0,0,0,0,0,0,0,0,0,0,0,0,0,0,0,0,0,0,0,0,0,0,0,0,9,9,9,9,9,9,9,53,65,65,65,65,65,65,75,75,83,83,92,101,101,106,106,112,112,112,115,118,118,118,118,119,119,122,131,133,133,141,141,141,141,149,155,155,157,157,162,169,169,176,182,182,185,187,187,187,187,187,187,187,187,187,187,207,207,207,213,213,217,217,221,221,221,221,221,221,231,231,236,236,236,236,236,236,236,236,236,236,244,247,247,247,257,257,266,266,266,266,266,270,270,270,270,270,270,270,270,271,271,271,271,271,271,275,275,275,275,275,275,275,275,267,267,267,267,267,277,269,228,228,228,228,228,228,230,230,234,237,233,231,222,220,218,215,213,213,212,211,209,209,209,208,208,207,203,198,197,196,195,195,195,192,188,188,187,186,183,176,174,167,167,164,164,161,160,160,161,161,161,161,161,161,161,150,148,148,146,145,141,141,140,138,138,138,138,138,132,131,131,127,127,127,127,127,127,127,127,127,120,117
0,0,0,0,0,0,0,0,0,0,0,0,0,0,0,0,0,0,0,0,0,0,0,0,0,0,0,0,0,0,0,0,0,0,0,0,0,0,0,0,0,0,0,0,0,0,0,0,0,0,0,0,0,0,0,0,0,0,0,0,0,0,0,0,0,0,0,0,0,0,0,0,0,0,0,0,0,0,0,0,0,4,4,4,4,4,4,4,4,4,4,4,4,34,34,96,96,106,123,123,133,140,140,140,143,143,143,143,161,161,161,161,170,174,176,176,176,179,186,186,186,186,186,186,193,193,193,193,193,193,193,193,204,204,209,209,209,209,209,209,214,214,224,224,224,228,228,228,228,228,233,233,233,233,233,244,244,257,265,265,267,267,267,267,267,267,281,287,292,297,297,301,301,307,311,311,311,311,311,311,316,316,316,316,318,318,318,318,318,318,318,318,318,318,318,318,318,318,318,318,318,319,328,328,328,328,328,328,328,328,329,329,329,329,313,282,265,263,246,238,233,228,223,223,223,221,221,221,212,205,205,205,203,192,190,190,190,189,187,184,184,184,184,184,182,178,178,178,178,178,178,180,180,178,177,173,176,176,176,176,173,173,170,166,166,163,162,162,162,162,157,157,157,157,157,149,148,137,132,129,129,128,128,128,128,128,119,114,113,107,103,101,99,97,92,90,90,90,90,90
0,0,0,0,0,0,0,0,0,0,0,0,0,0,0,0,0,0,0,0,0,0,0,0,0,0,0,0,0,0,0,0,0,0,0,0,0,0,0,0,0,0,0,0,0,0,0,0,0,0,0,0,0,0,0,0,0,0,0,0,0,0,0,0,0,0,0,0,0,0,0,0,0,0,0,0,0,0,0,0,0,0,0,0,12,12,21,21,21,21,21,25,25,25,25,25,25,42,49,49,49,49,49,49,49,58,79,79,89,89,105,108,133,133,133,133,133,138,138,138,143,153,153,153,158,158,158,158,158,159,165,165,165,165,165,177,177,177,185,185,185,185,185,185,191,191,191,204,204,209,219,222,229,229,229,233,244,244,244,244,244,244,244,244,244,244,244,244,244,248,248,248,248,248,251,255,264,264,264,264,271,274,274,283,295,298,298,303,310,310,310,316,318,318,318,318,318,318,318,318,318,318,318,318,320,314,306,305,305,305,305,303,303,304,304,304,304,292,287,282,282,282,282,282,282,281,277,262,259,256,241,238,223,214,214,214,214,215,212,212,212,206,202,202,197,197,197,197,197,196,191,192,192,192,192,190,181,181,179,175,175,175,175,175,175,175,175,171,162,162,154,146,145,141,141,138,133,132,132,132,132,132,132,133,133,133,133,133,133,131,130,130,130,130,129,126,116,114,114,114
0,0,0,0,0,0,0,0,0,0,0,0,0,0,0,0,0,0,0,0,0,0,0,0,0,0,0,0,0,0,0,0,0,0,0,0,0,0,0,0,0,0,0,0,0,0,0,0,0,0,0,0,0,0,0,0,0,0,0,0,0,0,0,0,0,0,0,0,0,0,0,0,0,0,0,0,0,0,0,0,0,0,0,0,0,0,0,0,0,0,0,0,19,19,19,47,47,47,66,66,73,73,81,81,81,81,81,81,81,85,85,87,87,93,93,103,103,103,106,106,106,106,106,117,117,117,117,117,136,138,150,152,152,155,155,155,169,169,169,169,169,171,174,188,188,188,188,191,198,198,198,198,198,198,204,204,208,213,213,213,215,215,215,215,220,220,220,234,234,234,234,239,249,249,249,249,249,252,252,252,252,252,252,253,253,257,257,257,268,268,268,268,268,268,268,268,268,270,270,270,270,270,270,270,270,270,270,270,270,270,270,270,276,280,280,260,257,257,251,241,237,235,229,229,229,229,232,232,232,228,228,227,226,225,220,216,215,215,216,219,219,219,219,217,209,209,209,209,205,205,196,196,195,194,192,192,191,179,179,179,183,183,182,177,174,174,174,172,170,166,166,166,166,166,165,161,159,154,154,154,155,153,153,153,152,149,149,144,139,139,139,135,128,125,125,125,125,123,122,122
0,0,0,0,0,0,0,0,0,0,0,0,0,0,0,0,0,0,0,0,0,0,0,0,0,0,0,0,0,0,0,0,0,0,0,0,0,0,0,0,0,0,0,0,0,0,0,0,0,0,0,0,0,0,0,0,0,0,0,0,0,0,0,0,0,0,0,0,0,0,0,0,0,0,0,0,0,0,0,0,0,0,0,0,0,0,0,0,0,0,0,0,0,0,0,0,0,0,0,0,0,0,0,0,0,0,0,0,0,0,0,0,0,0,0,0,3,6,6,6,35,35,35,58,58,58,77,84,84,93,93,93,96,96,96,96,96,96,96,115,115,119,119,121,121,121,127,127,127,135,135,135,139,150,150,161,161,171,173,173,173,175,182,182,182,182,182,182,182,189,197,197,197,197,201,201,208,208,208,208,208,208,208,208,212,212,212,212,212,212,217,223,229,229,229,229,229,229,229,229,230,235,235,235,235,235,236,237,237,237,237,237,237,241,241,241,241,242,242,242,242,242,243,243,243,243,243,243,243,243,243,244,244,244,244,244,244,245,246,246,242,231,231,223,212,213,202,191,191,189,186,187,188,187,187,187,187,187,187,180,183,184,182,181,181,181,179,178,178,173,171,171,169,169,169,165,160,154,149,148,148,147,144,140,140,140,140,140,140,139,132,126,126,126,123,123,121,121,121,122
0,0,0,0,0,0,0,0,0,0,0,0,0,0,0,0,0,0,0,0,0,0,0,0,0,0,0,0,0,0,0,0,0,0,0,0,0,0,0,0,0,0,0,0,0,0,0,0,0,0,0,0,0,0,0,0,0,0,0,0,0,0,0,0,0,0,0,0,0,0,0,0,0,0,0,0,0,0,0,0,0,0,0,0,0,0,0,0,0,0,0,0,0,0,0,0,0,22,22,22,22,22,22,22,39,39,46,65,65,96,103,114,114,123,132,132,144,144,144,144,144,144,144,144,144,148,148,151,152,152,152,164,169,169,169,169,169,172,172,177,180,184,184,184,184,184,189,189,192,192,192,192,192,192,195,195,195,202,202,212,212,221,221,221,221,227,227,227,235,235,238,243,247,247,247,247,254,254,254,254,254,254,256,259,259,259,259,259,271,271,271,281,281,281,281,282,282,282,282,282,284,284,293,293,293,293,293,293,293,293,293,293,293,293,295,296,296,282,276,276,276,276,276,276,282,280,278,274,267,250,232,226,221,218,208,204,202,193,193,193,193,193,193,193,193,193,190,189,187,187,187,183,180,178,178,178,178,176,175,175,171,167,166,166,166,166,162,161,159,158,159,159,159,160,160,158,158,153,151,147,143,142,136,136,136,133,131,131,131,124,124,117,116,112,112,113,112,110,110,110
0,0,0,0,0,0,0,0,0,0,0,0,0,0,0,0,0,0,0,0,0,0,0,0,0,0,0,0,0,0,0,0,0,0,0,0,0,0,0,0,0,0,0,0,0,0,0,0,0,0,0,0,0,0,0,0,0,0,0,0,0,0,0,0,0,0,0,0,0,0,0,0,0,0,0,0,0,0,0,0,0,0,0,0,0,0,0,0,0,0,0,0,0,0,0,0,0,0,0,0,0,0,0,0,0,0,0,0,0,0,0,0,0,0,3,3,3,3,3,3,3,3,3,3,3,3,3,3,3,3,3,22,22,22,22,22,34,40,50,50,50,50,62,90,90,90,120,145,145,145,148,148,148,148,148,148,153,153,153,153,153,153,163,163,163,163,163,163,171,171,187,187,187,187,187,187,195,195,195,195,204,209,209,209,209,218,218,218,225,234,238,238,238,238,238,238,238,239,239,239,239,242,242,242,242,242,242,242,242,242,242,242,242,244,244,244,247,248,248,248,248,248,248,248,248,248,249,249,249,249,249,249,249,249,248,246,246,251,251,251,251,251,251,252,253,253,253,254,254,254,258,280,277,278,280,280,278,262,258,254,254,254,248,228,226,226,208,186,173,173,172,170,170,170,170,170,167,166,166,166,166,166,163,159,159,159,159,159,156,153,152,138,138,138,138,138,138,137,137,140
0,0,0,0,0,0,0,0,0,0,0,0,0,0,0,0,0,0,0,0,0,0,0,0,0,0,0,0,0,0,0,0,0,0,0,0,0,0,0,0,0,0,0,0,0,0,0,0,0,0,0,0,0,0,0,0,0,0,0,0,0,0,0,0,0,0,0,0,0,0,0,0,0,0,0,0,0,0,0,0,0,0,5,5,5,8,8,8,8,8,11,11,11,11,11,11,11,23,23,23,23,23,23,23,46,60,60,60,60,86,112,127,127,127,127,137,137,137,137,151,151,151,162,162,162,162,162,162,162,168,173,173,173,173,173,173,173,173,173,183,183,188,192,192,197,199,199,199,199,199,210,213,213,213,213,213,227,227,235,235,235,235,235,235,235,239,239,239,241,241,241,241,241,243,243,247,247,247,247,251,251,251,256,256,265,265,265,265,265,265,265,265,265,266,266,266,266,266,266,266,267,268,280,280,282,282,279,279,279,280,279,277,277,278,279,279,279,274,269,269,269,269,269,269,263,267,262,262,262,243,230,206,200,200,200,194,193,193,193,190,186,186,185,175,175,175,175,175,175,175,169,167,167,167,167,167,167,167,167,161,158,156,151,150,149,146,144,144,144,144,139,135,135,135,135,135,135,133,133,126,126,126,126,126,126,126,124,124,123,123,123,123,123,123,122,121,122,123,123,123
0,0,0,0,0,0,0,0,0,0,0,0,0,0,0,0,0,0,0,0,0,0,0,0,0,0,0,0,0,0,0,0,0,0,0,0,0,0,0,0,0,0,0,0,0,0,0,0,0,0,0,0,0,0,0,0,0,0,0,0,0,0,0,0,0,0,0,0,0,0,0,0,0,0,0,0,0,0,0,0,0,0,0,0,0,20,20,20,33,43,54,54,54,54,61,73,73,74,74,74,74,74,74,80,89,102,113,113,130,130,130,146,149,149,149,157,157,157,160,160,165,165,165,165,165,175,179,179,179,179,186,186,186,186,190,192,192,199,203,203,206,206,212,228,228,228,228,239,242,244,244,250,250,250,250,253,253,253,253,253,253,253,253,253,253,259,259,259,263,263,267,267,267,267,267,267,272,272,272,272,272,272,272,272,283,289,293,293,293,293,293,308,308,308,308,308,308,308,308,308,308,309,309,309,309,303,294,294,286,274,272,265,265,265,267,266,262,262,261,261,261,261,261,257,259,257,246,243,235,233,233,225,218,217,217,214,210,210,208,207,204,204,204,204,204,202,195,193,193,193,188,187,187,187,186,183,181,181,171,170,170,170,171,166,161,161,161,154,148,146,146,141,141,141,141,139,138,138,138,138,138,138,138,138,138,137,134,134,133,130,130,126,126,126,126,126,126,126,126,126
0,0,0,0,0,0,0,0,0,0,0,0,0,0,0,0,0,0,0,0,0,0,0,0,0,0,0,0,0,0,0,0,0,0,0,0,0,0,0,0,0,0,0,0,0,0,0,0,0,0,0,0,0,0,0,0,0,0,0,0,0,0,0,0,0,0,0,0,0,0,0,0,0,0,0,0,0,0,0,0,0,0,0,0,0,0,0,0,0,0,0,0,0,0,0,0,0,0,1,1,1,1,1,1,1,1,1,1,1,1,1,1,1,1,1,1,1,1,1,1,3,3,3,3,29,31,31,47,47,47,47,65,78,78,84,91,91,116,116,128,128,139,142,142,142,142,142,142,148,148,148,148,148,148,148,156,160,160,167,186,187,192,192,193,193,193,196,200,201,201,206,206,206,206,206,206,206,214,221,221,227,229,236,236,238,238,238,240,240,240,240,240,240,240,240,240,240,240,240,243,244,244,244,244,244,244,244,245,245,245,245,245,245,245,248,248,248,248,247,247,247,247,247,247,247,247,247,250,251,251,251,251,251,252,252,252,252,252,253,253,254,252,252,253,230,226,226,218,233,233,233,234,229,216,216,206,206,196,187,186,179,174,167,167,167,167,167,167,164,161,161,161,161,161,161,158,155,153,153,140,131,127,126,125,125,125,122,122,122,122,119,118,118,118,118,118,118,113,110,109
0,0,0,0,0,0,0,0,0,0,0,0,0,0,0,0,0,0,0,0,0,0,0,0,0,0,0,0,0,0,0,0,0,0,0,0,0,0,0,0,0,0,0,0,0,0,0,0,0,0,0,0,0,0,0,0,0,0,0,0,0,0,0,0,0,0,0,0,0,0,0,0,0,0,0,0,0,0,0,0,0,1,1,1,1,5,7,7,7,7,7,7,7,32,32,52,68,86,94,98,98,104,104,104,109,111,111,111,111,111,111,111,123,123,123,123,123,123,129,129,129,129,139,148,148,160,160,160,169,169,169,169,175,178,181,189,189,189,189,189,193,198,198,198,201,201,206,206,206,216,220,225,228,228,228,228,228,231,231,231,231,231,245,245,245,253,253,253,262,269,273,273,273,273,273,273,273,273,273,273,273,273,273,273,273,275,293,296,301,301,301,301,301,301,301,301,301,301,301,301,301,301,301,301,301,301,296,296,296,296,296,296,296,293,282,282,265,252,239,235,232,228,226,226,230,226,226,226,226,226,226,226,218,216,216,216,216,216,215,215,215,215,213,204,197,195,189,189,187,185,185,185,182,178,174,168,166,166,166,166,165,162,159,159,158,157,155,152,152,144,141,134,133,132,132,132,132,131,130,130,130,130,123,117,117,111,111,111,110,106,101,101,101,101,101,101,101,101,101,101
0,0,0,0,0,0,0,0,0,0,0,0,0,0,0,0,0,0,0,0,0,0,0,0,0,0,0,0,0,0,0,0,0,0,0,0,0,0,0,0,0,0,0,0,0,0,0,0,0,0,0,0,0,0,0,0,0,0,0,0,0,0,0,0,0,0,0,0,0,0,0,0,0,0,0,0,0,0,0,0,0,0,0,14,14,14,14,14,14,14,17,17,17,17,17,17,29,29,29,31,31,31,31,31,31,52,52,60,72,72,72,72,72,78,78,78,78,105,117,117,117,117,117,117,151,151,151,151,151,161,161,175,175,175,182,185,185,199,206,206,212,212,221,226,228,228,228,233,233,233,233,233,233,233,240,240,240,240,246,246,253,255,255,255,255,255,259,265,269,271,271,271,271,271,271,271,281,281,281,281,281,281,282,282,282,282,291,291,295,295,295,295,295,295,295,295,295,295,295,295,295,295,295,295,295,295,295,295,295,295,293,292,292,292,292,292,287,287,287,287,285,285,285,285,285,284,283,282,279,268,268,268,268,265,262,262,262,252,240,235,235,235,235,235,226,202,202,202,202,195,195,191,186,186,187,181,178,178,164,158,156,155,148,146,143,143,143,141,139,140,140,140,140,140,139,136,136,137,133,131,127,124,122,122,122,122,118,113,113,108,107,107,107,107,107,107,105,103,103,104
0,0,0,0,0,0,0,0,0,0,0,0,0,0,0,0,0,0,0,0,0,0,0,0,0,0,0,0,0,0,0,0,0,0,0,0,0,0,0,0,0,0,0,0,0,0,0,0,0,0,0,0,0,0,0,0,0,0,0,0,0,0,0,0,0,0,0,0,0,0,0,0,0,0,0,0,0,0,0,0,0,0,0,0,0,0,0,0,0,0,0,0,0,0,0,0,0,0,0,0,0,0,0,0,0,0,0,2,2,2,14,24,24,24,24,32,32,40,40,40,40,52,52,52,53,53,59,59,59,59,69,69,69,76,76,80,80,80,80,80,80,80,100,107,117,117,133,133,138,138,153,153,153,153,153,161,161,161,161,161,161,161,161,172,172,180,180,180,181,181,181,181,181,191,191,202,202,206,213,213,213,213,218,218,218,218,218,223,223,223,223,224,224,224,224,224,224,224,224,224,228,228,228,230,230,230,230,230,230,230,230,231,231,231,231,236,236,236,237,237,238,238,238,238,238,238,239,245,245,245,237,234,226,226,226,227,229,227,226,226,227,219,218,218,218,217,217,214,214,214,214,207,207,206,201,198,197,197,197,198,198,198,204,198,195,188,174,173,169,169,157,156,156,156,156,159,159,159,159,159,159,159,159,155,148,146,146,146,148,148,148,148,149,146,140,138,131,129,127,125
0,0,0,0,0,0,0,0,0,0,0,0,0,0,0,0,0,0,0,0,0,0,0,0,0,0,0,0,0,0,0,0,0,0,0,0,0,0,0,0,0,0,0,0,0,0,0,0,0,0,0,0,0,0,0,0,0,0,0,0,0,0,0,0,0,0,0,0,0,0,0,0,0,0,0,0,0,0,0,0,0,0,0,0,0,0,0,0,18,18,18,18,18,18,18,18,40,61,61,61,61,61,61,61,61,61,61,61,61,75,89,89,100,100,100,100,106,110,148,148,162,181,183,183,183,189,196,196,201,201,202,202,210,210,210,217,217,217,217,217,217,217,217,217,217,220,220,220,227,227,232,232,238,238,238,238,238,246,248,248,248,253,262,262,262,262,262,262,262,267,290,295,295,295,300,300,300,300,300,300,300,328,328,329,333,337,337,337,346,346,346,346,346,346,346,346,346,346,346,346,347,347,347,347,347,347,347,347,340,330,330,330,330,330,330,330,325,304,296,296,296,296,296,296,296,296,296,296,296,292,273,270,262,262,262,262,261,261,243,228,223,205,201,200,200,199,190,190,189,188,189,189,188,183,183,181,177,177,177,177,177,177,177,177,177,175,174,174,171,167,162,162,163,160,160,160,160,154,152,152,152,148,145,140,140,140,140,140,140,140,128,113,110,110,110,106,106,106,106,106
0,0,0,0,0,0,0,0,0,0,0,0,0,0,0,0,0,0,0,0,0,0,0,0,0,0,0,0,0,0,0,0,0,0,0,0,0,0,0,0,0,0,0,0,0,0,0,0,0,0,0,0,0,0,0,0,0,0,0,0,0,0,0,0,0,0,0,0,0,0,0,0,0,0,0,0,0,0,0,0,0,5,5,7,7,9,9,9,18,18,18,18,18,25,42,50,66,71,79,79,79,79,79,79,92,100,100,100,115,115,115,122,122,126,126,126,126,128,133,133,143,143,143,143,143,143,143,143,143,151,156,156,156,160,160,167,167,167,167,167,174,174,174,174,174,174,180,180,184,184,194,211,211,211,211,211,211,213,213,222,222,222,222,222,227,227,227,235,235,235,242,244,253,253,253,255,255,260,260,260,266,266,266,267,267,267,267,267,273,273,282,282,282,282,282,282,282,282,282,282,282,294,293,295,295,295,293,293,292,285,285,285,285,285,277,277,265,256,251,246,246,246,246,246,240,237,231,231,223,218,218,213,211,211,208,208,208,206,205,203,204,195,195,195,195,195,195,195,195,191,189,189,189,188,186,182,179,179,179,179,178,174,174,174,174,174,168,168,166,164,156,149,145,145,145,145,145,144,143,138,135,135,136,136,135,133,133,131,130,130,130,123,118,114,114,115,115,113,113,113
0,0,0,0,0,0,0,0,0,0,0,0,0,0,0,0,0,0,0,0,0,0,0,0,0,0,0,0,0,0,0,0,0,0,0,0,0,0,0,0,0,0,0,0,0,0,0,0,0,0,0,0,0,0,0,0,0,0,0,0,0,0,0,0,0,0,0,0,0,0,0,0,0,0,0,0,0,0,0,0,0,0,0,0,0,0,19,19,19,19,19,19,36,47,56,62,93,104,104,104,108,108,122,122,122,122,122,122,132,132,139,140,145,145,147,147,147,147,151,151,151,158,158,158,158,158,158,158,158,158,172,172,189,196,196,196,196,196,196,201,205,205,205,227,227,227,231,231,231,231,231,237,237,237,242,254,254,254,254,254,261,272,272,272,272,272,272,276,276,276,282,284,284,286,291,296,301,304,307,307,307,307,309,309,309,309,309,316,316,316,316,316,316,316,316,316,316,316,316,316,316,316,316,318,320,320,307,303,303,303,303,303,307,296,291,284,263,257,250,250,248,247,241,234,234,234,234,235,235,226,222,219,214,213,211,211,211,211,214,214,214,207,207,207,207,207,207,208,208,208,197,195,187,178,176,176,176,176,176,176,174,172,172,169,155,155,153,151,151,151,151,145,145,145,143,134,131,131,131,131,127,118,116,116,116,116,116,114,113,113,111,108,106,104,102,94,91,88,85,85
0,0,0,0,0,0,0,0,0,0,0,0,0,0,0,0,0,0,0,0,0,0,0,0,0,0,0,0,0,0,0,0,0,0,0,0,0,0,0,0,0,0,0,0,0,0,0,0,0,0,0,0,0,0,0,0,0,0,0,0,0,0,0,0,0,0,0,0,0,0,0,0,0,0,0,0,0,0,0,0,0,0,0,0,12,12,18,18,26,31,31,38,38,55,55,55,69,79,79,89,89,89,89,89,89,89,97,97,98,100,115,115,128,128,128,133,140,140,144,144,144,145,145,145,145,145,145,149,159,169,174,174,174,174,174,174,174,174,184,184,193,193,199,199,206,217,217,217,221,230,230,230,230,230,230,230,230,230,230,230,234,245,245,249,255,255,255,255,255,255,255,255,255,259,259,259,259,272,272,272,272,272,272,272,276,276,276,276,276,276,276,283,292,292,292,292,292,292,292,292,292,292,292,292,299,293,293,288,280,277,276,276,281,277,275,275,273,256,253,250,245,246,246,246,246,246,247,248,249,249,239,232,225,219,219,219,216,214,214,214,214,214,214,214,214,214,214,213,205,199,191,190,191,191,191,191,191,191,190,181,177,173,169,168,165,156,151,151,151,142,138,138,138,138,138,138,138,138,138,138,136,129,124,121,120,120,120,120,120,120,120,120,120,120,116,116,116,110,106,106
0,0,0,0,0,0,0,0,0,0,0,0,0,0,0,0,0,0,0,0,0,0,0,0,0,0,0,0,0,0,0,0,0,0,0,0,0,0,0,0,0,0,0,0,0,0,0,0,0,0,0,0,0,0,0,0,0,0,0,0,0,0,0,0,0,0,0,0,0,0,0,0,0,0,0,0,0,0,0,0,0,0,0,0,0,0,0,0,0,0,0,0,0,0,0,4,4,4,4,4,4,4,8,8,8,8,29,45,45,45,45,57,57,58,58,58,58,58,58,68,68,68,70,70,70,70,70,70,70,70,90,90,117,132,132,132,142,142,146,151,151,151,155,174,179,179,184,193,197,198,202,202,202,202,202,209,212,212,212,212,212,212,217,217,217,225,225,235,235,235,235,235,239,246,246,246,246,246,246,246,246,246,249,249,253,253,257,257,261,261,261,268,268,268,268,268,268,268,268,268,275,275,281,281,281,281,281,281,281,281,281,281,281,281,282,289,288,288,288,288,288,288,284,284,284,284,282,271,263,263,263,263,251,250,250,250,250,250,250,249,247,247,245,246,246,246,246,246,246,246,247,244,241,209,208,208,206,200,197,194,193,193,193,178,176,175,171,168,159,159,155,154,154,154,154,152,149,146,146,146,146,146,145,142,142,142,138,135,134,134,134,134,132,125,125,125,125,125,125,125
0,0,0,0,0,0,0,0,0,0,0,0,0,0,0,0,0,0,0,0,0,0,0,0,0,0,0,0,0,0,0,0,0,0,0,0,0,0,0,0,0,0,0,0,0,0,0,0,0,0,0,0,0,0,0,0,0,0,0,0,0,0,0,0,0,0,0,0,0,0,0,0,0,0,0,0,0,0,0,0,0,0,0,0,0,0,0,0,5,5,5,5,14,14,42,67,67,99,102,124,124,124,139,144,150,158,158,158,158,158,158,165,165,167,178,178,178,183,183,183,183,183,183,183,183,193,197,197,197,198,200,200,206,209,209,216,216,216,216,216,224,231,237,238,242,244,248,248,248,248,248,248,248,248,248,248,248,248,248,248,251,251,259,259,265,272,275,279,279,288,290,290,292,292,292,298,298,298,298,298,298,298,304,304,310,318,318,318,318,318,318,319,319,319,319,319,319,319,319,319,319,319,320,320,320,320,321,321,317,317,317,317,321,318,317,303,286,267,256,253,234,234,223,216,212,212,209,209,209,209,209,208,202,202,199,190,190,188,188,188,188,188,188,188,188,179,180,178,178,177,177,176,176,169,167,164,160,160,160,160,159,156,146,146,146,143,142,138,138,138,138,138,138,138,139,139,139,139,139,139,136,136,137,130,129,125,124,122,122,118,112,111,111,109,109,104,103,103,103,103
0,0,0,0,0,0,0,0,0,0,0,0,0,0,0,0,0,0,0,0,0,0,0,0,0,0,0,0,0,0,0,0,0,0,0,0,0,0,0,0,0,0,0,0,0,0,0,0,0,0,0,0,0,0,0,0,0,0,0,0,0,0,0,0,0,0,0,0,0,0,0,0,0,0,0,0,0,0,0,0,0,0,0,0,0,0,0,7,7,7,7,7,7,7,10,10,28,28,54,54,62,62,62,62,62,62,62,64,64,64,66,66,72,72,72,72,72,72,72,72,126,126,138,138,146,146,149,149,149,149,159,168,169,173,175,187,187,187,187,187,187,191,191,201,201,206,209,209,209,209,209,209,209,224,224,224,224,233,233,235,235,235,235,241,241,241,244,244,247,247,247,247,247,247,247,247,247,247,252,252,252,262,271,271,271,277,281,281,281,281,281,281,288,288,288,288,288,288,288,288,289,289,289,294,294,294,294,292,288,288,288,288,288,291,295,296,290,285,269,260,259,253,253,253,253,253,253,253,252,253,251,251,251,246,246,246,246,247,248,248,241,219,209,209,203,203,200,200,200,200,199,191,187,184,181,176,170,170,170,170,170,170,170,171,168,165,164,161,161,161,161,161,161,156,153,153,153,153,145,145,143,143,143,139,137,137,134,134,135,134,134,134,134,134,134,134,134,134,131,130
0,0,0,0,0,0,0,0,0,0,0,0,0,0,0,0,0,0,0,0,0,0,0,0,0,0,0,0,0,0,0,0,0,0,0,0,0,0,0,0,0,0,0,0,0,0,0,0,0,0,0,0,0,0,0,0,0,0,0,0,0,0,0,0,0,0,0,0,0,0,0,0,0,0,0,0,0,0,0,0,0,0,0,0,13,13,13,13,23,23,26,26,33,33,51,51,51,67,67,67,78,82,82,94,94,94,98,98,110,110,110,110,110,110,110,113,118,132,132,133,133,133,139,144,144,144,144,176,176,192,192,192,198,198,198,203,203,207,207,207,213,213,213,218,218,223,223,236,236,239,239,239,239,244,244,244,244,244,244,249,252,258,258,258,258,258,261,261,261,261,267,267,267,271,271,271,280,286,286,286,291,291,296,296,298,298,298,298,298,305,308,308,311,311,311,311,311,311,311,311,311,311,311,311,320,311,311,311,301,301,300,299,300,300,301,290,290,284,274,274,267,265,262,257,257,257,257,254,248,243,243,243,243,243,243,241,238,234,225,225,224,224,220,215,213,213,213,204,185,178,175,175,171,170,170,166,166,165,162,162,158,158,158,156,157,155,153,149,140,137,137,137,137,138,135,135,135,135,135,130,130,124,122,122,122,122,119,119,119,119,115,113,113,111,109,109,105,105,103,103
0,0,0,0,0,0,0,0,0,0,0,0,0,0,0,0,0,0,0,0,0,0,0,0,0,0,0,0,0,0,0,0,0,0,0,0,0,0,0,0,0,0,0,0,0,0,0,0,0,0,0,0,0,0,0,0,0,0,0,0,0,0,0,0,0,0,0,0,0,0,0,0,0,0,0,0,0,0,0,0,0,0,0,0,0,0,0,0,0,0,9,19,19,43,70,88,114,123,123,123,123,137,147,147,150,150,150,156,156,160,160,160,160,160,167,167,167,176,185,185,190,190,194,199,199,199,199,206,211,211,211,211,221,221,221,226,226,232,232,232,232,240,240,249,249,253,253,253,253,253,253,253,253,253,253,259,272,272,282,282,282,285,285,290,290,292,292,292,296,296,301,301,301,301,301,301,301,301,301,301,301,301,301,301,301,301,301,301,301,301,301,313,313,313,313,313,313,313,313,313,316,316,316,316,316,316,316,316,316,316,308,308,309,306,286,273,258,239,231,231,231,226,214,211,210,209,209,207,206,205,202,202,202,202,199,198,198,199,188,187,185,183,183,178,176,176,176,170,167,166,166,166,161,160,160,159,155,149,149,149,149,149,142,140,138,135,135,135,135,135,136,136,136,136,136,134,126,121,113,112,112,111,109,107,106,106,104,104,104,100,99,98,98,98,98,98,98,98,98,98
0,0,0,0,0,0,0,0,0,0,0,0,0,0,0,0,0,0,0,0,0,0,0,0,0,0,0,0,0,0,0,0,0,0,0,0,0,0,0,0,0,0,0,0,0,0,0,0,0,0,0,0,0,0,0,0,0,0,0,0,0,0,0,0,0,0,0,0,0,0,0,0,0,0,0,0,0,0,0,0,0,0,0,0,0,0,0,0,0,0,0,0,0,0,0,0,0,0,0,0,0,0,0,0,0,0,0,0,0,11,11,11,11,11,11,19,24,24,24,24,52,52,52,52,86,86,100,100,113,128,128,138,151,151,156,156,156,171,171,171,171,171,171,173,173,173,173,173,173,173,180,180,183,187,195,195,195,195,195,195,195,195,206,216,216,216,216,216,219,219,237,237,237,237,237,244,244,244,244,244,249,249,249,269,269,269,269,273,284,284,284,284,286,286,286,287,287,287,287,287,287,289,289,289,289,289,289,289,289,289,289,289,289,290,291,292,295,295,295,295,295,295,295,295,295,295,295,299,299,299,289,289,289,289,289,284,297,297,297,297,295,274,274,274,266,246,246,237,237,227,220,214,204,203,201,198,198,188,186,186,186,186,186,186,185,185,185,185,185,185,185,179,179,178,169,169,169,169,169,169,169,169,160,150,150,150,150,150,149,148,144,132,132,132,132,125,125,125,125,125
0,0,0,0,0,0,0,0,0,0,0,0,0,0,0,0,0,0,0,0,0,0,0,0,0,0,0,0,0,0,0,0,0,0,0,0,0,0,0,0,0,0,0,0,0,0,0,0,0,0,0,0,0,0,0,0,0,0,0,0,0,0,0,0,0,0,0,0,0,0,0,0,0,0,0,0,0,0,0,0,4,4,4,4,8,8,14,14,14,14,14,14,14,14,14,39,39,39,39,39,48,53,53,59,66,77,79,79,110,110,110,110,110,121,124,127,127,127,127,127,127,127,127,127,130,134,134,134,138,146,149,151,158,165,165,165,175,175,175,175,175,179,179,184,184,184,184,184,184,184,184,184,184,184,192,199,199,201,205,205,205,225,225,225,225,231,231,231,231,231,241,241,241,252,252,252,252,252,252,252,257,257,262,262,262,262,266,272,272,272,272,272,272,272,272,272,272,272,272,272,274,272,273,273,275,271,268,265,265,265,265,265,268,268,268,268,264,264,264,265,263,256,254,251,250,247,241,240,233,217,217,217,217,217,208,204,205,205,205,205,205,205,205,205,203,201,199,199,198,195,194,192,192,181,179,179,175,170,172,172,172,171,170,169,168,168,168,168,168,168,168,168,168,168,162,161,159,159,153,155,155,147,136,136,136,135,132,132,132,132,127,123,123,117,114,115,115,115,115,115
0,0,0,0,0,0,0,0,0,0,0,0,0,0,0,0,0,0,0,0,0,0,0,0,0,0,0,0,0,0,0,0,0,0,0,0,0,0,0,0,0,0,0,0,0,0,0,0,0,0,0,0,0,0,0,0,0,0,0,0,0,0,0,0,0,0,0,0,0,0,0,0,0,0,0,0,0,0,0,0,0,0,0,0,0,0,0,3,3,3,3,3,3,3,3,3,3,12,12,45,45,47,47,54,56,56,69,70,70,88,88,103,103,103,107,107,107,107,113,113,113,117,128,136,136,144,144,144,144,144,153,153,153,153,153,153,159,159,159,164,184,192,192,203,203,203,203,206,212,212,212,219,219,222,222,222,222,224,224,224,226,231,233,234,234,243,243,243,243,243,243,243,245,256,256,256,256,256,256,256,262,262,266,273,273,273,277,277,277,277,277,285,285,285,285,285,285,285,285,285,285,285,285,287,288,288,288,288,285,285,285,286,286,286,286,286,286,280,279,255,249,247,247,242,245,246,246,251,252,236,235,233,220,220,220,217,217,217,216,212,212,209,202,197,192,186,185,185,185,185,182,181,181,181,181,182,179,176,176,175,162,152,150,145,143,143,143,143,135,134,134,129,128,128,126,126,126,126,124,124,123,121,116,114,114,112,110,110,110,110,110,110,109,107,101,101,101,101,101,101
0,0,0,0,0,0,0,0,0,0,0,0,0,0,0,0,0,0,0,0,0,0,0,0,0,0,0,0,0,0,0,0,0,0,0,0,0,0,0,0,0,0,0,0,0,0,0,0,0,0,0,0,0,0,0,0,0,0,0,0,0,0,0,0,0,0,0,0,0,0,0,0,0,0,0,0,0,0,0,0,0,4,4,4,4,4,4,4,4,4,10,16,16,16,16,16,32,48,48,48,67,82,82,82,108,108,112,112,122,122,130,130,130,131,131,131,141,141,141,141,141,141,142,142,152,152,152,152,158,163,163,163,163,167,167,171,173,173,186,191,194,194,195,199,202,204,206,206,206,206,206,211,211,215,215,218,218,226,226,228,228,228,228,232,239,244,250,256,256,256,256,256,262,262,262,262,262,265,265,270,271,271,271,271,277,277,277,277,277,283,283,283,283,283,283,284,284,284,284,284,284,284,285,285,288,288,288,288,288,288,282,279,278,278,278,278,278,250,251,251,238,228,221,221,221,218,218,215,212,207,206,201,201,200,200,200,200,195,195,195,195,195,195,194,188,184,184,184,184,181,179,180,180,179,176,174,172,171,160,160,158,158,157,155,152,151,149,148,148,148,148,147,146,145,142,141,141,133,133,131,131,131,131,130,127,122,119,114,111,111,111,111,110,105,105,105,105,103,102,100
0,0,0,0,0,0,0,0,0,0,0,0,0,0,0,0,0,0,0,0,0,0,0,0,0,0,0,0,0,0,0,0,0,0,0,0,0,0,0,0,0,0,0,0,0,0,0,0,0,0,0,0,0,0,0,0,0,0,0,0,0,0,0,0,0,0,0,0,0,0,0,0,0,0,0,0,0,2,2,2,2,2,2,2,2,2,2,2,2,2,2,2,2,2,2,2,2,2,2,2,2,2,2,2,2,2,2,2,2,2,2,2,2,2,2,2,2,2,2,2,2,2,2,2,2,2,2,2,2,2,2,2,2,12,12,12,12,15,15,26,26,26,26,26,43,63,63,86,94,94,94,94,106,106,108,108,124,126,132,132,132,132,132,136,136,136,138,138,138,138,138,138,140,140,147,147,147,152,152,152,153,153,153,153,153,153,153,166,166,171,171,171,171,171,171,171,171,169,170,170,170,170,170,170,171,171,171,171,171,171,171,171,172,172,179,179,184,184,184,184,184,184,184,184,184,184,187,187,191,192,192,192,193,193,193,193,193,193,193,193,193,193,193,193,193,193,193,194,195,195,195,195,197,193,190,190,190,188,187,188,199,202,202,202,202,175,172,163,152,148,148,149,150,155,155,156,163,150,145,144,144,144,144,141,141,141,142,141,141,141,141,142,140,140,135,135,135,135,134,134
0,0,0,0,0,0,0,0,0,0,0,0,0,0,0,0,0,0,0,0,0,0,0,0,0,0,0,0,0,0,0,0,0,0,0,0,0,0,0,0,0,0,0,0,0,0,0,0,0,0,0,0,0,0,0,0,0,0,0,0,0,0,0,0,0,0,0,0,0,0,0,0,0,0,0,0,0,0,0,0,0,0,0,0,0,0,0,0,0,0,0,0,0,0,0,5,5,5,5,5,5,5,5,5,5,21,21,21,30,56,56,56,70,70,70,70,70,70,82,82,82,100,100,100,103,103,103,103,115,132,132,132,147,147,147,147,151,151,151,151,151,156,172,172,175,175,175,181,184,187,187,191,198,198,198,198,198,200,203,203,203,203,203,206,206,206,210,210,219,219,226,226,226,226,226,226,235,238,238,238,242,242,242,242,242,242,242,242,242,242,244,244,247,247,247,247,247,247,247,247,248,248,248,249,249,249,249,249,250,250,250,250,250,250,250,257,258,259,259,259,259,259,259,259,259,260,256,256,263,253,236,236,227,224,224,225,225,225,227,221,221,211,205,205,205,204,205,205,202,182,180,180,173,170,170,170,169,168,169,169,169,169,167,160,158,157,157,151,148,146,145,142,142,135,135,135,135,133,131,130,130,130,130,127,127,127,126,126,123,119,117,113,113,113,113,113,107,106,106,106
0,0,0,0,0,0,0,0,0,0,0,0,0,0,0,0,0,0,0,0,0,0,0,0,0,0,0,0,0,0,0,0,0,0,0,0,0,0,0,0,0,0,0,0,0,0,0,0,0,0,0,0,0,0,0,0,0,0,0,0,0,0,0,0,0,0,0,0,0,0,0,0,0,0,0,0,0,0,0,0,0,0,0,0,10,10,10,25,25,25,25,26,26,26,26,26,26,26,45,45,45,47,47,47,47,47,47,47,64,64,73,73,81,82,82,82,82,89,95,95,95,95,95,99,99,99,99,99,99,99,99,99,99,99,109,110,120,125,125,125,125,142,147,147,147,147,149,153,163,163,163,171,171,180,187,187,190,190,190,192,201,201,201,201,201,210,210,215,215,218,222,222,222,222,222,222,222,222,222,226,226,235,235,237,243,243,243,243,243,245,245,245,245,245,245,245,245,245,245,245,245,245,245,245,248,244,244,239,229,229,229,229,229,229,229,230,230,230,228,215,215,215,213,213,213,213,213,214,222,216,213,207,202,199,198,198,198,203,205,204,205,205,205,204,202,202,202,202,203,203,204,204,204,204,201,193,189,183,180,180,180,171,171,169,169,169,168,167,159,154,154,154,148,143,141,138,137,136,136,135,133,126,126,126,126,126,126,125,126,126,122,121,121,121,121,121,121,121,121,124
0,0,0,0,0,0,0,0,0,0,0,0,0,0,0,0,0,0,0,0,0,0,0,0,0,0,0,0,0,0,0,0,0,0,0,0,0,0,0,0,0,0,0,0,0,0,0,0,0,0,0,0,0,0,0,0,0,0,0,0,0,0,0,0,0,0,0,0,0,0,0,0,0,0,0,0,0,0,0,0,0,0,0,0,0,0,0,0,0,0,0,0,0,0,38,38,64,78,78,78,93,93,93,109,109,109,109,116,117,117,117,117,117,117,117,117,117,117,117,117,117,117,117,117,176,199,199,199,207,210,212,212,220,220,224,224,224,227,250,250,250,250,259,263,270,270,273,273,273,273,273,273,276,276,276,279,279,279,279,279,284,288,293,293,293,299,299,303,303,303,308,313,313,313,313,318,318,322,322,322,323,323,323,323,323,323,323,326,326,326,326,328,332,332,332,332,332,332,333,333,333,333,333,334,334,334,334,334,334,335,335,335,335,335,332,310,300,278,275,275,270,260,260,253,246,247,247,246,252,251,251,251,251,251,251,251,251,251,251,251,251,251,251,251,223,185,177,177,177,173,172,172,166,165,161,161,161,161,148,141,141,141,132,130,127,125,124,122,122,122,122,124,124,124,124,123,121,121,121,121,121,117,112,109,109,108,104,104,101,101,98,95,91,91,91,86,86,84,83,83
0,0,0,0,0,0,0,0,0,0,0,0,0,0,0,0,0,0,0,0,0,0,0,0,0,0,0,0,0,0,0,0,0,0,0,0,0,0,0,0,0,0,0,0,0,0,0,0,0,0,0,0,0,0,0,0,0,0,0,0,0,0,0,0,0,0,0,0,0,0,0,0,0,0,0,0,0,0,0,0,0,0,3,3,3,3,14,30,30,30,30,34,37,41,41,47,47,55,55,55,55,58,58,63,63,63,63,78,78,78,78,87,87,92,92,92,108,108,112,117,117,122,122,124,124,124,131,131,138,138,138,138,138,147,147,147,156,156,156,160,160,160,160,161,161,161,161,161,164,164,164,170,170,170,170,172,172,172,172,172,177,182,182,182,182,188,198,206,206,206,206,213,215,217,228,228,228,228,229,229,229,239,239,241,241,249,254,259,260,260,260,265,269,269,269,269,269,269,269,269,269,269,271,273,273,273,267,248,247,247,247,243,252,253,254,256,256,252,249,249,249,248,246,246,243,243,243,235,234,234,234,227,226,222,222,222,223,217,217,216,215,212,210,210,208,208,202,201,200,198,198,198,198,193,192,192,187,183,183,183,180,180,180,181,185,185,185,185,183,183,183,182,178,178,178,178,176,176,176,176,175,171,166,166,166,167,163,159,155,155,155,149,148,146,146,139,139,139,139,138
0,0,0,0,0,0,0,0,0,0,0,0,0,0,0,0,0,0,0,0,0,0,0,0,0,0,0,0,0,0,0,0,0,0,0,0,0,0,0,0,0,0,0,0,0,0,0,0,0,0,0,0,0,0,0,0,0,0,0,0,0,0,0,0,0,0,0,0,0,0,0,0,0,0,0,0,0,0,0,0,0,0,0,0,0,0,0,0,0,0,0,0,0,0,0,0,0,0,0,0,0,0,0,0,0,0,0,4,4,5,5,5,5,5,5,5,7,9,9,9,13,13,13,13,13,13,13,14,14,20,32,39,46,46,46,46,46,51,51,55,55,55,64,64,64,64,70,70,70,70,77,77,77,77,78,78,78,78,78,78,78,87,87,87,100,100,104,104,108,108,123,123,135,143,156,156,158,159,159,159,159,168,168,171,176,180,180,180,180,180,180,180,193,193,193,193,193,193,194,194,194,194,197,208,208,209,209,209,209,209,209,211,211,211,211,211,211,211,211,211,211,211,211,211,211,211,211,218,231,231,231,231,231,231,231,231,233,235,235,235,233,233,233,233,233,233,233,233,233,234,243,239,239,234,234,234,234,232,229,226,225,225,223,220,220,220,221,217,217,217,212,210,210,210,210,212,212,212,212,212,212,208,205,205,206,202,205,204,205,205,201,193,184,180,166,164,164,164,163,163
0,0,0,0,0,0,0,0,0,0,0,0,0,0,0,0,0,0,0,0,0,0,0,0,0,0,0,0,0,0,0,0,0,0,0,0,0,0,0,0,0,0,0,0,0,0,0,0,0,0,0,0,0,0,0,0,0,0,0,0,0,0,0,0,0,0,0,0,0,0,0,0,0,0,0,0,0,0,0,0,0,0,0,0,0,0,0,0,0,0,0,0,0,13,13,13,13,13,27,27,27,41,41,47,47,47,47,60,72,73,79,83,83,84,91,93,93,93,93,93,93,105,105,105,120,120,120,120,120,125,125,130,130,130,130,143,143,149,152,162,162,166,166,183,183,191,191,193,207,207,207,207,215,215,218,218,218,218,218,218,218,218,218,218,218,226,226,229,229,229,229,230,240,240,245,252,252,252,252,252,252,252,257,257,257,261,261,261,261,266,266,266,266,266,266,266,266,266,266,266,266,266,266,266,266,266,266,266,266,266,266,266,274,279,275,275,275,275,271,264,264,262,252,253,262,262,262,260,261,253,249,244,244,244,242,237,237,237,237,237,237,237,225,225,216,212,212,212,212,210,209,208,209,209,210,200,199,195,192,186,183,181,180,172,168,165,161,161,153,145,145,145,142,138,138,136,136,136,136,136,136,136,136,136,136,134,133,133,134,134,134,134,130,124,123,119,118,118,118,118
0,0,0,0,0,0,0,0,0,0,0,0,0,0,0,0,0,0,0,0,0,0,0,0,0,0,0,0,0,0,0,0,0,0,0,0,0,0,0,0,0,0,0,0,0,0,0,0,0,0,0,0,0,0,0,0,0,0,0,0,0,0,0,0,0,0,0,0,0,0,0,0,0,0,0,0,0,0,0,0,0,0,0,17,17,26,26,26,26,26,26,26,26,26,58,73,78,78,80,80,80,80,86,86,86,86,86,97,98,98,98,98,98,106,106,106,106,108,108,108,108,108,115,115,130,147,147,159,159,159,159,162,162,162,162,162,162,162,162,162,162,167,167,167,167,175,193,199,199,202,202,202,202,208,208,216,226,226,226,226,226,226,226,226,231,231,233,233,245,254,254,254,261,261,261,261,261,268,268,271,271,276,276,276,284,284,284,284,284,284,284,285,285,285,285,285,285,285,285,285,286,286,286,286,281,276,273,273,273,273,273,274,274,276,274,252,241,241,240,239,239,239,236,235,235,235,235,235,230,230,230,230,230,224,223,223,223,227,226,226,226,226,224,219,218,204,191,182,182,182,182,184,182,182,182,182,182,182,182,182,182,181,180,181,181,174,173,152,152,152,149,149,150,147,147,144,135,133,133,133,133,133,133,133,128,128,127,127,124,111,109,109,107,103,103,103,103,104,101,98
0,0,0,0,0,0,0,0,0,0,0,0,0,0,0,0,0,0,0,0,0,0,0,0,0,0,0,0,0,0,0,0,0,0,0,0,0,0,0,0,0,0,0,0,0,0,0,0,0,0,0,0,0,0,0,0,0,0,0,0,0,0,0,0,0,0,0,0,0,0,0,0,0,0,0,0,0,0,0,0,0,0,0,0,0,0,0,0,0,0,0,0,0,0,47,80,80,80,80,80,80,85,86,96,96,106,110,110,117,117,117,121,122,122,122,122,122,122,122,122,122,122,122,128,133,133,133,134,142,152,152,158,161,161,161,161,161,161,161,164,166,174,174,180,180,186,186,186,186,186,186,198,198,198,204,204,223,223,223,223,228,228,228,237,237,237,237,240,240,240,243,245,248,248,248,252,252,252,252,252,252,252,252,252,252,252,252,258,271,271,271,271,273,273,273,273,273,273,273,273,273,273,273,273,275,275,275,275,275,275,275,275,279,279,263,237,225,225,225,225,225,222,220,216,215,214,206,208,208,202,202,198,198,197,197,197,197,197,197,197,201,201,201,200,193,190,190,189,190,182,179,175,172,170,170,170,170,170,170,168,165,165,162,160,160,157,154,154,154,154,154,148,146,146,146,146,143,128,128,128,126,124,124,120,118,118,118,117,117,117,115,112,112,111,111,107,107,107,107,107
0,0,0,0,0,0,0,0,0,0,0,0,0,0,0,0,0,0,0,0,0,0,0,0,0,0,0,0,0,0,0,0,0,0,0,0,0,0,0,0,0,0,0,0,0,0,0,0,0,0,0,0,0,0,0,0,0,0,0,0,0,0,0,0,0,0,0,0,0,0,0,0,0,0,0,0,0,0,0,0,0,0,0,0,0,0,0,5,5,5,5,5,5,24,24,24,44,44,44,44,44,44,44,44,44,44,48,48,48,48,48,48,48,48,48,55,55,55,55,57,57,65,65,71,71,71,71,71,90,95,109,129,129,142,157,159,167,167,181,181,181,181,181,181,181,181,186,189,189,189,189,189,191,193,193,200,200,200,200,200,200,200,205,205,205,211,211,215,227,238,238,238,238,238,238,238,238,238,241,241,241,241,245,245,245,251,251,251,251,251,251,270,271,271,272,272,272,272,272,272,273,273,273,274,283,283,284,279,279,279,279,279,279,279,271,271,271,251,251,251,251,251,251,251,255,255,255,264,264,264,264,264,264,264,265,265,263,263,263,263,262,262,255,253,250,250,250,250,250,243,236,212,211,199,195,186,181,178,174,166,166,166,166,166,166,166,165,160,159,159,159,159,159,157,157,156,152,152,152,152,152,152,151,150,150,148,146,145,136,130,125,125,125,125,125,125,125,126,126,125
0,0,0,0,0,0,0,0,0,0,0,0,0,0,0,0,0,0,0,0,0,0,0,0,0,0,0,0,0,0,0,0,0,0,0,0,0,0,0,0,0,0,0,0,0,0,0,0,0,0,0,0,0,0,0,0,0,0,0,0,0,0,0,0,0,0,0,0,0,0,0,0,0,0,0,0,0,0,0,0,0,0,0,0,0,0,0,14,14,24,27,32,32,32,32,32,42,42,42,50,50,50,50,50,50,58,69,69,85,85,103,103,103,103,119,125,135,135,135,138,138,152,152,152,152,152,152,152,155,155,159,159,159,163,175,175,179,179,179,179,179,179,189,189,196,196,196,202,202,208,208,208,208,208,215,215,238,238,238,238,249,249,252,253,253,253,253,253,253,262,262,262,262,262,262,262,266,269,269,278,278,281,281,285,288,288,288,288,288,288,288,288,291,291,291,291,291,291,291,291,291,291,294,294,294,294,295,286,283,278,275,270,276,276,276,276,278,274,274,266,266,266,266,266,266,266,258,258,255,243,235,231,231,231,223,212,205,203,203,200,200,199,189,189,189,189,189,189,188,187,188,189,189,188,176,173,173,169,169,169,169,169,165,164,162,161,161,157,156,155,151,151,151,151,149,147,139,130,130,130,127,119,117,116,116,116,116,116,116,112,107,107,107,107,107,107,106,103,102,101
0,0,0,0,0,0,0,0,0,0,0,0,0,0,0,0,0,0,0,0,0,0,0,0,0,0,0,0,0,0,0,0,0,0,0,0,0,0,0,0,0,0,0,0,0,0,0,0,0,0,0,0,0,0,0,0,0,0,0,0,0,0,0,0,0,0,0,0,0,0,0,0,0,0,0,0,0,0,0,0,0,0,0,8,8,17,17,17,21,21,21,28,30,39,39,55,55,55,55,55,55,63,63,70,70,70,70,70,70,75,113,113,117,117,120,123,123,123,123,131,145,145,145,145,145,145,155,160,165,165,173,175,175,175,186,186,186,195,195,195,200,200,200,202,207,207,207,218,218,223,223,223,225,225,225,229,229,229,229,233,233,233,233,235,235,239,239,239,249,251,251,251,251,251,251,254,255,255,255,270,272,272,274,277,283,283,283,283,283,283,291,291,291,291,291,291,291,291,291,291,291,291,291,291,291,285,283,283,282,280,280,275,279,280,277,278,274,274,274,274,274,271,266,266,261,261,261,261,261,259,244,222,219,218,218,214,214,214,214,213,208,202,202,202,202,202,199,191,191,188,183,181,181,181,179,170,170,161,161,161,158,156,156,156,151,151,151,142,140,140,135,135,134,134,134,135,135,135,135,134,131,131,131,129,129,129,127,127,122,116,116,116,116,116,116,116,112,112,112,106
0,0,0,0,0,0,0,0,0,0,0,0,0,0,0,0,0,0,0,0,0,0,0,0,0,0,0,0,0,0,0,0,0,0,0,0,0,0,0,0,0,0,0,0,0,0,0,0,0,0,0,0,0,0,0,0,0,0,0,0,0,0,0,0,0,0,0,0,0,0,0,0,0,0,0,0,0,0,0,0,0,0,0,0,0,7,7,7,7,7,7,12,12,12,12,12,24,24,35,35,48,51,59,59,59,59,59,77,99,123,123,127,127,136,136,136,140,140,140,140,140,154,160,164,164,164,164,164,164,164,164,164,169,169,169,172,187,196,196,196,196,210,219,219,219,219,228,228,228,238,240,240,240,243,243,243,243,243,249,254,263,265,265,270,275,275,275,283,291,298,298,298,299,299,299,299,308,308,308,313,313,313,313,313,313,313,313,318,318,321,321,321,321,321,321,321,321,321,321,321,321,321,321,321,323,323,317,317,317,317,317,317,319,319,320,320,319,319,311,309,302,296,294,287,287,287,287,281,267,247,232,231,229,225,220,220,219,217,217,217,217,207,204,199,196,196,196,196,196,196,196,196,196,192,192,190,181,169,166,166,166,161,154,152,152,152,149,143,143,135,134,132,132,132,130,130,130,130,128,123,116,111,109,106,105,100,100,96,91,84,82,82,81,81,82,82,82,78,78,74
0,0,0,0,0,0,0,0,0,0,0,0,0,0,0,0,0,0,0,0,0,0,0,0,0,0,0,0,0,0,0,0,0,0,0,0,0,0,0,0,0,0,0,0,0,0,0,0,0,0,0,0,0,0,0,0,0,0,0,0,0,0,0,0,0,0,0,0,0,0,0,0,0,0,0,0,0,0,0,0,0,0,0,0,0,0,0,0,0,0,0,4,4,27,27,27,67,67,67,67,67,67,91,98,98,101,101,115,115,117,118,118,118,118,118,118,118,137,137,137,161,161,161,161,161,164,164,164,175,186,186,186,186,198,198,198,198,198,198,198,198,204,204,208,208,208,213,222,222,222,233,233,233,233,233,233,233,244,248,248,248,248,248,248,248,248,256,256,256,264,268,277,283,283,283,283,283,283,292,294,300,302,302,302,302,318,318,318,318,318,318,318,322,322,322,322,322,322,322,322,324,324,324,324,324,324,324,324,324,324,324,322,325,325,312,312,288,281,281,281,281,281,263,252,252,252,249,247,245,245,242,242,242,242,242,242,242,240,225,225,215,202,202,202,202,201,199,199,194,191,184,184,184,178,174,174,174,174,174,174,174,172,172,171,168,169,165,159,156,156,147,145,145,145,145,145,145,136,133,131,131,131,131,131,131,131,128,129,129,128,121,114,107,106,106,106,106,106,102,96
0,0,0,0,0,0,0,0,0,0,0,0,0,0,0,0,0,0,0,0,0,0,0,0,0,0,0,0,0,0,0,0,0,0,0,0,0,0,0,0,0,0,0,0,0,0,0,0,0,0,0,0,0,0,0,0,0,0,0,0,0,0,0,0,0,0,0,0,0,0,0,0,0,0,0,0,0,0,0,0,0,0,0,0,0,0,0,0,0,0,0,0,0,0,0,21,39,39,46,46,46,46,46,46,46,54,54,54,62,62,68,79,79,93,93,93,93,93,93,105,105,110,117,127,127,127,127,127,127,127,147,147,155,155,161,161,161,161,163,163,163,170,170,170,170,170,176,176,181,181,181,197,197,197,202,205,205,214,214,214,214,214,214,214,214,214,214,214,237,245,245,245,245,253,258,258,269,273,273,273,273,273,273,275,275,279,279,279,279,279,279,279,284,284,284,284,284,284,284,284,284,285,285,285,285,285,285,285,285,285,285,285,285,285,286,280,271,266,266,259,259,259,259,259,259,261,264,264,263,260,255,248,247,243,239,239,239,239,239,240,234,233,230,223,217,217,217,217,217,217,218,206,204,203,203,198,198,198,198,198,198,197,195,195,195,195,192,189,188,184,184,175,169,169,168,168,167,163,159,159,159,159,159,160,160,161,161,161,157,142,140,140,140,136,129,128,125,117,116,116
0,0,0,0,0,0,0,0,0,0,0,0,0,0,0,0,0,0,0,0,0,0,0,0,0,0,0,0,0,0,0,0,0,0,0,0,0,0,0,0,0,0,0,0,0,0,0,0,0,0,0,0,0,0,0,0,0,0,0,0,0,0,0,0,0,0,0,0,0,0,0,0,0,0,0,0,0,0,0,0,0,0,5,5,5,5,10,10,10,10,10,16,16,16,16,16,16,31,31,39,39,44,52,52,70,70,70,70,70,70,70,91,101,101,101,101,101,101,113,117,124,124,125,125,129,129,135,135,145,145,145,145,156,157,161,161,162,162,162,162,165,165,173,173,173,176,176,176,176,176,176,176,176,180,184,188,188,188,196,203,203,203,203,207,207,213,213,213,219,219,225,225,225,229,229,230,230,238,238,238,238,246,246,257,259,259,260,260,260,260,260,260,260,260,260,260,260,260,260,260,260,260,267,272,272,272,272,269,269,269,269,265,265,265,266,266,266,260,254,247,246,243,237,233,241,237,240,240,240,240,240,229,219,214,214,214,214,214,213,209,208,205,205,205,205,202,196,196,195,189,189,189,185,181,180,176,176,175,176,176,177,175,173,171,171,169,169,169,169,169,169,169,169,169,165,163,161,161,155,154,148,148,148,145,144,141,140,140,137,135,131,130,130,128,126,125,125,124,122,122
0,0,0,0,0,0,0,0,0,0,0,0,0,0,0,0,0,0,0,0,0,0,0,0,0,0,0,0,0,0,0,0,0,0,0,0,0,0,0,0,0,0,0,0,0,0,0,0,0,0,0,0,0,0,0,0,0,0,0,0,0,0,0,0,0,0,0,0,0,0,0,0,0,0,0,0,0,0,0,0,0,0,0,0,0,0,0,0,0,0,0,0,0,0,0,0,0,0,0,0,0,0,0,0,0,0,0,0,6,6,6,6,6,6,6,6,24,24,24,41,41,41,41,41,41,41,44,48,48,64,64,64,64,64,64,64,70,70,70,80,80,80,92,92,92,98,98,98,118,118,125,140,140,140,140,140,140,140,140,140,140,140,140,140,140,152,152,152,168,168,168,173,184,189,202,202,216,216,216,222,222,222,232,232,232,232,235,239,239,239,239,239,239,239,239,239,239,239,239,241,241,246,246,246,246,246,246,246,246,246,248,248,248,250,250,250,250,250,250,250,250,250,250,250,250,250,255,256,256,250,250,250,250,250,250,251,255,255,255,256,260,260,260,260,260,260,260,257,262,252,251,251,251,251,251,251,249,245,245,241,243,243,239,238,238,240,236,237,231,219,215,210,203,203,203,204,204,204,204,204,204,204,204,204,204,198,196,197,189,186,186,186,182,170,159,156,149,145,145,141
0,0,0,0,0,0,0,0,0,0,0,0,0,0,0,0,0,0,0,0,0,0,0,0,0,0,0,0,0,0,0,0,0,0,0,0,0,0,0,0,0,0,0,0,0,0,0,0,0,0,0,0,0,0,0,0,0,0,0,0,0,0,0,0,0,0,0,0,0,0,0,0,0,0,0,0,0,0,0,0,0,0,0,0,0,0,0,0,0,13,13,13,13,33,33,33,33,58,74,74,74,74,99,99,123,153,153,156,156,156,156,156,156,156,156,156,156,156,166,175,175,188,190,190,193,193,201,201,201,201,201,221,227,243,243,243,245,245,245,245,250,261,265,265,267,267,267,267,267,267,274,278,278,278,278,278,278,278,279,279,286,286,286,291,294,294,294,294,294,297,297,299,299,306,306,307,307,310,310,310,310,310,313,313,315,317,317,317,317,317,321,321,321,321,321,321,321,321,321,321,321,322,322,322,322,322,322,322,322,313,310,310,310,311,302,302,302,295,265,262,262,262,245,238,239,215,207,204,204,204,204,204,204,204,204,204,204,205,199,197,191,180,179,178,176,176,173,170,170,170,170,164,157,144,137,137,135,135,135,135,135,129,121,119,117,117,117,117,117,117,110,109,107,107,107,107,108,108,108,107,105,100,100,100,98,96,96,96,96,95,94,94,92,90,85,84,84,85,85,85
0,0,0,0,0,0,0,0,0,0,0,0,0,0,0,0,0,0,0,0,0,0,0,0,0,0,0,0,0,0,0,0,0,0,0,0,0,0,0,0,0,0,0,0,0,0,0,0,0,0,0,0,0,0,0,0,0,0,0,0,0,0,0,0,0,0,0,0,0,0,0,0,0,0,0,0,0,0,0,0,0,0,6,6,6,6,6,6,6,6,6,6,6,6,6,6,6,6,6,43,43,55,55,55,55,70,70,70,70,80,92,92,95,95,95,95,104,104,104,147,147,147,147,147,156,160,160,160,160,160,160,160,160,160,171,178,178,178,178,178,178,178,189,193,193,202,202,207,208,219,219,219,234,234,234,236,236,236,242,242,242,242,249,249,249,250,250,253,259,259,259,259,272,272,272,272,272,272,272,277,281,281,281,281,281,281,281,281,281,285,285,290,290,290,290,290,290,290,290,290,290,290,299,303,303,303,303,304,304,304,304,305,305,305,305,305,305,305,305,294,275,268,263,263,265,259,256,256,256,248,246,238,237,235,235,235,235,246,246,238,220,220,220,220,213,211,207,207,207,207,207,207,207,207,203,195,191,191,191,192,195,195,197,196,194,193,186,184,181,178,169,169,162,159,159,158,158,158,157,152,152,152,146,146,147,147,146,146,146,141,141,141,137,128,128,128,129,129,129,128
0,0,0,0,0,0,0,0,0,0,0,0,0,0,0,0,0,0,0,0,0,0,0,0,0,0,0,0,0,0,0,0,0,0,0,0,0,0,0,0,0,0,0,0,0,0,0,0,0,0,0,0,0,0,0,0,0,0,0,0,0,0,0,0,0,0,0,0,0,0,0,0,0,0,0,0,0,0,0,0,0,0,0,0,0,0,0,0,0,0,0,0,0,0,0,0,0,0,0,0,0,0,0,0,0,0,0,6,8,8,8,8,8,8,8,8,8,32,32,53,53,69,77,77,77,85,85,85,85,85,85,85,85,94,94,94,94,119,119,119,122,122,136,145,145,147,147,149,149,149,151,151,151,151,151,151,151,151,159,159,159,161,161,161,161,161,167,167,172,172,172,172,172,172,178,178,185,185,193,193,193,193,200,200,200,215,215,222,222,230,230,245,246,246,247,247,247,247,248,248,248,248,248,248,249,249,249,249,249,249,249,249,250,250,250,250,252,252,252,252,253,253,253,253,253,253,253,262,266,266,266,266,266,266,267,267,267,272,264,251,250,236,232,226,226,222,218,218,218,218,218,218,218,214,209,209,209,194,186,186,188,195,191,187,187,186,186,185,184,184,184,182,182,182,182,182,182,182,174,174,174,173,172,172,174,174,170,170,168,168,168,168,168,168,164,163,157,157,153,152
0,0,0,0,0,0,0,0,0,0,0,0,0,0,0,0,0,0,0,0,0,0,0,0,0,0,0,0,0,0,0,0,0,0,0,0,0,0,0,0,0,0,0,0,0,0,0,0,0,0,0,0,0,0,0,0,0,0,0,0,0,0,0,0,0,0,0,0,0,0,0,0,0,0,0,0,0,0,0,0,0,0,0,0,0,11,11,11,11,11,11,11,11,11,43,67,78,78,78,84,84,84,84,92,92,93,93,112,112,112,112,122,122,137,152,152,152,152,159,159,163,170,170,170,173,177,177,177,179,179,186,194,199,205,210,210,210,213,213,213,215,221,221,224,224,227,227,230,234,234,234,234,234,234,234,234,239,239,239,239,239,242,242,249,249,250,258,258,269,269,276,277,277,280,280,284,284,284,290,290,290,290,290,295,298,298,298,298,298,298,298,299,305,305,305,305,305,305,305,305,305,309,309,309,309,308,301,301,301,301,302,302,303,303,303,268,261,256,256,250,250,250,250,246,245,245,245,246,236,236,236,230,226,220,203,199,199,199,198,197,193,193,186,186,183,181,179,179,177,177,175,168,168,163,157,153,153,150,150,150,149,150,146,145,144,144,142,140,136,135,135,135,135,135,135,135,136,133,133,133,133,133,132,131,128,127,124,121,120,116,115,109,108,107,105,102,101,101,100,98
0,0,0,0,0,0,0,0,0,0,0,0,0,0,0,0,0,0,0,0,0,0,0,0,0,0,0,0,0,0,0,0,0,0,0,0,0,0,0,0,0,0,0,0,0,0,0,0,0,0,0,0,0,0,0,0,0,0,0,0,0,0,0,0,0,0,0,0,0,0,0,0,0,0,0,0,0,0,2,2,2,2,2,2,8,15,15,15,18,18,18,18,18,25,25,25,69,69,94,94,94,94,96,96,99,99,105,105,113,124,124,124,124,124,124,124,124,124,132,132,132,132,132,132,137,142,147,153,153,153,153,161,161,164,167,167,167,167,167,167,167,175,175,183,183,188,188,194,194,194,194,194,194,205,205,214,214,214,214,214,214,217,217,223,223,223,234,234,234,234,247,252,254,254,254,254,254,254,254,256,256,262,267,267,267,267,267,267,267,267,267,267,267,267,267,267,267,267,266,266,266,266,266,266,266,261,256,256,253,253,253,253,253,259,267,267,246,242,226,221,221,221,219,219,219,219,218,218,219,210,205,205,205,205,205,205,205,205,200,198,198,198,198,198,198,191,184,183,182,182,182,181,175,173,170,170,171,171,171,171,171,173,169,165,165,163,161,155,155,155,155,156,156,149,147,147,142,142,142,142,142,139,139,135,136,136,133,131,131,131,124,115,111,111,111,111,111,111,111,109
0,0,0,0,0,0,0,0,0,0,0,0,0,0,0,0,0,0,0,0,0,0,0,0,0,0,0,0,0,0,0,0,0,0,0,0,0,0,0,0,0,0,0,0,0,0,0,0,0,0,0,0,0,0,0,0,0,0,0,0,0,0,0,0,0,0,0,0,0,0,0,0,0,0,0,0,0,0,0,0,0,0,0,0,13,13,13,22,31,31,31,38,49,49,49,49,49,49,59,66,66,66,66,66,66,84,84,84,116,127,127,127,127,127,139,139,139,139,139,141,147,147,159,174,179,182,182,182,182,182,182,182,189,189,202,202,202,202,202,202,206,211,219,219,219,219,219,219,219,219,219,219,221,227,227,232,236,241,241,241,241,241,241,241,251,251,251,263,263,264,264,264,264,264,264,264,264,264,264,264,264,271,281,281,281,282,286,286,286,286,286,290,290,290,290,290,290,290,290,290,290,293,293,293,288,288,288,282,278,276,276,275,272,266,266,266,266,266,263,250,249,249,249,249,249,251,242,242,227,212,208,208,208,208,203,197,197,197,197,197,196,191,182,171,164,161,158,159,159,159,159,159,159,153,150,142,142,142,142,142,142,140,137,138,138,138,138,138,138,138,138,138,138,136,135,135,130,126,123,123,123,123,123,123,119,116,116,111,106,106,105,105,105,105,105,105,105,105,105,105
0,0,0,0,0,0,0,0,0,0,0,0,0,0,0,0,0,0,0,0,0,0,0,0,0,0,0,0,0,0,0,0,0,0,0,0,0,0,0,0,0,0,0,0,0,0,0,0,0,0,0,0,0,0,0,0,0,0,0,0,0,0,0,0,0,0,0,0,0,0,0,0,0,0,0,0,0,0,0,0,0,0,0,10,10,10,10,10,10,10,10,10,10,10,10,13,13,13,35,38,38,38,38,38,38,51,51,51,51,51,51,51,51,58,63,63,63,73,73,73,73,75,75,88,110,120,124,140,146,146,150,150,150,150,150,150,150,150,150,162,167,167,172,172,172,185,185,185,185,188,193,193,193,193,196,196,196,203,203,203,203,203,203,207,215,215,215,221,221,222,222,222,224,224,229,240,240,245,245,245,245,245,245,259,259,259,262,262,262,266,266,266,266,266,266,266,266,266,266,266,266,266,266,273,272,272,273,273,273,273,273,273,273,274,274,278,279,279,267,257,255,255,255,255,255,252,250,250,250,250,250,250,250,245,239,239,239,239,240,240,240,241,240,228,227,203,193,186,185,181,180,177,177,177,177,177,177,177,177,176,169,169,166,164,164,156,153,153,153,151,147,146,146,146,146,143,143,141,138,138,138,138,138,138,133,136,136,131,131,130,130,130,130,128,125,119,118,116,115,115
0,0,0,0,0,0,0,0,0,0,0,0,0,0,0,0,0,0,0,0,0,0,0,0,0,0,0,0,0,0,0,0,0,0,0,0,0,0,0,0,0,0,0,0,0,0,0,0,0,0,0,0,0,0,0,0,0,0,0,0,0,0,0,0,0,0,0,0,0,0,0,0,0,0,0,0,0,0,0,0,0,0,0,0,3,3,3,3,3,8,8,8,8,17,17,17,17,17,17,17,17,31,31,31,31,31,38,38,38,43,43,43,43,43,46,46,73,103,112,131,131,131,131,149,155,155,155,158,164,177,177,177,177,177,182,182,182,182,192,192,192,195,195,195,211,211,213,213,213,213,216,223,223,234,234,238,238,238,238,238,238,245,249,249,249,249,249,249,255,255,255,255,264,266,275,285,289,289,289,289,289,289,289,289,289,289,294,294,297,297,297,297,301,301,301,301,301,301,301,301,301,301,301,301,305,304,304,304,305,302,301,301,301,300,298,298,299,299,299,299,299,296,286,286,286,286,287,286,286,283,282,282,282,282,281,280,275,266,241,225,223,223,223,218,205,199,199,196,193,187,180,180,180,180,180,175,176,176,175,166,166,165,164,164,161,151,149,149,149,149,148,147,142,137,135,136,134,134,134,134,134,134,128,124,124,124,124,124,121,121,121,121,115,111,106,103,95,94,94,94
0,0,0,0,0,0,0,0,0,0,0,0,0,0,0,0,0,0,0,0,0,0,0,0,0,0,0,0,0,0,0,0,0,0,0,0,0,0,0,0,0,0,0,0,0,0,0,0,0,0,0,0,0,0,0,0,0,0,0,0,0,0,0,0,0,0,0,0,0,0,0,0,0,0,0,0,0,0,0,0,0,1,1,1,1,1,1,1,1,1,1,1,1,1,1,1,1,14,14,14,14,14,14,14,14,14,14,14,18,59,74,78,99,99,99,99,99,99,99,99,99,112,126,135,135,135,135,144,147,149,149,153,153,153,153,156,156,157,157,157,167,167,167,169,169,174,174,174,174,184,188,193,193,196,204,204,208,211,216,216,220,220,222,222,222,222,222,222,222,222,222,222,222,222,222,222,235,243,243,243,243,243,249,249,249,253,257,259,259,259,259,264,264,264,264,264,264,264,264,264,264,264,268,268,268,268,268,268,268,268,268,268,268,271,271,271,271,267,263,263,263,263,263,263,263,263,263,263,267,252,216,213,202,192,192,192,192,192,192,192,192,190,172,169,167,167,167,159,159,161,161,162,162,162,162,162,161,161,160,160,159,157,157,159,159,156,155,155,155,153,147,140,142,144,141,143,142,139,134,133,130,129,130,129,129,131,132,132,132,132,132,132,132,132,132,132,132,129,126,126
0,0,0,0,0,0,0,0,0,0,0,0,0,0,0,0,0,0,0,0,0,0,0,0,0,0,0,0,0,0,0,0,0,0,0,0,0,0,0,0,0,0,0,0,0,0,0,0,0,0,0,0,0,0,0,0,0,0,0,0,0,0,0,0,0,0,0,0,0,0,0,0,0,0,0,0,0,0,0,0,0,0,0,0,10,10,10,10,10,10,16,16,16,16,37,37,37,52,52,63,64,64,64,64,68,75,75,83,93,93,93,93,93,93,93,93,93,101,101,111,115,115,127,127,127,134,134,134,138,138,150,154,154,154,154,154,171,171,175,175,189,196,196,196,196,200,200,200,200,200,205,205,205,205,205,209,209,209,215,215,215,215,215,215,218,224,232,232,232,232,239,242,242,242,242,242,247,247,255,255,255,261,261,264,271,271,271,271,279,279,291,291,291,291,291,291,291,291,291,291,291,291,291,291,289,288,288,288,288,288,287,283,283,287,287,269,269,255,255,247,245,245,245,245,243,248,248,248,241,237,237,237,237,237,237,237,237,236,236,234,225,225,223,214,214,213,207,207,205,205,197,198,198,198,198,198,187,183,181,181,171,165,164,164,164,163,162,162,162,162,160,157,157,157,157,154,156,156,155,150,150,150,150,150,150,153,151,150,150,150,144,142,140,140,140,140,139,136,132,129
0,0,0,0,0,0,0,0,0,0,0,0,0,0,0,0,0,0,0,0,0,0,0,0,0,0,0,0,0,0,0,0,0,0,0,0,0,0,0,0,0,0,0,0,0,0,0,0,0,0,0,0,0,0,0,0,0,0,0,0,0,0,0,0,0,0,0,0,0,0,0,0,0,0,0,0,0,0,0,0,0,0,0,0,0,0,0,0,0,0,0,0,6,20,20,20,35,35,35,62,62,62,63,64,64,64,64,64,64,64,64,64,64,64,64,90,104,104,111,123,123,126,140,140,153,153,153,153,153,158,158,158,158,158,158,163,176,188,192,192,196,203,213,213,213,215,219,219,219,222,222,222,231,235,235,236,240,240,240,240,243,243,243,243,243,249,254,254,254,261,261,261,261,261,261,266,269,269,269,269,269,269,269,269,269,273,273,273,273,276,276,276,276,276,276,276,276,276,276,277,277,277,277,277,277,277,277,277,277,277,277,277,282,282,278,278,276,268,268,252,243,243,243,242,242,243,243,245,245,245,245,245,245,246,246,239,232,224,221,210,210,210,202,195,189,182,182,182,182,183,179,179,179,179,179,175,170,162,150,148,148,143,136,136,136,136,131,130,130,128,128,128,127,121,121,121,119,119,119,119,119,116,116,116,116,112,112,111,111,110,104,104,104,104,104,102,101,98,98,98
0,0,0,0,0,0,0,0,0,0,0,0,0,0,0,0,0,0,0,0,0,0,0,0,0,0,0,0,0,0,0,0,0,0,0,0,0,0,0,0,0,0,0,0,0,0,0,0,0,0,0,0,0,0,0,0,0,0,0,0,0,0,0,0,0,0,0,0,0,0,0,0,0,0,0,0,0,0,0,0,0,2,2,2,2,2,2,2,2,9,9,9,9,9,9,23,23,23,23,23,23,23,23,23,40,62,62,62,71,78,78,78,78,99,99,99,99,99,99,114,120,134,134,134,146,146,146,146,146,146,150,150,150,150,150,150,156,156,166,166,166,166,166,180,184,184,184,184,190,190,199,201,201,201,201,209,215,215,217,220,222,222,224,224,224,229,229,241,242,242,242,242,242,246,246,246,249,249,249,253,253,253,257,265,265,273,275,275,280,280,285,285,285,285,285,285,285,285,285,285,285,287,287,287,288,288,288,288,288,286,282,282,282,282,285,284,277,277,278,278,278,278,278,278,280,262,259,259,262,256,255,255,255,239,236,236,236,236,236,229,227,219,211,211,204,200,200,200,200,200,197,197,197,197,197,197,194,191,186,181,181,181,181,179,175,172,172,172,167,166,164,157,156,156,156,150,148,144,143,140,139,137,135,135,135,133,135,129,123,123,123,123,123,121,119,119,118,116,116,114
0,0,0,0,0,0,0,0,0,0,0,0,0,0,0,0,0,0,0,0,0,0,0,0,0,0,0,0,0,0,0,0,0,0,0,0,0,0,0,0,0,0,0,0,0,0,0,0,0,0,0,0,0,0,0,0,0,0,0,0,0,0,0,0,0,0,0,0,0,0,0,0,0,0,0,0,0,0,0,0,0,0,0,0,0,21,21,21,36,41,41,41,41,41,41,53,53,53,53,53,53,57,57,59,59,80,103,103,109,109,109,117,117,120,125,125,125,151,151,151,151,153,153,160,160,160,160,168,168,182,182,182,188,198,198,198,200,200,200,200,200,200,208,217,217,217,217,217,217,223,223,223,230,235,235,249,249,249,255,255,255,255,264,264,268,274,275,277,277,277,277,277,277,283,283,283,289,289,289,289,291,291,291,291,291,291,291,291,291,291,291,291,291,291,291,292,292,292,292,292,292,295,297,297,297,296,279,279,274,265,264,264,264,264,266,266,268,268,268,268,268,265,264,263,262,257,246,233,232,229,229,224,221,219,215,214,214,214,194,194,194,193,192,191,187,187,187,181,179,170,166,166,164,153,153,153,152,151,151,151,151,151,151,143,138,139,139,139,139,137,134,134,133,126,126,121,120,120,120,114,114,114,114,106,105,104,104,101,101,101,101,101,101,97,97,97,97,93,93,93
0,0,0,0,0,0,0,0,0,0,0,0,0,0,0,0,0,0,0,0,0,0,0,0,0,0,0,0,0,0,0,0,0,0,0,0,0,0,0,0,0,0,0,0,0,0,0,0,0,0,0,0,0,0,0,0,0,0,0,0,0,0,0,0,0,0,0,0,0,0,0,0,0,0,0,0,0,0,0,0,0,0,0,0,0,0,0,0,0,31,31,31,31,55,82,95,95,108,108,108,108,108,108,128,130,130,130,130,130,130,130,130,142,155,156,156,165,165,165,166,176,179,188,188,190,190,190,190,190,196,203,203,203,212,214,223,223,228,233,233,244,244,244,251,251,266,266,269,269,269,269,269,269,273,273,273,279,285,297,297,302,307,307,307,307,307,307,307,307,307,307,311,311,311,311,311,311,311,311,311,315,315,315,322,322,326,326,326,326,326,326,326,330,330,330,330,330,330,330,330,330,330,330,330,330,330,330,330,330,320,306,306,306,306,299,283,279,279,267,267,267,267,267,262,253,252,252,252,252,252,252,252,246,241,231,230,229,225,225,224,215,215,210,205,205,203,203,203,203,202,199,195,195,187,185,184,178,176,170,169,167,161,161,159,154,150,141,140,138,138,138,138,138,137,135,135,129,127,117,111,111,103,101,101,101,101,101,101,101,101,101,98,97,97,97,97,97,97,97,97
0,0,0,0,0,0,0,0,0,0,0,0,0,0,0,0,0,0,0,0,0,0,0,0,0,0,0,0,0,0,0,0,0,0,0,0,0,0,0,0,0,0,0,0,0,0,0,0,0,0,0,0,0,0,0,0,0,0,0,0,0,0,0,0,0,0,0,0,0,0,0,0,0,0,0,0,0,0,0,0,0,0,0,8,8,13,13,13,13,13,13,13,13,19,19,19,33,44,44,44,44,48,48,48,56,56,56,56,73,73,73,77,81,90,91,91,99,99,99,99,116,116,116,127,127,128,128,134,134,134,134,134,147,147,154,157,157,157,157,157,157,158,158,158,165,165,165,171,175,178,190,193,193,195,195,195,195,195,202,204,204,214,214,214,217,217,217,217,225,225,225,225,225,225,225,225,225,232,232,232,232,236,236,247,247,247,247,247,254,267,267,267,271,271,271,271,271,271,271,271,271,271,272,274,272,271,267,267,267,267,267,267,267,269,268,268,264,258,252,252,252,250,248,248,245,243,243,243,243,228,228,228,222,215,211,211,210,207,207,207,206,197,197,196,187,188,187,187,184,185,185,185,184,175,173,166,165,165,165,165,165,165,164,166,168,164,164,164,164,161,148,146,146,146,145,146,146,146,143,140,139,135,129,129,126,126,127,127,128,124,124,124,124,124,124,124,124,120,120,120
0,0,0,0,0,0,0,0,0,0,0,0,0,0,0,0,0,0,0,0,0,0,0,0,0,0,0,0,0,0,0,0,0,0,0,0,0,0,0,0,0,0,0,0,0,0,0,0,0,0,0,0,0,0,0,0,0,0,0,0,0,0,0,0,0,0,0,0,0,0,0,0,0,0,0,0,0,0,0,0,0,0,0,0,0,0,0,0,0,0,0,0,0,0,0,0,0,0,0,0,0,0,0,0,0,0,6,6,6,26,26,26,26,26,26,26,26,26,40,40,40,53,53,53,53,53,53,53,53,57,75,75,75,93,93,98,98,116,124,130,134,134,147,155,155,155,155,159,159,160,160,160,160,164,184,184,184,196,196,196,202,204,204,211,211,211,211,211,213,213,222,222,222,222,222,230,233,233,233,233,233,242,245,245,245,245,248,248,250,250,252,252,252,252,252,252,252,252,252,252,252,254,254,254,254,254,254,254,254,254,254,255,255,255,258,258,259,259,259,259,259,259,259,259,259,259,268,270,270,260,250,250,250,250,250,251,251,251,251,247,247,247,237,237,237,237,237,237,237,238,248,245,245,233,227,226,222,210,204,203,201,200,198,191,188,188,188,184,185,185,184,184,184,183,174,167,167,165,157,157,156,151,150,147,143,145,145,145,145,143,139,135,135,135,135,135,127,129,129,129
0,0,0,0,0,0,0,0,0,0,0,0,0,0,0,0,0,0,0,0,0,0,0,0,0,0,0,0,0,0,0,0,0,0,0,0,0,0,0,0,0,0,0,0,0,0,0,0,0,0,0,0,0,0,0,0,0,0,0,0,0,0,0,0,0,0,0,0,0,0,0,0,0,0,0,0,0,0,0,0,0,0,0,0,0,0,0,0,0,0,0,0,0,0,0,0,0,0,0,0,0,0,0,0,0,0,0,0,0,1,1,1,1,1,1,1,1,1,1,1,1,1,1,1,1,1,1,1,1,14,24,24,24,35,35,35,35,36,36,50,50,50,50,50,50,50,50,52,65,65,65,69,74,84,97,97,108,108,108,108,112,115,115,115,118,125,125,130,130,130,130,136,136,136,136,138,138,138,163,163,163,163,166,166,166,166,166,166,175,175,183,186,186,186,186,186,186,186,186,186,187,187,187,187,187,187,187,187,187,187,187,187,187,190,191,191,204,204,204,204,204,204,204,206,206,206,209,209,209,209,208,209,209,209,210,210,210,210,210,215,215,215,215,215,215,215,217,217,218,233,234,232,233,229,222,222,222,222,221,217,212,212,212,212,212,212,212,212,198,197,197,197,194,190,180,174,167,164,164,164,164,159,158,158,157,155,156,153,151,152,152,149,146,146,146,145,144,144,137,130
0,0,0,0,0,0,0,0,0,0,0,0,0,0,0,0,0,0,0,0,0,0,0,0,0,0,0,0,0,0,0,0,0,0,0,0,0,0,0,0,0,0,0,0,0,0,0,0,0,0,0,0,0,0,0,0,0,0,0,0,0,0,0,0,0,0,0,0,0,0,0,0,0,0,0,0,0,0,0,0,0,0,0,0,0,0,0,0,0,0,0,0,0,0,0,0,0,0,0,0,0,0,0,0,0,0,0,0,0,0,0,2,2,2,2,2,2,2,2,40,64,64,76,76,76,76,80,80,80,80,80,100,126,135,135,143,143,143,143,143,143,143,143,143,161,165,165,165,173,177,177,186,186,198,198,198,198,198,201,201,201,206,206,206,216,216,231,231,231,235,235,238,238,240,240,240,240,240,240,240,240,241,246,246,246,249,249,249,249,249,249,249,252,252,252,252,252,252,252,252,252,252,252,252,258,258,258,258,258,258,258,258,268,268,268,268,268,268,268,268,268,268,268,268,268,268,268,275,275,275,275,273,273,273,273,273,273,273,275,264,242,230,222,220,220,220,220,220,220,220,220,217,212,190,186,181,180,180,180,180,180,180,180,181,177,164,163,164,157,155,153,145,146,143,138,138,138,138,138,135,135,131,131,131,128,122,117,112,112,110,108,107,106,106,104,105,105,105,105,105
0,0,0,0,0,0,0,0,0,0,0,0,0,0,0,0,0,0,0,0,0,0,0,0,0,0,0,0,0,0,0,0,0,0,0,0,0,0,0,0,0,0,0,0,0,0,0,0,0,0,0,0,0,0,0,0,0,0,0,0,0,0,0,0,0,0,0,0,0,0,0,0,0,0,0,0,0,0,0,0,0,0,0,0,0,0,0,0,0,0,0,0,8,28,28,28,28,28,28,30,30,30,30,30,30,30,41,41,49,58,58,58,62,68,68,68,68,68,72,73,73,73,73,73,73,77,77,77,77,77,77,77,77,85,99,99,102,102,106,109,122,125,125,132,132,142,150,152,152,152,152,152,152,160,167,167,171,171,174,174,176,176,176,181,181,181,182,182,182,190,190,190,190,190,190,190,190,190,200,209,211,211,211,211,211,220,220,220,220,220,220,220,220,220,220,220,220,220,220,220,225,225,225,225,225,226,226,226,226,226,226,226,229,233,221,223,230,230,230,228,228,228,228,228,228,228,221,221,218,213,211,211,211,201,201,201,201,206,206,212,214,214,214,214,214,210,210,210,210,210,210,210,210,205,201,190,189,188,188,185,183,180,180,180,179,175,162,162,160,160,160,160,160,158,153,151,151,147,147,144,143,142,142,141,141,142,142,141,142,138,136,136,136,136,136,136,136,136,135,129
0,0,0,0,0,0,0,0,0,0,0,0,0,0,0,0,0,0,0,0,0,0,0,0,0,0,0,0,0,0,0,0,0,0,0,0,0,0,0,0,0,0,0,0,0,0,0,0,0,0,0,0,0,0,0,0,0,0,0,0,0,0,0,0,0,0,0,0,0,0,0,0,0,0,0,0,0,0,0,0,0,0,0,0,0,0,0,0,0,0,0,6,6,6,6,6,6,6,6,22,22,34,34,34,34,36,48,48,49,49,49,49,49,54,54,57,57,62,74,85,95,96,96,96,96,99,105,107,114,114,120,120,120,120,120,120,120,123,123,130,130,130,130,130,130,139,149,149,154,168,170,174,174,174,174,176,176,176,176,176,176,181,181,182,184,192,197,197,200,200,200,200,200,203,212,212,212,229,229,229,229,229,229,235,235,235,236,236,240,240,241,241,241,241,241,241,242,242,242,242,246,246,246,247,247,247,247,247,247,247,247,244,247,247,247,247,247,247,247,241,234,230,224,224,224,224,225,221,223,223,223,223,223,221,218,218,221,223,223,214,207,206,206,206,206,206,201,199,199,193,193,191,192,192,192,192,192,190,189,188,185,185,185,185,185,184,175,168,164,152,150,147,147,147,147,147,147,147,147,147,147,145,143,143,141,141,134,134,134,133,133,133,133,133,128,123,123,120,111,111
0,0,0,0,0,0,0,0,0,0,0,0,0,0,0,0,0,0,0,0,0,0,0,0,0,0,0,0,0,0,0,0,0,0,0,0,0,0,0,0,0,0,0,0,0,0,0,0,0,0,0,0,0,0,0,0,0,0,0,0,0,0,0,0,0,0,0,0,0,0,0,0,0,0,0,0,0,0,0,0,0,0,0,0,0,7,7,7,7,7,7,7,7,7,7,7,7,34,34,44,44,44,52,63,71,71,71,78,84,84,84,94,94,94,94,94,94,112,112,112,126,142,157,157,157,157,157,159,163,174,174,174,174,174,178,183,185,185,185,185,185,203,203,217,220,220,220,220,222,225,225,231,231,235,238,238,239,239,239,243,250,250,250,250,250,250,250,250,250,254,261,261,261,261,261,261,261,261,261,263,263,263,267,273,273,273,273,273,273,280,283,283,283,283,283,283,283,283,283,284,284,284,284,284,284,278,277,277,277,277,278,278,278,278,278,278,279,279,258,252,252,252,250,241,247,243,245,247,247,246,246,244,237,237,237,238,238,225,225,225,223,204,190,185,185,185,185,183,183,179,172,173,173,173,171,166,164,162,162,162,162,158,148,141,141,139,139,139,137,136,134,132,128,127,123,122,122,121,121,119,114,110,110,110,110,110,110,110,110,110,102,101,101,101,101,101,101,101,101,101
0,0,0,0,0,0,0,0,0,0,0,0,0,0,0,0,0,0,0,0,0,0,0,0,0,0,0,0,0,0,0,0,0,0,0,0,0,0,0,0,0,0,0,0,0,0,0,0,0,0,0,0,0,0,0,0,0,0,0,0,0,0,0,0,0,0,0,0,0,0,0,0,0,0,0,2,2,2,2,2,2,2,2,2,2,2,2,2,2,2,2,2,2,2,2,2,2,2,2,2,2,2,2,2,2,2,2,2,2,2,2,2,2,2,2,2,2,2,2,10,22,22,22,22,22,22,22,22,22,22,39,39,52,52,52,52,52,52,64,74,76,76,76,87,87,98,98,98,108,113,113,113,113,120,142,142,145,149,149,149,149,149,149,149,149,149,154,171,175,175,175,175,187,191,191,191,191,191,191,191,204,209,209,209,209,209,209,225,225,231,231,231,242,242,242,241,241,241,241,242,242,245,245,245,245,245,245,245,245,245,245,245,245,248,256,256,256,256,256,256,256,256,256,256,261,261,261,261,261,262,262,262,262,262,262,262,262,262,262,264,263,253,253,253,253,253,253,253,253,253,253,248,242,240,240,240,242,242,233,232,229,228,228,228,227,220,218,218,214,205,205,205,205,201,186,180,180,179,175,175,175,175,175,175,175,175,174,172,172,169,169,169,161,155,155,155,155,155,155,155
0,0,0,0,0,0,0,0,0,0,0,0,0,0,0,0,0,0,0,0,0,0,0,0,0,0,0,0,0,0,0,0,0,0,0,0,0,0,0,0,0,0,0,0,0,0,0,0,0,0,0,0,0,0,0,0,0,0,0,0,0,0,0,0,0,0,0,0,0,0,0,0,0,0,0,0,0,0,0,0,0,7,7,7,7,7,7,7,21,21,21,21,21,21,21,42,42,42,53,53,53,53,56,56,62,73,88,88,95,107,107,107,107,107,107,114,114,127,136,137,137,137,137,141,153,154,154,154,158,158,158,165,165,166,167,169,169,169,169,169,173,173,175,175,175,179,179,185,185,193,198,203,207,207,207,211,211,211,218,218,218,218,218,218,218,218,218,218,224,230,235,239,241,241,241,241,241,241,241,241,248,248,255,255,255,255,255,255,255,255,255,255,255,255,255,255,255,255,255,256,256,264,264,264,264,264,264,264,253,254,254,254,254,254,255,252,244,244,242,233,233,233,231,232,239,242,236,226,224,217,209,209,209,210,210,207,206,199,196,189,189,189,189,186,181,176,175,176,173,173,173,172,170,170,168,166,166,166,166,166,165,163,162,161,161,157,157,154,151,148,138,137,134,135,135,133,132,132,130,126,126,126,126,126,126,126,126,126,126,125,118,116,113,113,113,113,113,114,114,114
0,0,0,0,0,0,0,0,0,0,0,0,0,0,0,0,0,0,0,0,0,0,0,0,0,0,0,0,0,0,0,0,0,0,0,0,0,0,0,0,0,0,0,0,0,0,0,0,0,0,0,0,0,0,0,0,0,0,0,0,0,0,0,0,0,0,0,0,0,0,0,0,0,0,0,0,0,0,0,0,0,0,0,0,7,7,7,19,31,31,31,31,31,31,48,48,55,55,75,84,84,84,93,93,95,95,113,113,121,121,121,121,121,121,121,125,137,137,141,142,142,146,146,150,150,150,150,166,166,169,179,179,190,190,190,190,190,190,193,193,199,206,212,212,212,215,215,215,217,224,229,229,233,235,239,239,244,244,252,255,255,256,258,258,258,258,258,258,259,261,261,261,261,261,261,264,264,264,264,264,264,264,264,264,264,265,265,265,265,265,265,265,265,265,265,265,265,265,265,265,265,265,265,265,270,269,269,268,246,245,245,245,245,245,244,242,241,238,235,217,213,213,213,208,206,208,207,198,194,193,193,193,193,193,193,189,187,180,177,177,177,175,173,169,169,169,169,163,159,158,156,154,151,144,144,144,144,144,141,141,141,139,131,129,129,126,126,126,126,122,113,113,112,111,108,107,105,104,96,95,93,93,91,90,90,90,90,90,90,89,88,88,88,88,88,88,85,85,85,85
0,0,0,0,0,0,0,0,0,0,0,0,0,0,0,0,0,0,0,0,0,0,0,0,0,0,0,0,0,0,0,0,0,0,0,0,0,0,0,0,0,0,0,0,0,0,0,0,0,0,0,0,0,0,0,0,0,0,0,0,0,0,0,0,0,0,0,0,0,0,0,0,0,0,0,0,0,0,0,0,0,0,0,0,0,0,0,13,18,18,18,18,18,18,18,18,18,32,44,44,44,44,44,54,54,54,65,65,69,69,69,89,89,89,89,89,95,102,102,102,104,111,111,113,115,115,115,115,119,119,119,119,119,136,136,138,138,138,138,138,142,142,147,154,168,168,176,176,176,176,176,176,176,176,176,176,176,183,188,188,188,192,192,200,200,200,203,216,219,219,219,220,220,229,229,234,234,234,234,234,234,234,239,239,249,249,252,252,257,262,262,264,267,267,267,267,267,267,267,267,267,267,267,267,267,267,267,259,252,250,250,250,251,251,251,251,251,249,233,228,228,228,228,226,237,237,245,245,245,241,241,224,222,222,222,222,221,216,214,214,213,212,207,207,205,204,204,204,205,203,203,203,203,200,186,186,184,184,184,184,183,181,184,185,176,173,171,166,166,166,166,166,166,169,169,169,169,165,160,159,159,155,155,153,151,151,151,146,141,139,139,138,138,133,130,126,126,126,127,127
0,0,0,0,0,0,0,0,0,0,0,0,0,0,0,0,0,0,0,0,0,0,0,0,0,0,0,0,0,0,0,0,0,0,0,0,0,0,0,0,0,0,0,0,0,0,0,0,0,0,0,0,0,0,0,0,0,0,0,0,0,0,0,0,0,0,0,0,0,0,0,0,0,0,0,0,0,0,0,0,0,0,0,0,0,0,0,6,6,6,6,6,6,22,22,22,22,37,37,37,37,53,53,53,65,65,80,80,80,96,108,123,130,138,138,138,141,145,145,145,145,152,163,173,181,181,181,189,190,190,193,193,193,195,195,200,200,200,200,200,205,205,205,205,205,205,211,216,218,223,223,223,227,227,227,227,227,227,229,229,229,232,232,238,238,252,252,252,252,259,262,268,268,268,268,268,271,271,271,271,271,271,271,271,271,271,277,277,277,277,277,277,277,277,277,277,277,277,277,277,278,278,278,278,278,278,278,273,272,272,272,272,272,272,267,267,267,257,256,256,256,242,241,241,244,241,240,233,233,218,217,196,189,185,177,177,177,175,175,175,175,170,163,152,143,141,141,138,134,133,131,132,132,130,130,127,126,126,126,126,123,123,123,123,123,123,119,114,113,109,107,107,106,103,103,103,103,103,102,101,101,99,99,96,97,93,88,88,88,88,82,75,73,73,73,73,71,71,71,71
0,0,0,0,0,0,0,0,0,0,0,0,0,0,0,0,0,0,0,0,0,0,0,0,0,0,0,0,0,0,0,0,0,0,0,0,0,0,0,0,0,0,0,0,0,0,0,0,0,0,0,0,0,0,0,0,0,0,0,0,0,0,0,0,0,0,0,0,0,0,0,0,0,0,0,0,0,0,0,0,0,0,0,0,0,0,0,0,0,0,0,6,13,13,13,13,13,13,13,28,49,64,64,67,67,67,67,87,87,87,87,87,87,95,95,100,100,100,100,107,107,122,122,122,122,139,139,145,152,152,152,152,160,166,166,172,172,172,172,172,181,181,181,181,181,181,181,181,188,188,190,195,195,195,195,195,195,202,202,202,206,206,206,215,220,220,220,227,238,244,244,245,245,245,252,252,252,257,261,261,261,262,262,262,262,262,262,262,262,262,262,262,266,266,266,266,266,266,266,266,266,266,266,266,266,266,266,266,266,266,266,264,271,269,269,269,269,269,269,262,240,229,219,217,217,217,217,212,202,202,202,202,202,197,195,195,192,192,193,190,190,186,176,176,176,169,163,159,160,164,164,164,164,161,157,152,151,152,152,152,150,147,147,148,148,148,148,148,145,142,140,139,137,137,137,139,139,139,133,133,130,130,130,129,126,122,122,117,112,110,107,107,106,106,101,100,102,100,94,94
0,0,0,0,0,0,0,0,0,0,0,0,0,0,0,0,0,0,0,0,0,0,0,0,0,0,0,0,0,0,0,0,0,0,0,0,0,0,0,0,0,0,0,0,0,0,0,0,0,0,0,0,0,0,0,0,0,0,0,0,0,0,0,0,0,0,0,0,0,0,0,0,0,0,0,0,0,0,0,0,0,0,0,0,11,11,11,14,14,20,20,20,20,20,20,20,20,34,34,45,57,57,57,57,57,57,57,57,57,57,79,96,96,115,116,116,116,126,126,145,145,147,147,159,161,161,161,165,165,170,170,170,171,171,177,177,183,183,183,183,184,192,192,192,192,195,196,198,198,199,199,200,200,200,200,200,200,210,210,210,210,213,213,217,217,217,217,217,222,225,232,238,238,247,247,247,247,247,247,259,259,259,263,263,263,266,269,269,269,271,271,271,271,271,271,271,271,271,271,271,271,271,271,271,273,271,271,269,269,266,264,264,264,264,264,264,266,258,252,243,240,233,233,233,233,234,234,234,234,234,230,207,203,194,186,187,187,194,193,186,184,184,182,181,169,168,168,168,164,162,159,159,159,158,158,152,146,146,146,146,145,145,144,144,144,143,140,138,138,138,138,137,137,137,137,137,137,135,128,128,128,126,126,124,122,122,122,122,120,116,113,109,104,101,95,95,95,95,95,94
0,0,0,0,0,0,0,0,0,0,0,0,0,0,0,0,0,0,0,0,0,0,0,0,0,0,0,0,0,0,0,0,0,0,0,0,0,0,0,0,0,0,0,0,0,0,0,0,0,0,0,0,0,0,0,0,0,0,0,0,0,0,0,0,0,0,0,0,0,0,0,0,0,0,0,0,0,0,0,0,0,0,0,0,0,0,0,0,0,0,0,0,0,0,0,0,0,0,0,0,0,0,0,0,0,0,0,0,0,0,0,0,0,0,0,0,0,0,0,0,0,0,0,0,0,0,0,0,0,0,0,0,0,0,0,0,0,0,0,0,0,0,0,0,0,0,0,0,0,0,0,0,0,0,0,0,0,0,0,0,0,0,0,0,0,0,0,0,0,0,0,0,0,0,0,0,0,0,0,0,0,0,0,0,0,0,0,0,0,0,0,0,0,0,0,0,0,0,0,0,0,0,0,0,0,0,0,0,0,0,0,0,0,0,0,0,0,0,0,0,0,0,0,0,0,0,0,0,0,0,0,0,0,0,0,0,0,0,0,0,0,0,0,0,0,0,0,0,0,0,0,0,0,0,0,0,0,0,0,0,0,0,0,0,0,0,0,0,0,0,0,0,0,0,0,0,0,0,0,0,0,0,0,0,0,0,0,0,0,0,0,0,0,0,0,0,0,0,0,0
0,0,0,0,0,0,0,0,0,0,0,0,0,0,0,0,0,0,0,0,0,0,0,0,0,0,0,0,0,0,0,0,0,0,0,0,0,0,0,0,0,0,0,0,0,0,0,0,0,0,0,0,0,0,0,0,0,0,0,0,0,0,0,0,0,0,0,0,0,0,0,0,0,0,0,0,0,0,0,0,0,0,6,6,6,6,6,6,6,6,6,6,6,23,23,38,38,38,54,54,54,69,69,71,76,76,76,76,76,76,76,76,76,76,89,97,98,108,115,115,115,123,123,130,130,130,139,144,144,150,150,150,150,150,152,152,152,152,152,168,168,169,169,169,169,175,180,180,180,180,180,180,188,188,193,193,194,200,206,214,219,219,219,219,219,219,228,228,235,235,235,240,240,245,246,246,249,249,249,249,262,262,262,269,279,279,281,281,281,281,281,281,285,286,286,286,286,286,286,286,294,294,294,298,298,298,298,298,298,298,298,298,298,297,288,281,280,280,271,264,264,262,250,249,247,243,243,243,243,243,243,243,243,243,236,223,224,224,216,216,216,212,209,207,203,203,195,193,192,191,189,189,189,189,188,188,188,188,188,183,180,180,179,179,179,177,169,168,168,168,168,168,166,163,162,159,158,155,147,146,139,135,135,135,135,135,131,131,128,126,126,125,121,119,116,115,114,114,114,114
0,0,0,0,0,0,0,0,0,0,0,0,0,0,0,0,0,0,0,0,0,0,0,0,0,0,0,0,0,0,0,0,0,0,0,0,0,0,0,0,0,0,0,0,0,0,0,0,0,0,0,0,0,0,0,0,0,0,0,0,0,0,0,0,0,0,0,0,0,0,0,0,0,0,0,0,0,0,0,0,0,0,0,0,0,0,9,9,9,14,14,14,14,14,25,25,25,25,34,34,39,39,39,39,39,56,56,72,72,75,75,84,98,98,98,98,107,107,107,107,107,107,118,126,129,144,144,144,144,144,144,150,150,150,163,163,163,163,163,163,169,169,175,175,177,177,177,177,199,202,205,205,207,207,207,207,207,226,231,231,239,242,245,245,245,245,245,245,245,245,245,245,245,252,252,252,259,259,269,269,269,269,269,269,269,269,272,272,272,272,272,276,276,276,276,276,276,276,277,277,277,277,277,277,277,277,274,268,269,264,264,265,265,265,265,280,280,280,277,271,267,267,267,268,270,280,274,269,265,265,262,257,245,240,240,240,236,234,234,234,234,234,234,220,214,208,198,198,198,198,198,199,199,199,194,188,188,188,188,188,185,183,182,180,180,179,179,179,169,157,156,157,156,155,155,155,159,157,138,137,131,129,127,126,126,126,126,126,126,126,126,126,126,119,119,119,116,115,106,106
