0,0,0,0,0,0,0,0,0,0,0,0,0,0,0,0,0,0,0,0,0,0,0,0,0,0,0,0,0,0,0,0,0,0,0,0,0,0,0,0,0,0,0,0,0,0,0,0,0,0,0,0,0,0,0,0,0,0,0,0,0,0,0,0,0,0,0,0,0,0,0,0,0,0,0,0,0,0,0,0,0,0,0,0,0,45,45,45,45,43,42,42,42,74,95,95,94,93,93,92,101,101,100,100,131,131,131,140,140,153,152,151,149,147,145,145,145,145,182,193,193,201,200,199,197,197,194,192,191,207,204,201,212,228,228,232,231,230,230,228,226,225,222,232,235,233,236,232,235,234,236,235,236,234,232,229,229,226,226,224,221,218,222,219,220,217,212,211,210,207,207,207,211,209,208,208,206,205,207,211,210,206,205,203,202,202,202,198,195,195,195,193,187,188,188,187,184,183,182,180,180,177,175,174,174,173,169,168,165,164,163,163,163,163,162,160,158,152,150,149,149,148,148,146,146,146,143,142,142,141,140,139,138,137,135,134,133,131,130,128,128,127,127,126,125,123,121,121,119,118,120,117,116,115,115,115,114,114,114,114,111,110,108,105,102,102,101,100,99,99,98,98,97,97,96,96,96,95,94,91,91,89,89,89,87,87,87,86,86,86,86,83,82,82,82,81,79,77,78,82
0,0,0,0,0,0,0,0,0,0,0,0,0,0,0,0,0,0,0,0,0,0,0,0,0,0,0,0,0,0,0,0,0,0,0,0,0,0,0,0,0,0,0,0,0,0,0,0,0,0,0,0,0,0,0,0,0,0,0,0,0,0,0,0,0,0,0,0,0,0,0,0,0,0,0,0,0,0,0,0,0,0,0,45,45,45,44,44,42,42,40,40,40,79,101,115,142,142,140,152,161,161,164,173,173,181,181,180,180,180,183,182,179,178,180,180,188,188,188,187,187,184,180,190,194,198,202,200,200,199,209,209,214,213,211,215,218,217,218,215,212,209,212,215,213,213,213,210,206,203,202,204,203,203,200,200,206,202,202,201,198,196,194,193,194,192,194,195,194,194,192,190,192,192,192,194,193,192,189,189,189,189,191,190,187,185,181,181,179,177,176,176,177,175,175,175,173,170,168,166,165,162,161,158,160,158,157,154,153,150,149,144,142,143,145,145,146,145,144,143,142,141,140,139,140,141,141,140,140,138,137,136,136,136,136,136,133,131,130,129,128,127,127,125,124,121,120,119,115,115,115,116,115,115,111,111,109,105,105,105,105,106,104,104,103,103,103,103,103,103,102,102,102,101,101,100,100,99,98,97,97,96,96,94,93,93,93,93,93,93,93,93,93,93,93,93,92,92,92,90
0,0,0,0,0,0,0,0,0,0,0,0,0,0,0,0,0,0,0,0,0,0,0,0,0,0,0,0,0,0,0,0,0,0,0,0,0,0,0,0,0,0,0,0,0,0,0,0,0,0,0,0,0,0,0,0,0,0,0,0,0,0,0,0,0,0,0,0,0,0,0,0,0,0,0,0,0,0,0,0,0,0,0,0,0,0,0,0,0,0,93,93,93,93,126,125,141,141,138,136,136,136,135,132,145,144,143,157,172,180,194,192,202,201,201,206,204,204,202,199,199,230,229,241,248,245,254,260,280,278,286,290,286,282,280,289,287,283,281,288,286,285,284,283,288,287,285,286,281,280,277,276,275,272,276,280,277,275,273,269,274,270,267,265,271,269,275,275,275,276,271,271,271,267,265,265,264,264,260,262,262,261,260,261,260,257,257,255,253,254,252,250,250,247,242,239,236,236,232,232,232,231,230,228,228,227,223,222,219,219,217,215,213,212,209,206,205,203,202,202,198,195,194,193,192,189,188,188,189,187,186,184,182,180,180,178,177,176,175,175,174,174,172,170,170,170,168,167,165,164,163,163,163,163,162,161,159,158,157,157,156,156,153,153,150,149,148,148,148,148,147,145,144,143,143,141,141,139,139,137,136,136,134,133,132,132,131,131,127,127,127,126,125,124,124,122,122,122,122,121
0,0,0,0,0,0,0,0,0,0,0,0,0,0,0,0,0,0,0,0,0,0,0,0,0,0,0,0,0,0,0,0,0,0,0,0,0,0,0,0,0,0,0,0,0,0,0,0,0,0,0,0,0,0,0,0,0,0,0,0,0,0,0,0,0,0,0,0,0,0,0,0,0,0,0,0,0,0,0,0,0,0,0,0,0,0,0,47,47,84,83,81,79,79,101,99,97,95,95,109,108,131,143,164,164,173,170,168,186,186,185,183,195,194,194,193,193,192,189,210,215,239,246,243,242,240,239,250,247,245,246,244,247,244,241,244,246,243,247,244,242,255,255,260,258,257,258,260,258,266,265,263,261,260,257,256,253,253,250,248,245,244,245,245,241,240,242,243,237,236,235,234,231,233,231,231,230,228,226,224,223,222,220,220,219,215,213,212,211,211,209,207,207,205,201,199,196,189,188,188,188,182,181,179,176,174,173,171,171,169,167,166,164,164,162,160,158,154,153,152,150,148,147,144,140,140,140,138,138,138,137,135,135,135,134,133,131,129,127,127,126,125,123,123,120,116,115,113,114,114,113,113,117,116,114,113,110,108,107,105,104,101,101,101,102,101,100,99,96,96,95,94,93,93,92,92,92,89,87,86,86,86,86,83,82,82,81,80,78,78,78,78,79,79,77,75,74,74,74,74
0,0,0,0,0,0,0,0,0,0,0,0,0,0,0,0,0,0,0,0,0,0,0,0,0,0,0,0,0,0,0,0,0,0,0,0,0,0,0,0,0,0,0,0,0,0,0,0,0,0,0,0,0,0,0,0,0,0,0,0,0,0,0,0,0,0,0,0,0,0,0,0,0,0,0,0,0,0,0,0,0,0,0,0,0,0,0,0,0,0,0,59,93,93,93,115,113,112,111,111,109,107,124,123,120,132,131,145,153,152,148,160,160,158,157,153,151,201,200,197,196,204,225,223,241,243,254,251,250,256,260,258,265,267,266,264,262,258,258,258,261,263,269,267,262,265,272,270,270,266,266,270,273,269,267,265,263,260,260,257,254,260,258,257,257,259,258,259,260,260,257,255,255,254,253,252,249,247,247,243,241,238,238,238,236,238,239,236,235,234,231,233,231,230,230,228,228,226,226,224,222,221,220,218,219,215,213,211,211,209,209,208,207,206,205,203,203,201,200,198,196,195,193,192,189,189,188,186,186,184,182,181,179,177,174,173,173,173,172,172,169,169,167,167,164,162,161,161,156,156,155,154,157,157,153,151,151,150,148,147,146,145,143,141,139,138,138,138,138,138,138,138,138,136,135,135,134,132,131,128,127,125,124,124,122,121,121,119,118,117,115,113,113,113,113,112,111,109,108,107
0,0,0,0,0,0,0,0,0,0,0,0,0,0,0,0,0,0,0,0,0,0,0,0,0,0,0,0,0,0,0,0,0,0,0,0,0,0,0,0,0,0,0,0,0,0,0,0,0,0,0,0,0,0,0,0,0,0,0,0,0,0,0,0,0,0,0,0,0,0,0,0,0,0,0,0,0,0,0,0,0,0,0,0,0,0,0,20,20,19,19,19,19,19,19,19,19,18,18,67,66,63,103,102,102,101,100,138,138,137,134,134,134,132,176,174,171,169,166,186,185,201,197,206,233,232,236,236,232,231,234,237,241,259,258,265,261,260,259,262,257,260,252,249,251,255,255,250,247,243,240,246,246,245,244,248,246,246,245,246,244,242,241,245,240,240,244,242,245,247,247,242,239,243,238,237,237,233,229,229,224,224,220,221,217,216,215,214,211,209,208,206,207,205,205,203,201,200,199,197,195,193,193,191,188,184,184,181,180,178,178,176,175,175,174,172,172,169,169,168,168,166,166,164,163,163,159,162,160,160,159,159,159,159,159,156,155,153,151,152,151,151,149,149,145,144,144,144,144,144,144,144,144,142,141,141,140,138,138,137,135,135,134,131,131,131,129,128,128,127,127,124,124,122,120,119,119,119,117,118,117,115,115,115,115,115,113,112,112,111,111,110,110,108,107,107,107,106,106,106
0,0,0,0,0,0,0,0,0,0,0,0,0,0,0,0,0,0,0,0,0,0,0,0,0,0,0,0,0,0,0,0,0,0,0,0,0,0,0,0,0,0,0,0,0,0,0,0,0,0,0,0,0,0,0,0,0,0,0,0,0,0,0,0,0,0,0,0,0,0,0,0,0,0,0,0,0,0,0,0,0,0,0,0,0,43,43,43,43,43,43,43,43,42,42,41,41,41,41,41,41,93,91,90,89,87,87,124,122,122,138,151,150,167,167,166,174,176,174,173,173,191,190,198,195,193,192,192,190,190,185,193,191,195,196,220,224,228,227,225,223,222,218,217,216,218,218,218,218,218,219,224,224,223,223,228,228,226,226,225,224,224,223,221,220,222,220,220,219,216,215,212,212,210,207,206,206,205,204,205,202,201,199,198,195,190,189,186,189,188,186,186,186,183,183,182,180,178,177,175,175,174,171,170,167,166,166,164,163,160,158,156,153,152,151,150,150,146,147,146,145,144,142,141,139,139,138,137,139,138,138,136,132,130,131,128,126,125,124,124,124,122,121,120,115,115,113,112,109,108,108,107,106,105,103,103,103,103,103,100,100,99,97,97,97,97,96,95,94,91,91,88,90,89,88,87,87,85,85,84,83,81,81,80,79,78,77,77,77,77,77,77,76,75,74,74,73,71,70,69
0,0,0,0,0,0,0,0,0,0,0,0,0,0,0,0,0,0,0,0,0,0,0,0,0,0,0,0,0,0,0,0,0,0,0,0,0,0,0,0,0,0,0,0,0,0,0,0,0,0,0,0,0,0,0,0,0,0,0,0,0,0,0,0,0,0,0,0,0,0,0,0,0,0,0,0,0,0,0,0,0,0,0,0,0,0,47,47,45,44,44,43,43,43,41,41,40,40,39,71,98,98,171,168,179,178,177,177,183,179,194,193,191,211,209,206,202,200,199,199,199,206,209,208,213,221,223,222,221,217,214,211,209,217,221,226,222,219,219,227,228,231,231,230,237,234,231,228,227,227,227,226,225,225,224,224,222,222,219,217,216,215,212,209,205,200,202,199,199,195,192,193,193,196,196,199,198,198,196,193,195,193,194,193,191,187,184,184,183,182,181,181,180,178,176,176,173,171,170,170,168,167,166,164,162,160,157,156,154,153,152,151,149,148,146,146,147,143,140,140,140,138,137,135,133,133,131,129,130,130,129,129,129,125,125,123,121,121,119,118,118,117,117,116,116,116,113,113,112,110,108,107,104,104,103,105,105,104,104,103,102,102,102,101,101,100,98,97,97,96,95,95,95,95,92,92,93,93,92,90,90,90,90,90,90,90,90,90,88,87,85,84,81,80,77,75,77,77,76,76
0,0,0,0,0,0,0,0,0,0,0,0,0,0,0,0,0,0,0,0,0,0,0,0,0,0,0,0,0,0,0,0,0,0,0,0,0,0,0,0,0,0,0,0,0,0,0,0,0,0,0,0,0,0,0,0,0,0,0,0,0,0,0,0,0,0,0,0,0,0,0,0,0,0,0,0,0,0,0,0,0,0,0,0,0,0,0,0,0,0,0,0,0,0,0,0,58,58,54,53,53,53,72,72,72,71,71,71,71,71,71,70,69,68,68,67,65,65,63,93,93,150,181,180,178,177,174,183,179,175,214,217,217,215,218,217,217,216,215,215,213,211,209,229,228,226,225,221,217,224,234,230,230,229,227,224,228,224,223,223,225,224,227,225,229,229,227,228,225,223,222,227,226,224,226,229,227,223,221,218,217,216,216,215,215,215,217,218,215,217,217,217,214,212,212,209,204,200,200,198,195,193,191,188,187,187,186,184,180,179,178,175,174,173,172,168,166,164,160,158,153,153,153,151,150,149,149,149,149,147,147,145,145,144,143,141,141,141,140,139,139,137,136,136,136,134,134,134,131,130,131,130,130,126,125,124,121,119,117,116,113,112,112,111,112,112,110,108,108,108,107,107,105,104,103,103,101,100,99,99,99,99,97,97,97,96,95,94,92,91,90,90,90,90,89,87,88,86,86,85
0,0,0,0,0,0,0,0,0,0,0,0,0,0,0,0,0,0,0,0,0,0,0,0,0,0,0,0,0,0,0,0,0,0,0,0,0,0,0,0,0,0,0,0,0,0,0,0,0,0,0,0,0,0,0,0,0,0,0,0,0,0,0,0,0,0,0,0,0,0,0,0,0,0,0,0,0,0,0,0,0,0,0,0,0,37,37,36,35,35,34,33,33,33,81,81,80,80,80,80,80,79,79,79,77,85,83,83,83,83,94,93,93,92,91,102,100,97,114,113,113,141,141,147,153,151,163,161,168,167,173,171,175,187,190,196,200,203,207,207,204,201,198,195,194,194,192,192,190,189,188,186,188,186,185,186,189,187,185,183,181,180,180,180,180,179,177,174,174,172,168,168,169,167,163,163,166,165,165,167,166,162,159,160,160,158,158,159,156,155,152,152,151,151,151,150,148,145,143,142,138,136,136,136,135,134,131,130,128,126,124,124,124,122,121,124,124,122,122,119,119,118,118,117,116,116,114,114,111,110,109,107,106,105,105,104,104,104,102,101,98,98,98,97,95,95,95,95,94,93,92,91,91,90,91,92,92,92,92,92,89,88,86,85,85,85,85,84,84,84,83,81,81,81,80,79,79,79,79,78,77,77,77,76,75,74,73,73,73,73,73,73,72,70,68,65,65,65,65,64
0,0,0,0,0,0,0,0,0,0,0,0,0,0,0,0,0,0,0,0,0,0,0,0,0,0,0,0,0,0,0,0,0,0,0,0,0,0,0,0,0,0,0,0,0,0,0,0,0,0,0,0,0,0,0,0,0,0,0,0,0,0,0,0,0,0,0,0,0,0,0,0,0,0,0,0,0,0,0,0,0,0,0,53,53,52,51,86,86,86,85,85,109,107,126,155,161,159,155,154,175,173,171,168,191,189,208,212,210,208,207,218,230,230,235,232,239,240,239,238,242,242,239,241,238,244,241,243,242,240,239,246,245,243,245,245,244,242,240,238,240,234,234,233,234,231,228,232,229,228,227,232,231,227,227,224,221,218,216,219,221,223,221,214,219,219,217,216,215,214,211,211,210,206,207,203,205,207,206,204,202,202,201,200,199,200,197,197,198,198,196,194,195,189,187,187,186,183,182,182,178,177,175,174,171,168,168,164,163,163,163,163,163,163,162,160,160,154,152,152,151,151,151,151,150,148,148,149,147,147,144,144,143,143,143,143,141,142,140,137,135,135,133,131,131,130,128,128,128,128,127,124,121,120,117,117,117,117,117,117,117,116,116,115,113,112,110,107,106,105,105,105,104,101,101,101,101,101,99,98,96,96,96,96,96,94,94,94,94,93,92,92,92,91,91,91,91,89,89,89
0,0,0,0,0,0,0,0,0,0,0,0,0,0,0,0,0,0,0,0,0,0,0,0,0,0,0,0,0,0,0,0,0,0,0,0,0,0,0,0,0,0,0,0,0,0,0,0,0,0,0,0,0,0,0,0,0,0,0,0,0,0,0,0,0,0,0,0,0,0,0,0,0,0,0,0,0,0,0,0,0,0,0,0,0,0,0,0,0,0,0,0,0,0,0,0,0,0,0,0,0,0,0,67,66,65,91,91,118,118,115,114,114,111,110,110,136,136,136,174,204,201,198,195,213,213,212,210,219,219,218,215,212,223,224,234,232,234,233,239,245,244,250,255,253,250,248,246,242,244,241,239,235,238,237,234,232,231,230,229,226,225,226,223,220,230,230,226,224,227,228,224,222,223,219,216,220,219,214,213,215,214,214,207,206,205,204,202,201,201,199,195,194,192,191,189,188,188,187,184,183,181,180,179,177,173,170,169,169,169,169,166,165,165,165,161,160,159,157,156,152,151,150,151,146,144,143,142,141,139,139,138,136,136,134,133,130,128,126,126,127,126,124,124,123,122,122,122,122,122,122,122,120,118,117,116,116,114,114,114,112,110,109,109,108,108,107,105,105,103,103,103,101,100,100,100,100,99,99,99,97,97,96,96,95,96,96,95,93,93,93,91,89,88,88,88,88,89,90,89
0,0,0,0,0,0,0,0,0,0,0,0,0,0,0,0,0,0,0,0,0,0,0,0,0,0,0,0,0,0,0,0,0,0,0,0,0,0,0,0,0,0,0,0,0,0,0,0,0,0,0,0,0,0,0,0,0,0,0,0,0,0,0,0,0,0,0,0,0,0,0,0,0,0,0,0,16,16,16,16,16,16,16,15,14,14,14,14,14,14,13,13,13,13,13,13,12,33,33,33,46,46,46,46,46,46,46,46,46,46,46,46,45,44,42,42,42,42,128,140,152,150,150,148,148,144,174,173,172,171,167,167,167,176,173,172,169,167,177,187,191,189,187,184,191,193,202,210,207,200,203,215,215,211,211,209,215,221,221,225,224,222,220,218,219,218,215,212,210,210,210,210,210,208,208,208,207,207,210,208,210,209,206,204,203,199,197,197,195,195,194,191,189,188,187,186,185,182,180,177,176,174,172,172,172,171,170,170,169,166,166,165,165,161,160,159,157,156,152,152,151,149,148,148,144,144,144,144,140,140,140,140,139,139,139,136,136,137,137,137,134,133,133,132,132,132,130,129,129,129,129,129,129,127,125,123,123,123,124,124,123,122,121,120,116,115,115,115,115,115,115,114,113,113,113,113,112,111,110,109,107,107,107,106,106,106,106,105,103,102,102,102,102,101,101,100,100,98,96,96
0,0,0,0,0,0,0,0,0,0,0,0,0,0,0,0,0,0,0,0,0,0,0,0,0,0,0,0,0,0,0,0,0,0,0,0,0,0,0,0,0,0,0,0,0,0,0,0,0,0,0,0,0,0,0,0,0,0,0,0,0,0,0,0,0,0,0,0,0,0,0,0,0,0,0,0,0,0,0,0,0,0,0,0,0,0,0,0,0,0,0,0,0,0,0,0,0,0,0,0,0,0,0,0,0,0,22,22,21,21,21,21,20,20,19,59,58,57,56,86,86,85,141,141,141,141,163,187,187,205,217,216,215,219,215,218,222,218,213,211,223,228,225,224,223,219,226,223,222,220,222,219,231,229,227,230,241,244,243,239,243,240,238,237,237,235,234,233,233,230,231,231,232,229,227,225,223,224,223,223,219,222,222,222,220,220,220,222,220,221,221,220,219,215,212,209,206,205,202,199,199,199,195,193,191,189,188,185,185,184,181,179,175,174,173,172,171,169,169,167,165,163,160,159,157,156,155,152,151,150,150,150,149,148,148,146,144,144,143,143,143,143,141,141,140,139,138,138,138,135,133,132,132,130,130,129,130,130,130,128,126,126,125,123,121,120,120,117,115,115,114,114,114,113,112,112,112,112,112,110,108,107,107,106,105,105,105,105,104,102,102,102,102,99,95,92,91,88,87,86
0,0,0,0,0,0,0,0,0,0,0,0,0,0,0,0,0,0,0,0,0,0,0,0,0,0,0,0,0,0,0,0,0,0,0,0,0,0,0,0,0,0,0,0,0,0,0,0,0,0,0,0,0,0,0,0,0,0,0,0,0,0,0,0,0,0,0,0,0,0,0,0,0,0,0,0,0,0,0,0,0,0,0,0,0,0,0,0,0,0,0,0,0,0,34,51,51,72,124,123,121,117,117,181,181,178,177,186,192,190,194,220,217,215,218,217,222,220,220,225,224,228,229,248,246,249,249,248,246,242,242,242,241,241,245,244,242,238,237,237,238,240,239,240,240,244,240,238,237,234,231,232,232,231,228,225,223,223,222,222,220,221,219,218,220,218,219,219,218,216,216,216,214,213,211,210,208,204,203,202,207,205,203,203,201,201,200,199,199,198,200,199,198,198,196,194,193,193,190,190,186,186,184,181,179,177,174,172,171,171,170,169,168,168,170,172,171,168,168,168,166,165,165,163,162,160,158,157,156,153,152,152,152,150,148,147,145,141,140,139,137,136,135,135,132,130,127,126,125,124,124,122,123,122,122,120,119,119,116,116,115,115,115,114,112,110,110,109,109,107,106,104,102,102,101,99,99,99,98,97,96,96,96,94,94,93,93,93,91,90,90,89,87,86,86,87,87,86,86,87
0,0,0,0,0,0,0,0,0,0,0,0,0,0,0,0,0,0,0,0,0,0,0,0,0,0,0,0,0,0,0,0,0,0,0,0,0,0,0,0,0,0,0,0,0,0,0,0,0,0,0,0,0,0,0,0,0,0,0,0,0,0,0,0,0,0,0,0,0,0,0,0,0,0,0,0,0,0,0,0,0,0,0,0,57,57,102,102,102,100,100,100,100,99,99,98,98,97,112,111,123,122,122,122,122,118,130,130,128,137,135,143,143,143,174,173,173,198,197,194,199,197,196,211,210,210,211,210,207,205,205,206,211,212,215,213,213,221,220,226,230,227,229,228,228,228,227,222,220,217,222,229,228,225,224,220,217,220,217,215,212,212,214,210,213,210,214,210,206,206,204,207,206,206,208,207,205,201,200,198,198,198,198,196,196,197,197,195,192,190,189,188,187,186,186,184,181,181,178,178,176,174,173,172,170,171,171,171,171,171,169,169,169,167,166,165,164,164,161,161,161,160,160,160,158,156,155,155,154,154,154,154,152,148,146,147,146,143,145,143,142,142,139,139,136,136,135,134,133,133,133,131,129,129,128,127,126,125,124,124,125,123,123,124,122,122,122,122,121,121,118,116,114,114,114,114,112,109,108,107,105,103,103,101,101,101,101,99,98,97,94,94,93,92,90,90,89,87,86,83
0,0,0,0,0,0,0,0,0,0,0,0,0,0,0,0,0,0,0,0,0,0,0,0,0,0,0,0,0,0,0,0,0,0,0,0,0,0,0,0,0,0,0,0,0,0,0,0,0,0,0,0,0,0,0,0,0,0,0,0,0,0,0,0,0,0,0,0,0,0,0,0,0,0,0,0,0,0,0,0,0,0,0,0,33,33,75,75,74,74,103,102,129,143,168,168,167,191,190,204,203,236,233,239,238,245,243,241,244,244,242,240,248,246,250,248,248,247,246,242,241,239,238,237,236,244,243,242,251,257,256,254,254,255,254,253,252,249,248,248,248,252,253,253,251,252,249,248,246,245,242,242,240,239,238,236,236,242,244,247,244,243,246,247,246,241,240,238,236,233,230,232,232,228,226,225,221,216,216,213,210,210,210,208,207,205,201,203,200,200,204,205,205,202,201,200,198,196,195,193,192,187,187,186,184,181,180,180,178,177,175,175,174,173,173,172,172,171,168,168,168,166,164,164,160,158,155,152,150,148,145,145,145,143,142,140,138,137,137,136,135,134,133,132,131,130,130,130,126,127,124,122,121,120,119,118,118,117,114,114,113,112,112,111,110,108,107,106,105,104,103,103,102,102,100,98,98,98,98,96,96,96,94,93,92,91,91,90,89,89,88,87,86,85,85,85,84,82,80,79
0,0,0,0,0,0,0,0,0,0,0,0,0,0,0,0,0,0,0,0,0,0,0,0,0,0,0,0,0,0,0,0,0,0,0,0,0,0,0,0,0,0,0,0,0,0,0,0,0,0,0,0,0,0,0,0,0,0,0,0,0,0,0,0,0,0,0,0,0,0,0,0,0,0,0,0,0,0,0,0,43,95,94,94,94,132,130,127,127,127,125,133,132,130,130,129,129,129,129,157,156,155,155,153,152,151,149,167,166,165,180,178,176,186,185,218,218,214,226,225,229,227,227,222,234,234,233,238,257,257,263,262,261,270,271,266,274,272,271,290,288,285,284,281,287,287,284,283,279,277,275,274,273,274,273,273,272,269,271,270,268,270,267,264,262,260,257,253,256,256,253,252,251,252,252,250,251,247,246,242,239,237,235,234,233,231,232,231,229,229,229,229,227,223,222,221,219,215,212,212,209,210,210,209,207,203,201,196,196,196,196,193,191,190,186,185,184,181,179,179,180,178,178,175,173,172,172,173,170,170,170,169,169,166,165,165,163,161,160,160,160,156,154,154,154,152,151,151,151,150,149,149,149,149,147,144,140,139,137,136,135,135,134,133,133,132,131,130,129,128,126,126,123,122,120,119,118,117,117,117,117,116,116,115,113,111,110,106,105,104,104,104,104,104,103,103,101,100,99,98
0,0,0,0,0,0,0,0,0,0,0,0,0,0,0,0,0,0,0,0,0,0,0,0,0,0,0,0,0,0,0,0,0,0,0,0,0,0,0,0,0,0,0,0,0,0,0,0,0,0,0,0,0,0,0,0,0,0,0,0,0,0,0,0,0,0,0,0,0,0,0,0,0,0,0,0,0,0,0,0,0,0,0,0,0,0,0,0,0,0,0,0,0,0,0,46,46,99,131,130,129,129,127,127,124,124,123,121,118,117,187,196,195,195,194,193,189,198,195,192,193,214,219,217,222,218,228,225,224,231,228,235,235,242,240,240,237,236,245,255,253,257,253,247,244,240,244,243,241,238,243,242,239,245,246,242,240,238,236,233,234,233,233,243,244,243,243,242,241,239,237,236,234,234,235,232,228,224,222,221,223,223,220,221,217,216,212,211,211,207,204,202,199,199,199,196,194,190,188,187,186,186,186,185,185,182,182,181,181,178,174,173,169,168,167,164,163,159,158,156,155,154,154,152,152,152,151,148,148,146,146,145,144,143,142,141,139,138,138,137,136,136,133,133,132,131,130,130,130,130,129,129,130,129,127,126,125,125,121,120,121,121,118,116,114,114,114,114,114,114,114,112,112,111,110,110,110,109,108,106,106,106,106,105,104,105,104,103,102,97,97,97,95,95,94,94,94,93,93,93
0,0,0,0,0,0,0,0,0,0,0,0,0,0,0,0,0,0,0,0,0,0,0,0,0,0,0,0,0,0,0,0,0,0,0,0,0,0,0,0,0,0,0,0,0,0,0,0,0,0,0,0,0,0,0,0,0,0,0,0,0,0,0,0,0,0,0,0,0,0,0,0,0,0,0,0,0,0,0,0,0,0,0,0,42,42,79,79,79,101,100,100,133,161,159,194,198,197,195,194,194,193,193,190,189,208,216,219,217,215,212,209,209,208,205,209,215,224,229,227,229,227,227,227,225,225,222,220,223,223,220,222,221,218,218,225,228,225,223,224,222,224,220,219,220,220,220,218,216,215,213,213,215,213,216,213,213,216,214,213,213,215,214,215,214,213,211,209,205,203,204,203,204,202,201,201,199,197,201,201,198,196,191,189,189,187,187,188,187,186,186,190,189,186,186,185,184,183,182,181,180,179,173,173,172,172,170,170,169,168,167,166,163,165,166,165,165,165,163,163,160,158,157,153,153,153,149,147,147,143,140,138,138,137,135,135,135,133,132,132,130,129,128,125,124,122,120,118,118,112,111,111,111,110,108,108,108,107,107,107,106,106,105,105,104,104,104,104,104,103,103,103,102,100,99,95,92,92,92,91,91,91,90,90,89,88,87,87,86,86,83,83,82,81,80,80,80,80,78,76
0,0,0,0,0,0,0,0,0,0,0,0,0,0,0,0,0,0,0,0,0,0,0,0,0,0,0,0,0,0,0,0,0,0,0,0,0,0,0,0,0,0,0,0,0,0,0,0,0,0,0,0,0,0,0,0,0,0,0,0,0,0,0,0,0,0,0,0,0,0,0,0,0,0,0,0,0,0,0,0,0,0,0,0,0,0,0,0,0,0,0,0,0,0,0,0,25,25,25,25,25,25,25,25,25,25,25,24,24,80,80,79,100,99,164,197,196,193,210,209,222,221,219,217,226,242,239,236,235,234,228,225,224,233,228,226,222,220,219,217,229,252,246,254,262,258,265,270,267,266,265,274,280,279,284,280,279,277,274,273,268,277,272,272,270,269,267,264,265,261,261,258,257,257,254,252,252,258,258,255,259,255,253,252,250,249,248,247,246,244,249,248,246,246,244,243,240,235,234,232,232,229,225,223,221,218,215,214,210,209,205,204,204,201,200,200,197,196,193,192,191,190,190,187,184,184,183,183,182,182,183,183,182,182,180,180,178,176,176,174,174,174,174,172,171,169,169,169,168,168,166,163,161,160,160,158,156,153,152,149,149,149,147,146,148,148,147,143,143,140,138,138,138,136,136,135,134,134,133,132,130,129,128,128,127,125,125,125,122,120,117,117,116,114,113,113,112,111,111,110
0,0,0,0,0,0,0,0,0,0,0,0,0,0,0,0,0,0,0,0,0,0,0,0,0,0,0,0,0,0,0,0,0,0,0,0,0,0,0,0,0,0,0,0,0,0,0,0,0,0,0,0,0,0,0,0,0,0,0,0,0,0,0,0,0,0,0,0,0,0,0,0,0,0,0,0,0,0,0,0,0,0,0,0,35,34,33,33,33,32,32,32,30,30,51,51,50,48,90,87,93,92,104,104,103,101,112,112,122,146,143,143,140,139,137,136,143,142,151,169,167,175,198,193,191,196,195,194,194,190,190,189,188,190,189,194,194,193,191,189,198,198,197,196,195,191,191,185,185,185,183,183,182,179,179,179,175,179,181,180,177,176,178,175,174,174,174,176,175,175,177,175,173,172,171,169,168,166,164,164,163,162,160,160,160,160,160,158,156,155,155,152,150,148,148,147,145,144,143,142,140,140,139,139,138,138,137,135,132,132,132,130,128,128,127,128,126,125,129,128,127,127,126,123,125,124,121,121,122,122,122,121,120,120,118,118,118,118,117,116,116,115,115,114,114,112,110,110,110,110,110,110,109,107,107,105,104,104,102,101,101,101,101,100,100,98,98,97,96,96,93,92,90,90,89,88,87,87,86,86,86,83,83,82,80,80,80,80,79,79,78,78,78,77,76,75,76,75,75,74
0,0,0,0,0,0,0,0,0,0,0,0,0,0,0,0,0,0,0,0,0,0,0,0,0,0,0,0,0,0,0,0,0,0,0,0,0,0,0,0,0,0,0,0,0,0,0,0,0,0,0,0,0,0,0,0,0,0,0,0,0,0,0,0,0,0,0,0,0,0,0,0,0,0,0,0,0,0,0,0,0,0,0,0,0,61,75,74,73,72,71,70,92,104,151,149,148,155,154,153,162,161,183,183,186,189,186,196,196,199,198,195,201,203,216,214,214,220,221,219,216,216,216,212,210,214,214,213,210,210,209,209,213,218,215,218,220,227,230,233,230,227,223,221,218,218,215,214,213,214,216,214,218,215,214,211,208,205,202,199,198,197,199,198,195,197,198,195,193,193,191,191,192,191,191,188,187,184,185,185,182,180,179,176,173,170,170,170,169,169,167,168,165,164,162,159,159,159,159,157,153,150,149,150,149,147,143,141,140,137,137,137,137,136,136,136,135,134,132,132,132,129,126,125,125,127,126,123,122,121,120,120,120,120,118,117,117,116,116,115,113,112,111,111,111,110,110,110,109,108,108,106,105,105,105,105,106,106,105,103,103,103,102,102,101,99,98,98,98,98,97,97,99,99,99,98,98,97,97,97,96,95,95,93,93,92,91,90,89,88,88,87,85,84,83,83,82,81,81,81
0,0,0,0,0,0,0,0,0,0,0,0,0,0,0,0,0,0,0,0,0,0,0,0,0,0,0,0,0,0,0,0,0,0,0,0,0,0,0,0,0,0,0,0,0,0,0,0,0,0,0,0,0,0,0,0,0,0,0,0,0,0,0,0,0,0,0,0,0,0,0,0,0,0,0,0,0,0,0,0,0,0,0,0,0,0,0,0,0,0,0,0,46,46,44,44,73,88,87,87,86,85,84,83,95,137,157,157,157,162,171,170,189,203,200,202,206,213,219,218,216,213,212,209,208,206,205,202,199,200,205,203,201,199,203,209,209,206,207,212,211,209,206,205,211,211,213,209,206,202,203,202,202,203,203,202,204,203,209,207,208,208,207,205,204,203,201,199,198,196,193,191,189,188,188,185,184,182,181,180,180,180,177,175,176,175,175,174,172,172,172,170,169,167,167,166,162,161,159,157,157,154,152,151,151,150,148,146,144,143,143,142,142,140,139,139,139,138,138,138,136,134,134,131,130,131,129,128,127,126,126,122,122,121,119,119,119,118,117,117,117,117,114,112,112,112,110,110,109,109,108,108,107,107,106,104,104,103,100,100,99,99,97,94,95,95,94,93,92,91,91,89,89,87,84,84,84,84,85,85,85,85,84,84,84,84,84,84,84,84,84,85,84,84,82,82,82,81,80,78
0,0,0,0,0,0,0,0,0,0,0,0,0,0,0,0,0,0,0,0,0,0,0,0,0,0,0,0,0,0,0,0,0,0,0,0,0,0,0,0,0,0,0,0,0,0,0,0,0,0,0,0,0,0,0,0,0,0,0,0,0,0,0,0,0,0,0,0,0,0,0,0,0,0,0,0,0,0,0,0,0,0,0,0,0,0,0,0,0,0,60,60,59,56,56,56,55,93,110,108,107,107,107,106,122,120,151,151,167,190,187,206,204,213,212,212,219,228,227,226,222,222,217,223,233,236,233,242,239,239,238,242,246,245,245,245,246,250,248,256,261,261,261,258,256,251,249,247,242,241,239,237,234,245,245,241,241,240,244,243,242,242,239,236,236,233,232,231,227,227,225,225,222,221,219,217,214,214,214,213,211,209,209,209,211,209,208,208,205,200,196,193,190,188,188,186,185,183,180,178,174,173,171,170,170,170,169,167,167,165,164,161,159,158,153,150,150,147,145,144,144,143,142,142,139,137,135,134,132,131,130,130,129,127,124,124,125,125,125,125,125,124,123,121,119,119,119,117,119,118,118,116,116,116,114,113,112,111,109,109,108,107,104,103,101,99,97,96,96,94,93,92,92,91,91,91,91,91,89,89,87,87,87,86,86,84,83,81,81,81,78,77,77,77,76,75,75,75,75,74
0,0,0,0,0,0,0,0,0,0,0,0,0,0,0,0,0,0,0,0,0,0,0,0,0,0,0,0,0,0,0,0,0,0,0,0,0,0,0,0,0,0,0,0,0,0,0,0,0,0,0,0,0,0,0,0,0,0,0,0,0,0,0,0,0,0,0,0,0,0,0,0,0,0,0,0,0,0,0,0,0,53,91,91,91,90,89,87,87,86,85,84,83,104,104,133,132,142,150,150,161,166,166,165,171,170,179,178,194,192,191,190,198,201,206,205,203,200,209,206,205,200,200,198,203,202,202,200,200,197,193,193,202,199,201,198,196,193,191,188,189,187,194,194,193,194,191,186,184,181,184,182,180,178,176,181,178,176,176,174,174,169,167,166,165,165,170,170,168,167,166,165,163,166,169,169,169,166,164,163,165,165,165,162,162,160,158,156,155,152,149,147,146,145,143,141,141,141,139,139,138,137,136,134,133,133,131,130,129,127,127,127,126,125,123,123,123,122,122,122,118,117,116,115,115,115,113,112,112,111,111,110,108,108,108,108,107,105,105,103,101,101,100,100,97,97,97,95,95,95,95,94,92,92,92,92,91,91,90,89,89,89,88,86,85,84,84,83,81,81,79,78,78,78,78,78,78,79,79,79,77,77,76,76,75,74,72,72,72,72,71,71,70,70,68,68,67,66,65,65
0,0,0,0,0,0,0,0,0,0,0,0,0,0,0,0,0,0,0,0,0,0,0,0,0,0,0,0,0,0,0,0,0,0,0,0,0,0,0,0,0,0,0,0,0,0,0,0,0,0,0,0,0,0,0,0,0,0,0,0,0,0,0,0,0,0,0,0,0,0,0,0,0,0,0,0,0,0,0,0,0,0,0,0,44,44,86,85,85,85,84,109,109,107,106,106,105,142,153,153,152,151,150,150,148,159,177,174,178,178,189,199,224,224,217,216,216,225,220,216,228,230,229,226,231,228,225,225,222,225,229,232,228,227,224,226,223,223,229,228,224,223,221,220,221,220,219,223,222,222,225,223,223,221,217,217,216,215,214,214,213,213,211,207,207,205,201,197,196,194,193,192,190,188,190,191,190,189,188,187,184,184,183,183,182,184,184,180,180,178,177,177,178,177,176,174,170,169,168,167,167,165,164,163,163,163,161,158,158,157,156,155,154,155,155,155,152,150,147,147,146,145,143,143,141,139,139,137,136,135,135,134,133,133,132,132,132,132,133,130,129,126,124,124,121,121,119,118,118,116,116,116,115,115,115,115,115,114,113,112,112,112,112,111,111,110,109,108,107,107,106,105,105,105,104,102,103,102,102,100,98,98,97,97,96,95,94,93,93,92,90,88,87,85,84,85,85,85,85,84
0,0,0,0,0,0,0,0,0,0,0,0,0,0,0,0,0,0,0,0,0,0,0,0,0,0,0,0,0,0,0,0,0,0,0,0,0,0,0,0,0,0,0,0,0,0,0,0,0,0,0,0,0,0,0,0,0,0,0,0,0,0,0,0,0,0,0,0,0,0,0,0,0,0,0,0,0,0,0,0,0,0,0,0,0,0,0,0,0,0,0,0,36,36,36,50,49,49,69,68,84,83,94,94,94,94,93,91,89,123,131,136,135,174,174,190,190,190,200,200,200,199,197,225,224,222,221,220,237,235,238,241,239,242,238,235,236,236,234,230,228,235,238,246,242,239,238,241,244,242,241,239,238,236,240,238,239,239,237,233,231,229,225,224,229,227,226,228,225,224,222,219,220,220,218,216,215,218,216,216,215,213,211,206,206,204,202,198,197,197,194,193,190,189,189,188,187,186,184,182,182,182,179,178,178,177,175,172,172,168,165,163,161,161,161,163,164,164,163,162,161,160,158,157,157,156,155,154,154,154,153,152,152,149,148,145,142,138,138,138,137,136,132,131,130,130,127,127,124,125,124,123,122,122,120,115,114,114,114,113,112,111,111,111,110,110,110,111,111,110,109,109,108,105,104,104,103,102,99,99,99,98,97,96,95,93,92,91,91,89,86,86,85,84,83,82,81,81,81,78
0,0,0,0,0,0,0,0,0,0,0,0,0,0,0,0,0,0,0,0,0,0,0,0,0,0,0,0,0,0,0,0,0,0,0,0,0,0,0,0,0,0,0,0,0,0,0,0,0,0,0,0,0,0,0,0,0,0,0,0,0,0,0,0,0,0,0,0,0,0,0,0,0,0,0,0,0,0,0,0,0,0,0,47,47,47,47,47,47,47,46,46,44,44,44,43,42,39,39,39,38,37,37,35,35,35,33,33,33,33,59,58,58,56,56,56,84,111,110,109,124,123,121,137,137,136,152,185,182,191,189,187,199,196,192,190,188,187,185,226,225,236,235,239,238,236,238,238,238,248,247,245,249,251,248,261,260,266,269,263,261,262,262,256,254,253,250,253,250,247,250,249,244,242,243,240,239,237,235,232,231,228,228,228,230,229,227,225,224,222,223,224,226,222,221,221,218,215,213,213,210,209,207,205,201,198,198,197,197,195,194,193,188,187,186,185,185,179,178,178,177,176,176,176,175,170,170,170,170,170,170,167,165,163,163,161,160,160,158,157,158,156,155,154,151,150,150,150,148,148,148,148,148,147,145,144,144,143,142,142,143,142,141,140,138,136,136,136,135,135,131,130,130,130,130,130,127,127,127,126,126,125,124,123,122,122,120,120,120,119,119,117,117,117,116,116,115,112,111,111
0,0,0,0,0,0,0,0,0,0,0,0,0,0,0,0,0,0,0,0,0,0,0,0,0,0,0,0,0,0,0,0,0,0,0,0,0,0,0,0,0,0,0,0,0,0,0,0,0,0,0,0,0,0,0,0,0,0,0,0,0,0,0,0,0,0,0,0,0,0,0,0,0,0,64,63,63,61,60,60,60,59,59,59,57,57,57,57,56,56,56,55,54,54,54,54,54,126,125,125,123,119,118,116,140,138,152,175,173,196,203,214,211,219,235,233,246,244,244,243,239,237,234,233,230,239,237,243,247,240,236,244,247,246,245,244,242,242,242,245,245,250,247,245,243,240,244,241,241,239,239,237,232,230,232,230,228,224,220,222,221,221,220,220,220,219,219,218,221,220,221,221,221,217,213,212,214,213,209,207,203,201,201,199,198,197,191,189,190,189,183,187,184,183,182,181,180,179,177,174,171,169,166,162,162,162,161,159,158,156,153,149,148,144,144,143,142,139,137,137,135,131,129,125,124,122,121,121,119,119,119,118,119,119,117,117,115,113,112,112,109,108,105,105,103,103,103,103,102,102,101,100,103,103,103,102,102,101,100,100,97,95,95,95,95,95,94,93,92,92,92,92,91,89,88,87,87,86,85,82,80,79,78,77,77,76,76,75,73,73,73,73,73,71,71,69,69,69,69,69
0,0,0,0,0,0,0,0,0,0,0,0,0,0,0,0,0,0,0,0,0,0,0,0,0,0,0,0,0,0,0,0,0,0,0,0,0,0,0,0,0,0,0,0,0,0,0,0,0,0,0,0,0,0,0,0,0,0,0,0,0,0,0,0,0,0,0,0,0,0,0,0,0,0,0,0,0,0,0,0,0,0,0,0,0,0,0,0,0,0,0,0,0,0,0,0,0,0,0,0,0,0,0,0,0,0,0,0,0,0,0,0,0,0,46,45,45,45,45,44,43,43,43,43,43,41,41,41,41,40,40,105,104,104,104,103,138,162,189,188,187,186,197,209,207,205,222,247,246,243,253,249,246,242,239,238,239,238,234,231,230,230,233,233,231,226,222,222,231,230,236,235,232,230,228,227,227,225,224,219,223,226,226,224,221,224,222,221,223,225,227,226,222,221,219,217,216,213,212,212,212,208,204,203,202,201,201,200,198,196,196,195,190,187,183,182,180,179,176,175,175,174,172,170,168,167,167,162,160,158,157,156,154,153,152,150,149,145,145,145,145,144,144,142,141,138,133,131,129,129,129,130,129,127,127,127,127,125,125,125,122,122,122,124,124,122,123,123,123,119,119,119,119,116,114,114,113,111,111,110,110,110,110,110,110,110,110,109,109,108,106,107,106,105,105,103,102,102,101,101
0,0,0,0,0,0,0,0,0,0,0,0,0,0,0,0,0,0,0,0,0,0,0,0,0,0,0,0,0,0,0,0,0,0,0,0,0,0,0,0,0,0,0,0,0,0,0,0,0,0,0,0,0,0,0,0,0,0,0,0,0,0,0,0,0,0,0,0,0,0,0,0,0,0,0,0,0,0,0,0,0,0,52,52,52,94,93,92,92,92,125,123,123,122,120,119,119,143,141,139,139,139,138,138,155,169,165,164,164,182,220,231,230,228,227,238,237,235,233,239,237,236,244,241,238,235,233,232,230,230,235,230,229,228,227,226,225,222,222,230,228,241,240,238,242,242,236,234,233,231,238,242,239,238,238,237,239,239,237,235,234,233,231,229,227,231,230,227,224,223,222,222,221,222,219,220,220,219,218,219,217,215,212,210,212,211,207,206,204,201,200,200,196,193,192,191,188,185,183,181,178,178,178,178,177,174,173,169,167,165,164,163,159,158,156,156,155,152,148,148,148,147,145,143,143,142,140,139,137,138,137,138,138,135,135,134,134,133,132,131,130,130,130,129,129,129,128,128,127,126,124,123,122,119,118,118,118,118,116,114,114,112,111,110,105,104,103,103,102,102,102,102,101,100,99,99,98,96,96,96,92,92,90,90,88,89,87,86,87,86,85,85,82,82,81,81,80,80,78,78
0,0,0,0,0,0,0,0,0,0,0,0,0,0,0,0,0,0,0,0,0,0,0,0,0,0,0,0,0,0,0,0,0,0,0,0,0,0,0,0,0,0,0,0,0,0,0,0,0,0,0,0,0,0,0,0,0,0,0,0,0,0,0,0,0,0,0,0,0,0,0,0,0,0,0,0,0,0,0,0,0,0,0,0,0,32,32,32,73,94,105,103,103,103,115,121,120,129,129,128,127,125,125,152,178,196,205,201,207,203,201,211,217,216,213,220,220,218,223,219,220,217,216,215,213,215,217,213,213,212,218,213,213,209,206,210,206,207,208,207,208,206,207,212,211,209,208,212,212,210,207,208,208,206,205,205,204,202,201,200,199,195,194,194,192,191,190,190,189,185,186,186,184,182,181,179,178,174,173,170,169,166,164,163,163,163,163,162,162,162,161,162,160,160,159,158,157,157,156,156,154,154,153,152,150,149,148,147,145,145,144,142,142,142,142,140,140,139,137,136,134,131,129,129,129,128,126,125,126,122,122,121,121,120,119,118,118,118,118,117,117,116,116,115,114,113,110,109,108,106,106,105,104,104,104,104,103,101,101,101,101,101,101,101,101,100,99,98,97,97,95,95,94,92,92,92,90,89,89,86,85,85,85,85,85,85,84,84,83,83,82,82,82,81,78,77,75,75,75,75
0,0,0,0,0,0,0,0,0,0,0,0,0,0,0,0,0,0,0,0,0,0,0,0,0,0,0,0,0,0,0,0,0,0,0,0,0,0,0,0,0,0,0,0,0,0,0,0,0,0,0,0,0,0,0,0,0,0,0,0,0,0,0,0,0,0,0,0,0,0,0,0,0,0,0,0,0,0,0,0,0,0,0,0,0,0,0,0,0,0,0,0,0,0,0,0,0,0,17,17,17,17,16,16,16,16,16,16,16,16,16,16,16,15,15,15,15,15,14,14,35,33,33,33,93,107,103,166,164,164,163,178,188,187,193,201,197,226,221,238,237,241,250,247,245,245,243,242,254,252,249,247,243,241,238,241,248,247,248,254,257,259,256,257,256,252,255,256,259,255,256,254,253,250,249,243,242,239,240,236,241,243,243,241,241,238,235,234,229,226,226,225,223,223,219,218,216,216,215,214,214,214,211,210,209,208,203,202,201,201,199,198,197,197,195,194,194,193,189,188,188,187,184,182,182,181,179,177,175,171,169,168,167,165,165,163,162,161,160,160,160,159,158,158,157,156,156,157,156,156,156,155,155,154,154,153,151,151,150,149,150,150,149,149,143,141,139,138,138,136,135,135,134,133,133,132,131,130,128,128,128,127,127,126,126,125,123,121,121,121,121,119,117,114,113,112,112,112,111,111
0,0,0,0,0,0,0,0,0,0,0,0,0,0,0,0,0,0,0,0,0,0,0,0,0,0,0,0,0,0,0,0,0,0,0,0,0,0,0,0,0,0,0,0,0,0,0,0,0,0,0,0,0,0,0,0,0,0,0,0,0,0,0,0,0,0,0,0,0,0,0,0,0,0,0,0,0,0,0,0,0,19,19,19,19,33,81,81,80,79,79,79,78,106,106,129,142,174,183,191,191,211,209,217,219,227,226,224,222,219,217,214,217,217,213,211,211,211,216,215,212,212,214,219,217,230,227,225,228,225,224,223,227,227,234,241,238,236,233,229,229,230,226,223,225,224,225,224,223,226,223,222,222,219,219,218,216,215,213,210,207,205,206,205,203,205,200,198,198,199,199,199,199,198,197,197,196,195,194,193,191,190,190,190,186,184,185,185,183,182,179,176,175,174,174,173,171,169,168,165,162,161,158,157,155,155,155,154,154,152,151,149,148,148,146,146,147,148,146,146,145,143,141,141,140,141,139,138,137,137,136,136,135,135,133,130,130,130,130,129,128,127,125,124,122,121,121,121,120,120,115,113,113,112,111,111,109,109,109,108,107,106,102,101,101,100,100,99,98,99,98,97,95,94,93,92,92,92,91,91,90,88,87,88,88,89,89,87,87,87,87,86,86,86,86,85,84,84,84,84
0,0,0,0,0,0,0,0,0,0,0,0,0,0,0,0,0,0,0,0,0,0,0,0,0,0,0,0,0,0,0,0,0,0,0,0,0,0,0,0,0,0,0,0,0,0,0,0,0,0,0,0,0,0,0,0,0,0,0,0,0,0,0,0,0,0,0,0,0,0,0,0,0,0,0,0,0,0,0,0,0,0,0,49,49,49,49,49,49,48,91,90,89,87,86,86,104,103,103,116,116,114,111,108,106,121,119,133,163,162,161,161,161,167,167,166,164,179,182,180,179,178,177,176,187,186,184,182,181,193,192,206,205,204,206,211,211,215,217,214,220,217,222,224,225,223,221,222,218,215,212,208,206,205,212,209,207,207,208,207,206,207,205,201,199,196,195,195,196,195,194,191,191,189,188,184,187,187,186,184,180,180,180,179,178,177,178,176,178,176,175,174,172,168,167,165,165,164,164,163,162,159,158,158,158,157,157,156,156,156,156,152,150,149,148,146,143,140,139,138,134,132,131,132,130,128,127,125,124,122,121,121,121,120,119,117,116,115,115,115,112,112,112,108,107,106,105,104,104,104,104,102,102,102,102,102,102,100,101,100,98,98,93,90,90,87,87,85,85,85,85,83,81,80,80,80,78,78,78,77,77,75,75,74,74,73,73,72,72,72,72,72,72,72,72,72,71,71,70,68
0,0,0,0,0,0,0,0,0,0,0,0,0,0,0,0,0,0,0,0,0,0,0,0,0,0,0,0,0,0,0,0,0,0,0,0,0,0,0,0,0,0,0,0,0,0,0,0,0,0,0,0,0,0,0,0,0,0,0,0,0,0,0,0,0,0,0,0,0,0,0,0,0,0,0,0,0,0,0,0,0,0,0,0,0,0,0,0,0,0,0,0,0,0,0,0,0,0,0,0,0,0,0,0,0,0,0,18,18,18,69,109,108,106,105,130,130,138,136,135,133,160,160,159,170,169,176,176,176,176,198,198,198,211,211,217,216,215,213,212,208,207,231,238,244,241,251,250,256,255,265,262,261,259,256,261,256,254,252,249,246,244,241,243,240,239,239,238,239,237,234,232,229,237,236,238,237,236,236,235,234,230,229,227,227,226,226,230,229,229,228,232,227,225,222,219,219,219,215,213,208,206,204,204,202,200,200,199,198,197,194,193,190,190,188,188,186,184,183,183,182,179,176,175,173,172,170,170,169,167,165,165,165,164,163,162,160,155,154,153,152,151,150,149,148,147,146,145,144,143,143,144,143,143,143,143,140,140,137,136,135,134,135,133,133,132,132,132,130,126,126,123,122,119,117,114,114,114,114,113,111,111,111,110,110,110,109,108,106,105,102,101,100,99,99,99,99,98,97,97
0,0,0,0,0,0,0,0,0,0,0,0,0,0,0,0,0,0,0,0,0,0,0,0,0,0,0,0,0,0,0,0,0,0,0,0,0,0,0,0,0,0,0,0,0,0,0,0,0,0,0,0,0,0,0,0,0,0,0,0,0,0,0,0,0,0,0,0,0,0,0,0,0,0,0,0,0,0,0,0,0,0,0,0,0,0,0,0,73,73,73,72,71,68,68,68,83,94,92,92,91,90,88,88,88,86,86,84,83,91,117,116,131,130,130,129,138,141,148,147,156,175,179,176,175,178,181,179,182,182,184,182,184,183,182,185,184,182,182,181,180,180,179,176,176,180,177,177,177,176,177,176,175,172,172,170,168,173,171,170,168,168,168,168,167,165,164,161,159,158,167,168,166,166,165,163,160,158,157,157,156,156,156,154,153,154,153,152,151,148,148,147,146,146,146,143,141,138,137,137,136,135,135,135,135,134,133,132,132,131,130,126,126,124,124,122,122,122,121,121,118,118,118,117,117,115,115,110,110,109,108,108,109,108,106,105,104,104,101,99,99,99,99,99,98,98,98,98,96,95,94,93,91,89,89,89,89,89,88,87,86,86,85,85,85,84,84,83,83,81,80,80,79,78,77,76,76,76,75,74,74,73,72,73,73,73,73,73,73,71,71,71,70,70,70,70,70,70,70,69
0,0,0,0,0,0,0,0,0,0,0,0,0,0,0,0,0,0,0,0,0,0,0,0,0,0,0,0,0,0,0,0,0,0,0,0,0,0,0,0,0,0,0,0,0,0,0,0,0,0,0,0,0,0,0,0,0,0,0,0,0,0,0,0,0,0,0,0,0,0,0,0,0,0,0,0,0,0,0,0,0,49,47,91,89,118,118,113,151,151,150,149,146,177,201,213,221,227,236,235,233,233,232,230,232,232,229,227,240,237,236,239,239,243,243,242,237,240,245,244,254,250,249,248,247,245,243,242,240,241,242,239,236,239,237,241,238,237,237,235,237,236,232,229,228,225,227,225,225,223,228,234,233,231,230,228,228,226,225,222,220,219,217,216,215,212,209,212,212,210,210,211,211,210,207,207,204,200,199,198,197,195,193,190,190,190,188,184,186,184,185,183,183,179,178,178,175,173,172,169,169,169,168,167,168,168,166,164,163,160,158,155,154,153,151,150,151,149,148,148,146,146,144,143,143,143,142,142,142,142,142,141,140,140,139,137,135,134,133,131,129,130,130,128,127,126,122,121,121,121,120,120,119,118,115,113,113,113,113,112,112,110,110,109,109,106,103,102,102,101,101,99,99,96,96,96,96,94,94,93,92,91,91,88,86,84,83,83,82,81,81,81,80,79,78,76,76,76,75,75
0,0,0,0,0,0,0,0,0,0,0,0,0,0,0,0,0,0,0,0,0,0,0,0,0,0,0,0,0,0,0,0,0,0,0,0,0,0,0,0,0,0,0,0,0,0,0,0,0,0,0,0,0,0,0,0,0,0,0,0,0,0,0,0,0,0,0,0,0,0,0,0,0,0,0,0,0,0,0,0,0,0,0,0,0,0,43,43,43,43,43,43,86,126,148,155,183,201,198,194,200,198,221,218,215,213,213,211,215,215,217,220,222,221,221,221,219,217,223,222,217,222,222,219,217,216,213,211,210,210,215,212,219,223,220,220,217,213,209,213,215,213,213,222,221,220,220,218,216,215,212,213,212,208,210,210,208,207,202,200,196,200,198,197,196,195,194,194,192,192,188,188,186,185,189,186,184,181,182,181,179,176,175,175,175,172,170,172,171,168,168,167,166,163,163,161,160,158,157,155,153,153,153,151,151,149,148,148,147,146,143,142,141,141,141,140,143,143,142,140,140,136,135,136,133,133,133,129,126,125,124,122,121,121,121,120,119,118,117,116,116,116,116,115,114,113,112,110,110,110,108,108,108,107,106,105,104,104,104,102,102,99,99,98,97,95,94,92,92,92,92,92,90,88,88,87,87,86,85,85,82,81,81,81,80,78,77,75,74,73,72,72,71,71,71,72,72,72,71,70
0,0,0,0,0,0,0,0,0,0,0,0,0,0,0,0,0,0,0,0,0,0,0,0,0,0,0,0,0,0,0,0,0,0,0,0,0,0,0,0,0,0,0,0,0,0,0,0,0,0,0,0,0,0,0,0,0,0,0,0,0,0,0,0,0,0,0,0,0,0,0,0,0,0,0,0,0,0,0,0,0,0,0,0,48,48,89,89,123,168,168,190,190,199,196,195,201,211,210,217,216,216,214,210,207,205,208,206,210,213,215,219,222,221,219,222,224,221,226,226,224,226,222,222,220,219,216,222,224,229,230,227,225,223,222,221,221,219,221,220,221,219,220,217,220,220,218,218,220,225,225,222,219,218,215,213,211,207,205,204,202,205,203,203,204,203,203,202,202,202,202,200,198,200,200,197,194,194,192,191,189,189,188,186,185,181,180,177,176,174,173,172,169,166,166,166,166,166,165,164,164,164,164,162,160,157,153,152,153,150,149,149,148,149,148,148,147,145,145,143,142,140,137,136,136,133,131,130,129,128,126,124,124,124,123,122,122,121,119,119,118,118,117,117,115,112,110,110,112,111,110,109,108,108,108,107,106,105,104,102,100,100,103,103,103,103,102,102,102,101,101,101,101,100,100,96,96,96,96,96,95,93,92,92,92,92,92,91,90,90,90,89,88,86,84,82,81,81,78,78
0,0,0,0,0,0,0,0,0,0,0,0,0,0,0,0,0,0,0,0,0,0,0,0,0,0,0,0,0,0,0,0,0,0,0,0,0,0,0,0,0,0,0,0,0,0,0,0,0,0,0,0,0,0,0,0,0,0,0,0,0,0,0,0,0,0,0,0,0,0,0,0,0,0,0,0,0,0,0,0,0,0,0,0,0,0,0,0,0,0,0,0,0,0,0,64,64,62,61,61,61,61,99,99,98,98,126,138,137,136,135,145,145,155,153,152,152,150,149,168,168,166,175,172,169,167,166,164,162,160,183,182,202,216,215,213,221,220,223,229,226,223,224,229,233,233,237,236,238,236,239,236,234,232,230,233,234,231,229,227,225,224,229,228,227,228,225,230,227,226,224,221,221,222,222,222,221,219,217,213,212,212,210,209,209,206,208,208,209,207,207,207,205,204,202,201,200,196,196,194,193,192,192,191,188,187,185,182,181,178,176,172,168,165,162,160,159,158,157,157,157,156,156,152,152,151,150,151,150,149,148,146,145,143,142,141,140,139,140,140,140,140,139,139,139,137,136,136,134,134,133,133,133,132,132,130,129,129,129,131,131,131,130,128,126,125,125,124,124,122,120,120,119,119,118,118,116,115,114,113,112,110,109,109,108,108,108,106,106,104,102,101,101,100,99,98,97,97,95,94
0,0,0,0,0,0,0,0,0,0,0,0,0,0,0,0,0,0,0,0,0,0,0,0,0,0,0,0,0,0,0,0,0,0,0,0,0,0,0,0,0,0,0,0,0,0,0,0,0,0,0,0,0,0,0,0,0,0,0,0,0,0,0,0,0,0,0,0,0,0,0,0,0,0,0,0,0,0,0,0,0,0,0,0,0,0,0,0,48,47,47,47,79,79,111,120,120,150,159,165,164,164,172,179,186,194,193,193,190,185,180,184,183,185,193,191,190,193,192,192,191,189,186,184,184,190,193,191,189,196,196,196,199,202,200,201,197,196,194,190,195,198,201,201,201,203,202,202,202,202,201,198,194,193,192,190,186,185,182,180,181,180,181,179,177,179,178,180,178,178,176,173,172,171,171,171,170,167,167,165,163,163,165,164,162,163,163,159,156,155,150,149,148,144,144,143,143,143,141,140,139,138,136,135,134,132,132,130,129,128,127,125,126,123,122,122,123,121,120,118,118,118,117,115,115,114,114,113,112,111,108,107,106,106,103,101,99,98,96,94,92,91,91,89,88,86,86,87,85,84,84,83,82,82,81,81,80,80,78,78,77,79,78,78,77,74,72,71,71,71,70,69,69,69,69,69,68,68,68,68,66,66,65,64,63,63,63,63,63,63,63,63,61,61,61,61,60,60,59,59
0,0,0,0,0,0,0,0,0,0,0,0,0,0,0,0,0,0,0,0,0,0,0,0,0,0,0,0,0,0,0,0,0,0,0,0,0,0,0,0,0,0,0,0,0,0,0,0,0,0,0,0,0,0,0,0,0,0,0,0,0,0,0,0,0,0,0,0,0,0,0,0,0,0,0,0,0,0,0,0,0,0,0,0,0,0,0,52,52,52,51,51,51,49,64,64,94,93,124,121,135,135,135,135,135,131,130,149,148,147,158,156,165,173,170,169,166,165,164,163,202,202,217,215,225,225,230,228,226,222,223,223,225,227,231,231,229,225,223,220,219,221,220,220,218,225,225,225,222,218,215,213,206,210,205,199,195,199,198,196,195,192,189,186,186,185,189,189,190,189,185,185,185,184,183,181,181,179,179,178,177,175,175,174,170,171,171,170,168,167,167,166,169,167,165,164,164,163,163,162,160,158,157,155,152,152,151,152,151,151,149,147,144,141,141,141,140,139,138,139,139,139,137,137,135,134,133,129,123,122,122,121,120,120,120,120,119,119,117,116,116,116,113,112,110,107,107,106,106,105,105,104,103,101,100,96,96,96,94,94,93,93,92,90,90,89,89,87,86,86,85,84,83,82,81,81,81,81,82,81,80,79,78,77,76,75,73,73,73,73,72,72,72,69,69,69,69,67,65,65
0,0,0,0,0,0,0,0,0,0,0,0,0,0,0,0,0,0,0,0,0,0,0,0,0,0,0,0,0,0,0,0,0,0,0,0,0,0,0,0,0,0,0,0,0,0,0,0,0,0,0,0,0,0,0,0,0,0,0,0,0,0,0,0,0,0,0,0,0,0,0,0,0,0,0,0,0,0,0,0,0,0,0,0,58,57,57,55,87,87,143,143,162,162,180,180,178,181,178,177,189,190,188,198,195,193,201,198,204,203,201,199,196,194,192,195,198,201,200,203,202,199,201,205,205,203,202,213,211,218,217,215,218,217,212,212,211,214,213,212,212,211,209,210,207,209,209,218,216,219,217,213,210,209,207,206,205,202,196,199,198,197,195,193,192,191,189,189,187,187,188,188,186,185,184,182,184,182,179,178,176,175,176,174,172,169,167,167,166,167,165,164,165,165,165,163,161,159,156,156,155,154,152,151,149,149,148,148,147,145,145,144,144,143,142,142,142,141,141,141,139,137,135,134,133,132,132,132,133,132,132,131,128,128,127,125,125,124,123,122,121,120,120,120,116,115,115,115,114,114,113,113,112,111,109,107,106,103,103,101,98,97,96,96,96,97,96,95,95,95,95,94,94,94,93,92,91,90,90,89,89,88,86,86,85,84,84,83,80,80,79,79,78,78,76,76,75,75,74,74
0,0,0,0,0,0,0,0,0,0,0,0,0,0,0,0,0,0,0,0,0,0,0,0,0,0,0,0,0,0,0,0,0,0,0,0,0,0,0,0,0,0,0,0,0,0,0,0,0,0,0,0,0,0,0,0,0,0,0,0,0,0,0,0,0,0,0,0,0,0,0,0,0,0,0,0,0,0,0,0,0,0,0,0,0,0,0,0,0,0,43,79,78,91,119,127,152,156,155,154,154,162,178,177,181,178,178,185,182,183,181,180,180,180,183,181,177,179,180,180,188,187,189,194,192,191,188,190,194,194,193,190,190,190,189,193,192,191,189,186,185,187,186,189,187,187,186,185,183,182,182,180,179,178,176,175,177,176,179,177,176,178,177,177,175,175,174,172,172,169,169,168,167,166,165,164,163,161,159,159,157,156,156,152,151,151,151,151,151,147,146,148,148,147,146,145,143,141,140,139,136,136,135,134,131,129,128,126,123,121,121,120,117,117,117,116,115,115,115,115,114,113,113,113,112,110,110,108,109,108,107,107,107,103,103,101,101,100,99,99,98,98,97,97,94,94,91,91,90,89,89,88,88,88,88,88,88,86,86,85,85,82,82,80,80,80,79,79,77,77,77,76,76,76,75,72,72,72,72,72,72,71,69,69,69,66,65,64,64,64,63,63,63,62,62,61,61,61,60,60
0,0,0,0,0,0,0,0,0,0,0,0,0,0,0,0,0,0,0,0,0,0,0,0,0,0,0,0,0,0,0,0,0,0,0,0,0,0,0,0,0,0,0,0,0,0,0,0,0,0,0,0,0,0,0,0,0,0,0,0,0,0,0,0,0,0,0,0,0,0,0,0,0,0,0,0,0,0,0,0,0,0,0,0,0,0,0,0,0,0,0,0,0,0,0,0,0,0,0,0,0,0,0,0,0,0,0,0,0,40,40,40,40,40,40,90,132,132,131,130,139,137,135,134,156,153,172,172,179,187,187,188,195,195,199,198,196,209,206,206,203,200,198,205,203,201,201,197,196,194,194,192,197,200,206,206,206,205,204,202,199,198,201,205,204,202,200,198,200,199,205,204,202,200,198,201,198,197,195,191,192,190,189,194,193,191,190,191,195,194,192,192,194,192,189,187,185,182,178,177,176,173,171,168,167,167,167,162,161,159,157,156,154,153,152,150,149,147,146,144,143,143,143,141,140,139,137,134,132,131,130,128,126,125,125,125,124,122,122,122,121,121,121,120,119,118,116,116,115,114,113,113,114,114,114,113,113,113,110,110,110,108,108,106,105,103,102,101,100,100,99,98,98,98,97,96,93,92,91,91,90,90,88,87,87,87,87,86,85,84,84,85,82,82,82,80,79,77,77,77
0,0,0,0,0,0,0,0,0,0,0,0,0,0,0,0,0,0,0,0,0,0,0,0,0,0,0,0,0,0,0,0,0,0,0,0,0,0,0,0,0,0,0,0,0,0,0,0,0,0,0,0,0,0,0,0,0,0,0,0,0,0,0,0,0,0,0,0,0,0,0,0,0,0,0,0,0,0,0,0,38,37,36,36,72,72,108,107,104,104,104,103,102,102,102,115,113,113,111,110,133,146,146,161,169,186,190,188,237,234,231,230,229,233,236,242,240,239,236,235,234,232,231,229,237,241,239,237,241,251,248,250,254,259,256,254,255,254,249,245,244,247,245,243,242,240,238,235,235,234,233,229,225,225,227,233,232,232,234,230,230,234,231,229,227,227,223,222,218,213,220,220,220,219,216,216,215,214,212,211,210,209,208,203,200,199,198,198,194,193,192,192,188,186,186,186,182,180,179,178,176,174,171,171,171,169,168,168,166,165,161,161,160,159,157,157,157,157,152,152,149,146,145,144,143,142,142,141,142,141,138,136,135,132,132,131,130,130,128,127,126,126,125,125,125,124,124,124,121,120,119,119,119,117,116,115,114,112,112,110,109,107,106,105,105,104,104,104,104,103,103,103,101,100,100,99,100,100,100,100,100,99,97,97,97,96,95,95,95,95,95,94,94,94,94,91,90,90,89,88
0,0,0,0,0,0,0,0,0,0,0,0,0,0,0,0,0,0,0,0,0,0,0,0,0,0,0,0,0,0,0,0,0,0,0,0,0,0,0,0,0,0,0,0,0,0,0,0,0,0,0,0,0,0,0,0,0,0,0,0,0,0,0,0,0,0,0,0,0,0,0,0,0,0,0,0,0,0,0,0,0,0,0,0,0,0,0,55,55,54,77,76,76,75,74,73,69,102,102,158,156,163,162,170,179,179,197,201,200,216,216,230,230,227,230,227,225,223,227,227,223,228,233,236,236,244,239,236,232,230,243,242,239,238,233,233,237,233,228,230,237,240,237,244,243,243,240,240,241,240,237,238,234,234,233,231,228,227,225,225,228,225,223,222,220,219,218,217,216,213,212,211,212,211,211,210,208,207,204,202,201,201,199,198,199,198,197,196,193,191,188,189,189,188,187,187,187,185,185,182,179,179,178,177,175,173,173,173,171,171,170,168,166,165,164,162,162,163,159,157,155,154,149,147,146,145,145,145,143,144,143,140,142,142,139,138,137,135,134,134,133,133,131,130,128,127,124,122,120,117,116,116,116,116,115,114,113,113,111,111,112,111,110,110,109,108,108,106,105,105,105,102,99,98,98,97,97,95,95,95,95,95,95,94,92,89,89,88,87,87,86,86,84,83,81,81,79,79,79,78
0,0,0,0,0,0,0,0,0,0,0,0,0,0,0,0,0,0,0,0,0,0,0,0,0,0,0,0,0,0,0,0,0,0,0,0,0,0,0,0,0,0,0,0,0,0,0,0,0,0,0,0,0,0,0,0,0,0,0,0,0,0,0,0,0,0,0,0,0,0,0,0,0,0,0,0,0,0,0,0,0,34,34,34,34,34,34,33,32,31,72,116,114,114,112,112,129,153,150,149,176,185,185,184,218,216,220,217,223,220,227,226,225,231,229,226,236,234,233,229,228,225,228,225,230,229,226,223,229,233,233,231,231,235,231,230,232,231,238,243,242,242,244,242,240,242,241,238,237,237,237,240,237,234,234,232,229,228,227,224,222,221,219,215,216,216,219,218,213,212,210,206,205,205,205,205,205,204,202,202,202,200,197,193,194,193,193,192,191,193,192,192,191,190,189,187,187,187,186,186,183,179,177,174,173,172,172,171,170,170,169,167,167,166,165,161,159,160,160,159,158,157,153,153,153,153,150,150,150,150,148,147,145,145,143,143,143,141,139,138,136,132,131,130,129,128,128,128,127,127,125,124,122,121,119,117,115,112,113,115,114,114,113,113,112,111,110,109,109,108,108,107,105,105,104,104,104,103,101,100,99,99,99,99,99,99,98,99,98,97,96,96,96,95,95,93,93,92,91,90
0,0,0,0,0,0,0,0,0,0,0,0,0,0,0,0,0,0,0,0,0,0,0,0,0,0,0,0,0,0,0,0,0,0,0,0,0,0,0,0,0,0,0,0,0,0,0,0,0,0,0,0,0,0,0,0,0,0,0,0,0,0,0,0,0,0,0,0,0,0,0,0,0,0,0,0,0,43,43,42,42,42,41,40,40,40,39,39,39,38,38,38,38,38,38,38,38,38,37,37,36,36,36,35,35,35,34,34,34,34,34,34,34,34,33,33,33,33,32,31,31,31,31,31,30,30,30,30,30,30,29,28,28,83,83,82,81,126,124,158,157,154,153,151,179,193,190,227,247,245,244,242,255,255,262,259,269,274,284,281,280,278,277,280,278,278,282,282,278,275,271,268,275,274,279,277,276,275,271,270,270,267,267,266,266,265,263,265,260,263,262,261,260,259,257,253,250,248,247,245,240,237,236,236,236,233,228,225,223,222,220,218,217,216,215,213,211,210,210,208,204,203,201,199,195,191,186,184,182,181,180,180,179,178,178,176,174,172,170,170,169,168,167,167,166,161,161,158,158,158,157,155,155,153,153,150,149,148,148,147,147,146,145,143,142,141,141,141,139,135,135,135,135,135,133,130,130,131,129,128,127,126,125,125,123,120,118,116,116,116,115,115,114,112,112,111,109,106,105,103
0,0,0,0,0,0,0,0,0,0,0,0,0,0,0,0,0,0,0,0,0,0,0,0,0,0,0,0,0,0,0,0,0,0,0,0,0,0,0,0,0,0,0,0,0,0,0,0,0,0,0,0,0,0,0,0,0,0,0,0,0,0,0,0,0,0,0,0,0,0,0,0,0,0,0,0,0,0,0,0,0,0,0,0,0,0,0,0,0,0,0,0,0,0,0,53,52,50,50,50,50,50,50,49,49,75,75,75,122,167,164,163,178,178,178,176,176,173,181,181,181,200,199,197,208,207,206,205,213,225,223,222,235,232,230,229,234,233,229,228,225,231,251,249,254,252,251,254,258,263,260,263,264,263,262,260,259,257,258,258,256,252,250,253,251,249,249,247,250,248,249,247,244,243,240,237,234,234,232,230,229,229,225,223,220,217,216,213,211,211,213,210,210,209,208,204,204,204,201,201,200,197,196,195,194,190,188,188,184,182,181,180,180,179,178,179,177,175,175,175,173,170,170,170,169,167,165,164,162,158,158,157,156,156,155,152,151,151,150,150,150,149,147,145,145,145,144,143,143,145,143,141,141,140,140,137,137,134,134,132,132,131,131,130,129,128,127,126,126,125,125,125,124,123,123,123,122,120,119,117,116,114,113,113,112,110,109,106,106,106,103,102,102,102,102,101,102,100,100,99
0,0,0,0,0,0,0,0,0,0,0,0,0,0,0,0,0,0,0,0,0,0,0,0,0,0,0,0,0,0,0,0,0,0,0,0,0,0,0,0,0,0,0,0,0,0,0,0,0,0,0,0,0,0,0,0,0,0,0,0,0,0,0,0,0,0,0,0,0,0,0,0,0,0,0,0,0,0,0,0,0,0,0,0,33,33,33,95,94,91,89,103,101,101,101,100,100,100,167,166,166,173,170,169,168,165,164,163,197,196,231,229,239,243,242,238,235,238,247,247,244,243,242,247,246,245,244,243,240,237,235,234,242,240,245,250,250,251,249,249,247,262,263,260,259,255,256,256,260,256,255,256,254,254,255,251,253,250,247,246,254,251,249,247,243,245,247,247,246,246,246,245,243,242,240,239,237,235,232,230,227,230,226,226,230,230,228,226,225,227,224,222,219,218,217,217,213,211,211,208,204,203,203,200,202,199,198,198,198,196,194,192,191,190,188,186,185,184,182,182,182,181,181,180,178,177,176,174,173,171,168,167,167,165,163,163,162,160,160,159,158,157,156,154,152,149,148,148,148,146,146,144,144,143,142,141,140,140,138,137,136,136,136,135,135,135,134,133,132,133,131,130,129,129,129,125,123,122,122,119,118,117,116,116,115,113,113,112,112,111,110,108,106,106,104,104,104,104,102,102
0,0,0,0,0,0,0,0,0,0,0,0,0,0,0,0,0,0,0,0,0,0,0,0,0,0,0,0,0,0,0,0,0,0,0,0,0,0,0,0,0,0,0,0,0,0,0,0,0,0,0,0,0,0,0,0,0,0,0,0,0,0,0,0,0,0,0,0,0,0,0,0,0,0,0,0,0,0,0,0,0,0,0,0,0,0,0,0,0,0,0,0,0,0,20,20,39,52,52,51,67,66,65,83,83,81,80,92,101,100,99,99,99,99,99,99,97,97,96,95,93,92,91,91,119,152,152,149,151,152,156,156,160,160,163,161,160,163,172,169,169,169,171,174,177,177,179,179,176,175,173,173,175,171,171,176,174,172,170,168,173,172,175,171,171,171,171,172,171,171,172,173,170,170,169,169,167,169,168,168,167,166,163,162,162,162,157,156,153,151,149,151,150,149,148,147,147,146,144,144,143,141,141,138,135,135,132,132,132,131,131,129,127,123,123,125,126,125,124,124,124,121,121,122,123,120,120,120,119,119,118,116,115,113,113,113,112,110,109,108,107,106,105,105,103,105,105,104,103,103,101,101,101,100,99,99,99,98,97,95,94,94,93,93,92,90,89,89,88,88,88,88,89,89,89,88,87,85,84,82,82,82,81,79,79,79,78,78,78,78,78,78,77,76,75,75,74,74,74,74
0,0,0,0,0,0,0,0,0,0,0,0,0,0,0,0,0,0,0,0,0,0,0,0,0,0,0,0,0,0,0,0,0,0,0,0,0,0,0,0,0,0,0,0,0,0,0,0,0,0,0,0,0,0,0,0,0,0,0,0,0,0,0,0,0,0,0,0,0,0,0,0,0,0,0,0,0,0,0,0,0,0,47,47,47,47,74,150,148,147,146,169,183,200,199,225,224,233,233,230,228,237,234,249,244,242,238,248,245,243,240,244,243,252,251,248,254,252,254,258,256,260,260,264,260,257,264,264,268,267,264,263,262,264,261,257,266,266,264,263,263,260,258,260,256,252,248,248,246,244,241,244,240,239,238,239,238,237,237,237,240,242,238,236,236,234,234,235,233,229,227,227,229,227,226,223,220,217,212,209,208,208,205,207,203,205,204,204,203,201,198,196,194,191,191,191,191,189,189,187,184,182,179,176,176,174,172,171,167,165,164,162,161,160,159,156,155,154,153,154,153,152,152,149,149,148,146,146,146,144,143,143,143,141,140,140,138,139,134,134,131,130,130,130,129,125,122,121,121,118,116,115,115,115,115,112,111,110,110,108,107,106,106,106,104,102,101,101,100,99,99,98,97,96,96,96,95,95,94,94,94,93,93,93,93,93,93,93,92,92,92,91,90,89,89,88,88,88,86,84
0,0,0,0,0,0,0,0,0,0,0,0,0,0,0,0,0,0,0,0,0,0,0,0,0,0,0,0,0,0,0,0,0,0,0,0,0,0,0,0,0,0,0,0,0,0,0,0,0,0,0,0,0,0,0,0,0,0,0,0,0,0,0,0,0,0,0,0,0,0,0,0,0,0,0,0,0,0,0,0,0,0,0,0,0,0,0,0,0,0,0,0,0,0,0,0,0,0,0,0,0,0,0,0,0,0,0,61,61,105,105,104,102,102,102,100,137,169,169,167,193,191,190,190,189,188,188,202,200,233,247,277,309,309,305,303,300,310,308,318,316,313,316,311,310,309,317,316,312,311,318,315,315,314,320,315,314,309,309,307,305,312,310,306,312,309,311,305,300,299,304,300,307,304,311,309,311,309,309,306,306,305,305,303,300,294,289,286,285,281,278,274,279,277,274,273,272,270,270,268,265,264,263,256,255,254,252,252,249,248,246,245,242,241,239,236,234,233,229,227,226,224,223,221,220,215,213,213,213,210,209,207,206,206,206,203,202,199,198,198,198,196,193,192,192,190,186,186,185,183,183,182,182,181,179,178,178,177,177,176,174,172,170,167,166,165,162,160,159,159,158,155,155,153,151,150,149,146,144,142,142,142,140,138,137,134,134,131,130,127,126,124,123,123,121,122,121,121,119,117
0,0,0,0,0,0,0,0,0,0,0,0,0,0,0,0,0,0,0,0,0,0,0,0,0,0,0,0,0,0,0,0,0,0,0,0,0,0,0,0,0,0,0,0,0,0,0,0,0,0,0,0,0,0,0,0,0,0,0,0,0,0,0,0,0,0,0,0,0,0,0,0,0,0,0,0,0,0,0,0,0,0,0,0,0,0,0,0,0,0,0,0,0,45,45,44,44,44,76,76,75,99,99,138,136,136,135,141,155,165,167,179,178,188,209,213,211,211,210,209,206,216,212,212,226,223,221,220,219,222,221,225,221,220,219,223,216,216,222,229,226,234,231,238,236,236,235,239,250,248,244,242,242,242,246,245,242,239,233,232,231,231,227,221,219,219,218,216,216,214,212,211,212,212,213,212,212,212,212,212,210,210,211,211,210,207,205,204,203,202,201,199,196,192,191,188,187,185,183,180,178,174,172,171,169,168,166,165,164,161,159,155,154,152,151,151,150,148,148,146,146,146,146,144,143,142,142,142,142,141,140,137,137,137,137,136,135,133,132,132,131,129,127,127,126,123,123,120,118,118,117,116,117,117,114,115,114,114,112,111,110,109,109,110,110,109,108,104,104,104,103,102,102,101,100,99,99,98,97,95,95,95,95,94,93,94,92,92,92,92,92,91,91,89,86,83,83,82,81,79
0,0,0,0,0,0,0,0,0,0,0,0,0,0,0,0,0,0,0,0,0,0,0,0,0,0,0,0,0,0,0,0,0,0,0,0,0,0,0,0,0,0,0,0,0,0,0,0,0,0,0,0,0,0,0,0,0,0,0,0,0,0,0,0,0,0,0,0,0,0,0,0,0,0,0,0,0,0,0,16,16,16,16,50,50,85,85,84,84,83,81,81,81,81,108,115,133,132,166,164,162,161,168,166,164,163,162,183,200,198,198,196,194,226,223,221,218,231,229,227,226,223,238,236,258,265,262,264,262,259,258,258,256,256,254,251,248,246,245,242,241,243,240,238,237,236,238,239,238,236,234,234,231,233,232,231,235,232,231,227,226,225,225,224,227,225,223,221,217,219,217,214,211,211,210,210,210,212,210,206,204,199,197,196,198,194,196,194,192,189,189,187,187,187,184,184,182,179,175,172,171,169,165,163,166,167,165,164,164,162,162,160,160,160,159,158,158,156,154,151,149,148,148,148,146,145,145,144,143,143,143,141,140,141,140,140,139,139,139,138,138,138,133,133,133,131,130,128,128,125,125,123,122,119,119,118,118,117,116,115,114,112,112,112,111,111,111,110,109,107,105,103,102,103,103,103,102,102,101,101,101,101,101,101,101,100,99,99,95,95,95,93,93,93,91,91,90,89,89,87
0,0,0,0,0,0,0,0,0,0,0,0,0,0,0,0,0,0,0,0,0,0,0,0,0,0,0,0,0,0,0,0,0,0,0,0,0,0,0,0,0,0,0,0,0,0,0,0,0,0,0,0,0,0,0,0,0,0,0,0,0,0,0,0,0,0,0,0,0,0,0,0,0,0,0,0,0,0,0,0,0,0,0,0,0,0,0,0,0,0,0,0,0,0,57,86,85,83,81,81,80,127,159,172,170,178,194,192,202,201,200,218,226,224,223,244,243,242,239,237,235,233,233,233,236,234,231,233,234,241,241,252,259,259,258,256,253,250,248,245,248,254,250,259,255,256,254,251,251,246,243,245,242,241,242,242,245,243,240,238,234,232,230,230,228,226,225,225,223,220,216,217,216,216,216,218,215,213,212,211,210,208,206,204,203,202,198,196,196,196,193,191,191,189,188,188,188,187,186,184,183,178,174,172,171,169,169,169,167,166,165,162,162,161,161,163,165,165,163,163,162,161,160,157,157,157,156,155,153,152,150,148,146,146,146,145,143,142,141,141,140,140,138,137,136,135,135,133,132,132,132,132,132,132,131,130,130,129,129,124,123,123,122,120,120,120,118,118,116,116,114,114,115,115,115,114,113,113,113,113,113,112,111,111,108,106,104,104,103,103,102,101,97,97,96,95,94,94,94,94
0,0,0,0,0,0,0,0,0,0,0,0,0,0,0,0,0,0,0,0,0,0,0,0,0,0,0,0,0,0,0,0,0,0,0,0,0,0,0,0,0,0,0,0,0,0,0,0,0,0,0,0,0,0,0,0,0,0,0,0,0,0,0,0,0,0,0,0,0,0,0,0,0,0,0,0,0,0,0,0,0,0,0,0,0,0,0,41,41,40,40,40,39,56,56,56,68,68,66,66,65,65,65,65,65,64,120,118,118,115,114,114,111,110,110,124,122,122,122,137,136,167,166,172,171,170,170,168,185,198,208,209,208,211,221,223,227,225,235,235,232,231,229,227,225,224,226,225,223,222,219,219,225,226,226,233,232,230,227,225,222,220,225,224,223,220,215,217,219,220,216,214,213,211,208,207,206,205,204,204,203,202,202,201,200,201,200,197,193,193,193,191,188,185,184,183,181,181,180,178,178,176,173,171,169,165,162,162,162,161,159,158,158,154,153,151,149,150,148,148,146,145,145,144,144,144,142,140,138,136,135,135,134,134,133,132,132,132,131,129,127,126,126,126,125,124,121,121,119,119,118,117,115,113,112,112,111,110,110,109,109,108,107,107,106,106,105,106,103,103,101,101,101,100,97,97,96,96,95,93,93,93,91,89,89,89,88,87,88,87,86,85,84,83,83,83,83,83,83,82
0,0,0,0,0,0,0,0,0,0,0,0,0,0,0,0,0,0,0,0,0,0,0,0,0,0,0,0,0,0,0,0,0,0,0,0,0,0,0,0,0,0,0,0,0,0,0,0,0,0,0,0,0,0,0,0,0,0,0,0,0,0,0,0,0,0,0,0,0,0,0,0,0,0,0,0,0,0,0,0,0,0,0,0,0,0,0,44,44,78,107,150,149,149,149,147,157,157,157,191,189,187,187,185,183,192,207,206,219,219,224,221,220,218,227,232,239,239,236,240,239,251,249,245,244,242,239,239,242,240,249,244,242,249,251,248,248,247,246,244,244,243,250,249,251,245,242,241,239,236,235,232,230,227,230,225,228,224,223,220,222,220,220,221,218,215,212,210,209,209,206,203,201,200,197,194,194,194,192,193,191,190,188,184,189,189,187,183,179,178,177,175,175,175,174,174,169,168,166,165,163,161,157,156,156,156,155,154,154,155,155,155,154,153,152,149,150,149,146,146,146,144,142,140,137,137,137,136,136,135,134,133,132,132,132,132,132,131,131,129,127,124,124,122,121,121,120,119,118,117,117,117,116,115,115,115,115,114,114,114,113,113,112,112,110,110,110,108,108,107,106,104,101,100,99,98,99,98,98,97,97,97,96,95,95,94,94,92,92,91,91,89,89,88,87,86,85,85,85,83
0,0,0,0,0,0,0,0,0,0,0,0,0,0,0,0,0,0,0,0,0,0,0,0,0,0,0,0,0,0,0,0,0,0,0,0,0,0,0,0,0,0,0,0,0,0,0,0,0,0,0,0,0,0,0,0,0,0,0,0,0,0,0,0,0,0,0,0,0,0,0,0,0,0,0,0,0,0,0,0,0,0,0,51,51,92,91,89,112,111,109,148,175,196,196,206,203,202,199,196,194,210,209,219,217,217,216,215,214,216,246,244,249,245,249,252,248,248,245,245,244,241,237,233,231,230,241,244,248,244,241,245,243,243,242,238,238,241,241,240,240,238,234,234,239,238,236,235,234,235,231,230,231,231,228,229,228,225,225,227,226,226,225,225,222,222,222,218,221,217,216,214,211,211,211,211,209,209,207,206,205,203,203,204,200,199,198,197,195,194,194,190,189,188,186,185,184,183,179,178,175,174,173,173,173,172,170,169,167,163,161,161,159,156,156,155,158,157,156,155,154,154,152,151,151,149,148,145,145,144,145,144,141,139,136,136,133,133,132,130,132,132,130,129,128,128,127,127,127,126,127,126,126,125,123,124,124,123,122,122,119,118,118,118,117,116,114,113,110,109,109,109,107,107,107,107,107,107,106,106,105,105,104,103,103,103,103,102,100,98,97,96,94,93,93,93,93,93,93,93
0,0,0,0,0,0,0,0,0,0,0,0,0,0,0,0,0,0,0,0,0,0,0,0,0,0,0,0,0,0,0,0,0,0,0,0,0,0,0,0,0,0,0,0,0,0,0,0,0,0,0,0,0,0,0,0,0,0,0,0,0,0,0,0,0,0,0,0,0,0,0,0,0,0,0,0,0,0,0,0,0,0,0,0,0,47,47,46,46,45,43,84,83,81,80,79,115,114,128,127,141,154,179,179,178,178,176,185,199,210,208,215,210,216,214,210,213,209,207,203,200,205,208,207,204,203,202,200,200,199,197,197,199,195,192,193,198,205,201,196,194,195,196,195,194,189,187,185,184,185,186,185,182,185,185,184,182,181,183,184,184,186,185,186,184,182,178,178,176,174,170,167,168,167,166,164,166,166,165,167,167,165,164,164,162,161,160,161,160,160,158,156,156,156,156,155,155,154,153,151,150,148,148,148,148,148,148,148,145,143,142,142,143,140,140,138,139,138,137,137,136,137,136,137,136,135,134,134,135,133,133,132,132,131,128,127,126,126,123,123,123,122,122,121,121,121,121,120,118,117,116,116,116,116,113,112,112,112,112,112,110,110,110,110,110,110,109,108,108,108,107,107,106,105,104,104,104,104,102,102,101,101,100,100,100,98,97,96,96,96,96,95,94,93,93,92,92,92,91,91
0,0,0,0,0,0,0,0,0,0,0,0,0,0,0,0,0,0,0,0,0,0,0,0,0,0,0,0,0,0,0,0,0,0,0,0,0,0,0,0,0,0,0,0,0,0,0,0,0,0,0,0,0,0,0,0,0,0,0,0,0,0,0,0,0,0,0,0,0,0,0,0,0,0,0,0,0,0,0,0,0,0,0,0,0,0,0,0,0,0,0,36,36,59,59,58,90,89,88,87,86,86,125,141,139,151,148,170,169,175,182,180,179,177,174,174,174,181,179,179,190,190,188,186,185,190,189,188,193,197,197,192,191,202,200,198,196,195,197,196,195,201,198,198,194,193,195,201,197,195,197,195,192,191,189,187,186,188,188,188,188,186,186,184,183,183,184,184,181,183,181,188,190,189,189,186,184,182,181,183,183,184,182,181,181,182,180,178,177,176,176,175,174,173,170,168,167,164,163,161,160,157,157,157,156,154,150,148,146,146,144,144,145,143,142,142,143,143,142,142,141,140,137,135,135,134,133,132,132,130,129,126,125,125,122,121,120,120,118,117,117,116,116,113,112,112,111,111,110,111,111,111,111,111,110,110,110,109,108,107,105,105,104,103,102,100,99,99,99,98,97,96,96,95,95,95,94,94,93,93,91,90,90,90,89,87,88,87,86,86,85,84,83,83,81,79,78,75,75,75
0,0,0,0,0,0,0,0,0,0,0,0,0,0,0,0,0,0,0,0,0,0,0,0,0,0,0,0,0,0,0,0,0,0,0,0,0,0,0,0,0,0,0,0,0,0,0,0,0,0,0,0,0,0,0,0,0,0,0,0,0,0,0,0,0,0,0,0,0,0,0,0,0,0,0,0,0,0,0,0,0,0,0,0,0,0,0,0,0,0,0,0,0,0,0,31,51,49,65,65,64,64,62,62,62,101,98,98,123,123,139,145,144,187,186,183,182,180,179,191,190,199,205,224,224,223,220,219,218,218,224,222,224,220,225,223,223,222,220,220,219,221,217,215,214,214,213,212,211,209,208,218,217,217,219,221,219,223,222,221,217,216,213,213,211,208,205,204,208,205,199,196,194,194,196,195,194,195,195,194,192,191,188,189,186,186,185,185,181,180,180,179,179,177,175,171,170,166,165,165,164,163,160,159,158,157,154,154,153,152,149,149,147,145,145,146,145,141,141,140,139,138,136,136,136,137,136,134,135,134,133,133,131,129,129,129,127,126,126,124,122,121,121,120,119,118,116,115,113,112,111,109,109,108,106,105,105,103,103,100,99,95,96,95,94,93,92,92,90,89,89,86,85,83,83,83,83,83,83,82,81,80,79,79,76,76,74,73,73,73,73,72,71,71,71,71,70,70,70,67
0,0,0,0,0,0,0,0,0,0,0,0,0,0,0,0,0,0,0,0,0,0,0,0,0,0,0,0,0,0,0,0,0,0,0,0,0,0,0,0,0,0,0,0,0,0,0,0,0,0,0,0,0,0,0,0,0,0,0,0,0,0,0,0,0,0,0,0,0,0,0,0,0,0,0,0,0,0,0,0,0,0,53,53,53,51,94,94,93,93,93,127,125,125,123,122,121,130,129,147,146,159,194,194,238,235,233,229,228,226,224,244,252,249,245,243,242,238,246,251,254,253,258,254,261,260,268,265,267,265,264,262,268,273,274,274,276,273,271,269,268,268,269,267,264,267,264,262,260,258,255,253,252,253,254,256,253,250,249,252,250,248,246,246,242,242,241,239,241,240,242,240,237,236,235,236,236,236,235,235,233,232,228,227,230,227,225,224,222,218,216,213,211,210,206,203,199,197,195,193,190,190,187,185,182,181,180,179,178,175,173,173,173,173,171,170,168,167,167,167,166,165,164,162,160,159,159,158,156,156,155,154,152,151,150,150,149,148,146,146,147,147,145,144,144,143,142,142,141,139,137,135,135,135,132,130,130,128,127,126,125,124,123,122,122,122,120,120,119,117,117,115,114,113,112,113,111,111,110,110,109,107,106,104,104,101,101,101,99,99,99,99,99,97,96,96,96,94,92,92
0,0,0,0,0,0,0,0,0,0,0,0,0,0,0,0,0,0,0,0,0,0,0,0,0,0,0,0,0,0,0,0,0,0,0,0,0,0,0,0,0,0,0,0,0,0,0,0,0,0,0,0,0,0,0,0,0,0,0,0,0,0,0,0,0,0,0,0,0,0,0,0,0,0,0,0,0,0,0,0,0,0,0,0,0,0,0,0,0,0,0,0,0,0,0,0,0,0,0,0,0,0,0,0,0,0,0,0,48,48,47,47,47,47,47,47,83,83,80,112,112,110,108,108,108,107,126,179,179,188,187,187,185,182,182,182,200,198,197,224,221,217,232,230,228,242,239,238,244,240,254,263,261,259,258,256,254,249,246,244,243,240,239,239,234,234,232,226,231,230,227,227,229,232,237,237,238,236,235,239,238,234,238,233,232,229,230,234,233,229,228,227,225,223,221,217,215,213,212,210,209,205,205,202,201,199,198,196,192,192,189,188,186,185,184,181,180,180,179,178,178,176,174,171,168,166,163,161,160,157,157,155,155,155,155,155,153,153,152,150,149,148,147,145,144,144,144,144,144,145,145,144,143,140,140,140,138,136,135,134,136,135,132,133,133,133,130,130,129,127,126,125,124,122,120,120,119,116,113,110,109,108,108,107,107,107,108,107,107,107,106,104,103,102,101,101,101,99,98,98
0,0,0,0,0,0,0,0,0,0,0,0,0,0,0,0,0,0,0,0,0,0,0,0,0,0,0,0,0,0,0,0,0,0,0,0,0,0,0,0,0,0,0,0,0,0,0,0,0,0,0,0,0,0,0,0,0,0,0,0,0,0,0,0,0,0,0,0,0,0,0,0,0,0,0,0,0,0,0,0,0,0,0,0,0,0,0,0,0,40,39,38,38,61,61,61,61,91,115,114,111,111,130,129,140,152,150,152,151,151,149,149,147,147,146,144,144,142,147,156,154,158,162,162,167,167,169,169,165,165,163,170,175,187,183,183,186,184,183,180,181,183,188,187,190,189,187,186,186,184,183,183,180,179,179,179,177,175,177,177,180,179,179,180,181,179,177,175,175,172,170,170,170,169,169,167,166,163,163,162,162,161,161,161,161,161,159,159,159,158,157,157,157,154,152,152,150,149,149,148,147,145,145,144,143,141,141,138,138,138,137,133,132,131,133,133,133,133,130,129,127,125,122,120,118,118,117,117,115,113,112,112,109,108,108,108,107,107,106,107,105,104,103,103,102,102,101,100,99,99,97,97,98,97,96,96,95,94,92,91,90,90,89,87,87,86,86,83,83,82,81,80,80,80,80,79,77,75,73,72,72,71,71,70,68,68,67,67,67,67,67,67,67,67,67,66,65,65,65,63
0,0,0,0,0,0,0,0,0,0,0,0,0,0,0,0,0,0,0,0,0,0,0,0,0,0,0,0,0,0,0,0,0,0,0,0,0,0,0,0,0,0,0,0,0,0,0,0,0,0,0,0,0,0,0,0,0,0,0,0,0,0,0,0,0,0,0,0,0,0,0,0,0,0,0,0,0,0,0,0,0,0,63,63,63,62,61,60,59,59,58,58,57,56,56,56,56,55,54,93,93,106,106,102,99,120,118,115,115,154,180,179,180,176,174,174,182,180,178,202,201,198,194,194,208,212,211,210,210,205,204,202,199,197,210,217,215,215,213,211,210,208,211,215,214,218,217,216,218,221,220,218,218,217,216,217,217,216,218,217,214,212,212,210,208,208,205,205,208,207,205,204,209,208,206,203,201,198,195,195,193,192,190,187,186,184,183,180,177,178,178,177,176,174,173,173,172,172,171,169,168,163,161,158,158,157,156,155,152,152,150,151,151,148,146,144,143,143,143,141,141,140,140,137,136,137,134,133,131,131,128,126,126,125,121,120,119,118,117,115,114,109,108,108,106,106,107,105,104,103,101,101,100,96,95,96,92,91,90,89,88,87,86,84,84,84,84,82,82,81,80,78,78,79,79,79,76,75,75,75,75,75,74,73,72,72,70,69,69,69,66,65,65,66,65,65,65,65,64,64
0,0,0,0,0,0,0,0,0,0,0,0,0,0,0,0,0,0,0,0,0,0,0,0,0,0,0,0,0,0,0,0,0,0,0,0,0,0,0,0,0,0,0,0,0,0,0,0,0,0,0,0,0,0,0,0,0,0,0,0,0,0,0,0,0,0,0,0,0,0,0,0,0,0,0,0,0,0,0,0,0,0,0,0,0,0,0,0,0,0,0,0,0,0,0,0,0,0,0,0,0,0,0,0,0,0,0,64,113,110,110,110,109,107,107,106,105,167,165,206,206,221,233,232,229,239,236,233,230,230,228,225,224,244,240,237,235,258,257,256,260,254,259,268,267,271,270,274,270,270,274,272,271,269,268,264,263,263,268,268,266,268,267,265,263,260,261,258,262,259,259,256,255,253,255,254,257,255,254,249,248,245,243,239,235,241,238,239,235,237,234,235,234,231,229,226,224,223,222,220,217,216,214,211,210,209,206,204,203,200,198,196,194,191,187,186,185,185,184,183,183,181,179,179,175,175,173,173,173,173,173,172,172,170,168,165,165,163,163,162,159,158,155,154,154,152,150,149,147,147,147,147,146,146,145,143,143,142,139,136,135,131,130,132,132,131,131,130,129,129,127,127,125,125,125,123,122,122,120,119,116,116,116,116,112,111,111,109,108,108,108,108,107,106,106,106,104,102,101,98
0,0,0,0,0,0,0,0,0,0,0,0,0,0,0,0,0,0,0,0,0,0,0,0,0,0,0,0,0,0,0,0,0,0,0,0,0,0,0,0,0,0,0,0,0,0,0,0,0,0,0,0,0,0,0,0,0,0,0,0,0,0,0,0,0,0,0,0,0,0,0,0,0,0,0,0,0,0,0,0,0,0,0,0,0,44,43,41,41,41,41,41,40,40,51,60,68,67,66,98,98,98,97,109,109,118,117,128,127,125,124,139,139,149,165,165,164,164,172,170,179,186,186,186,192,198,197,193,199,197,198,202,204,207,213,211,210,209,209,208,211,211,208,210,208,208,208,211,212,212,210,208,206,205,205,203,205,204,203,203,200,197,196,197,195,193,192,190,192,190,189,192,190,189,188,189,187,186,181,179,178,171,170,169,169,167,165,162,161,158,155,156,155,153,153,151,150,150,149,146,146,145,144,144,141,140,140,140,140,138,137,135,134,134,132,135,134,132,131,130,128,128,128,128,128,126,125,124,125,125,124,124,124,123,123,121,120,116,116,115,115,113,113,111,110,107,107,107,106,105,103,104,103,102,101,101,98,98,97,96,94,93,92,91,90,91,90,90,90,89,88,86,86,86,85,83,82,82,82,82,81,79,78,75,73,72,71,71,71,69,69,69,67,67,66,66,63,63,62,59
0,0,0,0,0,0,0,0,0,0,0,0,0,0,0,0,0,0,0,0,0,0,0,0,0,0,0,0,0,0,0,0,0,0,0,0,0,0,0,0,0,0,0,0,0,0,0,0,0,0,0,0,0,0,0,0,0,0,0,0,0,0,0,0,0,0,0,0,0,0,0,0,0,0,0,0,0,0,60,59,59,59,58,58,99,129,128,128,157,157,156,154,153,167,163,163,186,183,213,213,211,210,213,209,218,217,219,219,224,227,226,225,221,221,220,219,218,217,229,227,226,224,223,219,221,223,236,241,238,237,236,236,234,238,237,235,233,227,226,224,222,228,228,232,231,236,236,238,237,236,235,234,229,232,229,229,227,222,220,218,216,216,213,215,214,213,215,212,210,209,211,212,212,211,210,210,209,208,207,208,204,201,200,198,195,190,189,187,185,183,179,178,180,179,176,175,175,172,171,169,167,165,164,162,161,159,158,156,153,151,150,148,146,145,143,142,145,144,143,142,141,140,139,137,136,135,135,134,134,134,133,133,133,132,132,130,130,129,128,128,128,125,124,122,119,117,116,115,117,117,117,117,117,115,113,113,113,112,111,111,109,107,107,107,107,107,105,102,101,100,100,98,96,95,95,95,95,94,92,92,92,92,92,91,90,89,89,88,88,86,85,85,85,84,84,84,82,81,81,80
0,0,0,0,0,0,0,0,0,0,0,0,0,0,0,0,0,0,0,0,0,0,0,0,0,0,0,0,0,0,0,0,0,0,0,0,0,0,0,0,0,0,0,0,0,0,0,0,0,0,0,0,0,0,0,0,0,0,0,0,0,0,0,0,0,0,0,0,0,0,0,0,0,0,0,0,0,0,0,0,0,0,0,0,44,42,42,78,97,96,96,120,138,138,137,135,134,133,143,172,168,167,166,163,160,177,176,174,189,204,203,202,202,201,204,202,202,200,196,200,201,201,212,217,225,227,223,222,220,220,217,214,222,220,226,223,222,221,220,219,221,222,226,222,220,218,216,214,212,212,210,207,214,215,214,215,213,214,212,210,209,208,206,202,203,202,201,202,199,201,199,197,195,194,191,191,188,187,186,186,185,186,187,187,187,187,184,183,182,182,181,178,175,175,173,172,169,165,165,164,163,161,161,161,161,161,160,160,160,158,156,156,157,157,154,154,154,153,151,151,151,150,149,146,146,145,144,142,144,142,142,142,142,142,141,142,140,138,137,137,136,136,131,131,131,131,131,130,130,129,129,128,127,127,127,127,127,126,124,123,122,122,121,121,119,119,117,117,117,116,115,114,114,114,112,112,112,112,110,109,108,105,104,104,104,104,103,101,100,97,96,96,96,96,96,96,95,95,95,94
0,0,0,0,0,0,0,0,0,0,0,0,0,0,0,0,0,0,0,0,0,0,0,0,0,0,0,0,0,0,0,0,0,0,0,0,0,0,0,0,0,0,0,0,0,0,0,0,0,0,0,0,0,0,0,0,0,0,0,0,0,0,0,0,0,0,0,0,0,0,0,0,0,0,0,0,0,0,0,0,0,0,0,71,71,71,71,71,71,71,71,70,66,66,66,76,76,76,121,140,140,137,136,136,133,167,167,166,162,162,161,175,173,207,212,210,210,218,217,215,214,224,222,235,242,246,252,264,266,262,264,262,261,259,256,255,250,247,243,247,250,247,245,244,244,250,249,248,246,245,242,240,239,238,235,233,233,233,232,229,228,228,226,226,230,229,227,227,224,230,228,225,224,223,223,224,223,224,222,220,218,218,217,221,219,218,216,213,211,215,211,209,207,205,202,201,200,198,197,196,196,196,193,192,191,187,186,182,182,182,179,177,173,171,169,169,169,167,166,164,163,162,162,161,160,160,160,158,156,155,154,152,151,150,149,148,148,148,149,149,145,143,141,138,137,135,134,134,134,135,133,130,128,127,127,125,123,122,119,117,117,117,117,116,116,116,116,115,115,115,114,113,112,111,111,107,106,106,102,101,101,101,100,100,101,98,97,96,96,94,94,93,93,91,90,90,90,90,89,88
0,0,0,0,0,0,0,0,0,0,0,0,0,0,0,0,0,0,0,0,0,0,0,0,0,0,0,0,0,0,0,0,0,0,0,0,0,0,0,0,0,0,0,0,0,0,0,0,0,0,0,0,0,0,0,0,0,0,0,0,0,0,0,0,0,0,0,0,0,0,0,0,0,0,0,0,0,0,0,0,0,0,0,0,36,36,35,35,35,70,68,67,67,84,84,82,81,80,80,77,77,94,94,93,92,92,100,98,97,107,107,106,105,105,119,119,158,186,191,208,207,205,205,214,216,212,210,216,215,219,218,218,216,215,222,221,219,218,222,221,220,219,219,218,222,221,220,218,217,215,217,214,211,212,211,212,212,212,212,210,210,212,212,204,202,202,200,198,202,200,197,197,197,199,198,198,197,197,196,194,191,190,189,188,188,188,187,187,184,181,181,179,179,179,178,177,174,174,172,169,169,169,168,167,167,165,163,163,161,160,157,155,152,150,151,151,149,148,145,143,143,141,139,139,139,138,136,137,137,136,134,131,131,131,131,130,130,128,128,125,124,124,124,123,123,121,119,117,115,116,116,114,114,113,113,113,109,108,108,108,108,108,108,107,107,106,106,103,103,102,101,101,100,100,99,97,97,96,94,93,92,91,91,91,90,89,88,88,85,85,82,82,82,81,81,80,79,79,77,77
0,0,0,0,0,0,0,0,0,0,0,0,0,0,0,0,0,0,0,0,0,0,0,0,0,0,0,0,0,0,0,0,0,0,0,0,0,0,0,0,0,0,0,0,0,0,0,0,0,0,0,0,0,0,0,0,0,0,0,0,0,0,0,0,0,0,0,0,0,0,0,0,0,0,0,0,0,0,0,0,0,57,56,56,56,55,55,55,55,55,55,55,54,53,52,51,50,118,117,116,113,111,107,106,105,104,102,102,114,160,174,183,213,213,212,211,210,210,208,205,204,216,223,232,232,230,229,233,236,241,233,238,236,234,229,234,230,230,226,226,238,238,235,242,237,241,237,235,234,242,242,248,247,245,248,249,249,254,250,247,246,244,246,243,242,240,238,237,234,232,230,227,226,221,220,219,220,219,217,213,208,207,208,208,207,209,209,207,205,205,202,203,202,199,196,196,194,193,192,191,190,189,188,187,184,184,183,181,177,177,176,176,175,174,171,165,165,165,163,161,159,158,156,155,154,154,154,151,150,150,149,149,148,147,147,144,143,142,141,141,141,139,138,135,135,133,129,127,125,125,123,123,123,120,120,118,114,112,111,109,108,107,106,105,104,102,102,97,96,94,94,95,92,91,92,91,90,88,88,88,87,86,85,85,85,85,84,82,82,82,82,81,79,79,79,78,78,78,78,78
0,0,0,0,0,0,0,0,0,0,0,0,0,0,0,0,0,0,0,0,0,0,0,0,0,0,0,0,0,0,0,0,0,0,0,0,0,0,0,0,0,0,0,0,0,0,0,0,0,0,0,0,0,0,0,0,0,0,0,0,0,0,0,0,0,0,0,0,0,0,0,0,0,0,0,0,0,0,0,0,0,0,0,0,45,45,44,43,43,43,73,73,71,71,86,86,85,94,94,110,150,146,144,143,155,192,189,203,214,212,209,207,206,206,203,201,198,219,217,222,227,226,235,234,231,243,241,238,242,238,253,253,253,252,248,247,253,250,255,252,258,260,256,255,253,251,250,250,248,245,248,247,246,244,241,239,237,236,236,234,233,233,232,228,231,227,226,225,225,224,221,222,219,217,214,210,209,205,207,206,204,205,203,200,200,198,198,197,198,194,194,194,194,191,190,188,184,181,179,176,176,171,171,171,170,170,169,167,166,165,163,162,162,160,158,159,159,159,159,158,157,156,156,156,156,155,153,151,150,148,146,146,142,141,137,135,134,134,132,132,130,130,129,128,127,126,124,122,121,120,119,119,119,116,114,113,113,113,112,112,112,112,110,108,106,104,104,104,103,101,100,98,97,95,93,90,88,88,88,88,87,86,86,85,83,83,83,83,82,80,80,80,79,78,78,79,78,78,77,75
0,0,0,0,0,0,0,0,0,0,0,0,0,0,0,0,0,0,0,0,0,0,0,0,0,0,0,0,0,0,0,0,0,0,0,0,0,0,0,0,0,0,0,0,0,0,0,0,0,0,0,0,0,0,0,0,0,0,0,0,0,0,0,0,0,0,0,0,0,0,0,0,0,0,0,0,0,0,0,0,0,0,0,0,0,0,0,0,0,0,0,0,55,82,82,82,147,145,142,193,191,190,199,208,206,202,200,198,198,198,196,195,194,193,193,227,226,222,228,233,232,236,244,239,246,245,244,243,242,244,243,242,239,236,232,234,239,242,239,235,235,240,244,241,237,237,239,237,235,237,235,232,233,233,231,232,231,228,227,227,230,227,225,224,222,224,222,220,218,217,215,215,211,210,210,210,211,209,207,206,202,195,192,191,190,190,188,187,187,189,189,188,186,184,181,180,180,180,178,178,177,176,175,174,173,172,172,170,169,168,166,165,164,164,164,164,164,163,162,162,162,162,160,159,156,154,154,153,152,152,148,146,145,145,144,144,145,144,144,142,140,138,136,135,130,129,129,128,127,126,125,124,123,120,119,118,117,117,115,114,113,111,109,108,108,108,107,104,103,102,100,98,98,98,97,97,97,97,97,97,97,96,96,96,96,95,94,93,92,91,90,89,88,86,86,85,83,80,79,79
0,0,0,0,0,0,0,0,0,0,0,0,0,0,0,0,0,0,0,0,0,0,0,0,0,0,0,0,0,0,0,0,0,0,0,0,0,0,0,0,0,0,0,0,0,0,0,0,0,0,0,0,0,0,0,0,0,0,0,0,0,0,0,0,0,0,0,0,0,0,0,0,0,0,0,0,0,0,0,0,0,51,51,50,48,48,48,48,48,80,79,78,77,77,77,91,90,90,88,86,85,85,85,84,125,135,134,133,175,197,197,195,195,222,222,221,220,219,216,222,229,234,232,230,239,239,238,236,236,234,238,238,236,233,233,232,240,238,251,251,248,246,245,249,248,244,243,241,238,236,238,239,236,234,232,239,239,235,239,238,239,236,236,234,233,234,231,232,233,232,230,226,224,224,221,220,221,219,219,216,211,210,208,208,205,203,201,200,198,198,198,196,194,194,193,190,190,190,189,187,185,184,183,183,180,180,179,176,176,175,173,173,173,171,168,166,165,163,159,159,159,156,156,155,152,150,150,149,150,149,148,148,146,146,143,143,142,139,137,136,135,132,132,131,130,128,126,125,125,122,122,121,121,121,119,118,118,116,116,116,116,115,114,113,111,111,110,110,109,109,109,109,109,109,106,106,106,106,105,105,105,103,102,102,102,100,101,100,100,98,97,97,96,96,95,95,95,95,93,92
0,0,0,0,0,0,0,0,0,0,0,0,0,0,0,0,0,0,0,0,0,0,0,0,0,0,0,0,0,0,0,0,0,0,0,0,0,0,0,0,0,0,0,0,0,0,0,0,0,0,0,0,0,0,0,0,0,0,0,0,0,0,0,0,0,0,0,0,0,0,0,0,0,0,0,0,0,0,0,0,0,0,0,0,0,68,67,67,89,117,116,113,111,110,108,119,119,118,118,118,118,126,126,135,134,151,171,171,183,183,181,186,185,187,190,189,187,209,208,206,206,213,213,216,214,212,211,212,211,220,219,217,217,219,218,217,218,216,215,214,213,212,217,218,213,211,209,208,204,203,203,203,202,201,199,202,200,199,197,196,195,194,195,192,196,194,193,187,184,183,181,181,179,179,178,176,178,175,174,169,170,169,166,164,163,162,161,159,158,155,152,149,147,145,144,142,142,140,137,136,136,136,135,133,133,131,132,132,130,129,128,126,125,125,124,122,121,120,120,119,117,115,113,113,113,110,110,111,109,109,107,104,104,104,103,103,102,100,102,102,102,102,102,100,98,98,98,99,97,98,96,94,94,93,93,93,93,92,89,88,87,87,86,86,87,86,85,84,84,81,81,81,79,78,78,76,76,75,75,75,75,73,71,71,71,72,71,71,71,71,71,71,71,71,71,71,70,69,69,68
0,0,0,0,0,0,0,0,0,0,0,0,0,0,0,0,0,0,0,0,0,0,0,0,0,0,0,0,0,0,0,0,0,0,0,0,0,0,0,0,0,0,0,0,0,0,0,0,0,0,0,0,0,0,0,0,0,0,0,0,0,0,0,0,0,0,0,0,0,0,0,0,0,0,0,0,0,0,0,0,0,0,0,0,0,0,0,0,0,99,99,99,98,114,123,132,132,140,140,138,138,138,136,141,147,146,141,141,141,141,140,140,145,151,154,153,156,153,149,155,159,168,173,172,173,171,171,169,166,169,172,168,168,171,176,179,176,177,177,175,178,176,172,169,168,170,167,168,168,167,167,166,166,167,167,165,164,166,167,165,166,167,167,163,162,161,161,160,158,157,156,158,157,155,152,148,146,146,145,143,141,140,137,139,139,140,138,134,130,129,128,126,127,126,123,123,123,122,121,120,118,116,114,112,112,112,110,108,108,109,109,107,106,105,107,107,107,106,105,105,104,103,103,103,102,102,99,99,98,97,96,93,92,91,91,90,89,88,88,88,87,85,85,85,85,85,84,83,82,82,81,81,80,78,78,78,77,77,77,76,76,76,75,75,75,75,75,75,75,75,74,74,73,71,71,70,69,69,69,69,68,66,66,65,65,65,65,65,64,64,63,63,63,62,61,61,61,60,60,59
0,0,0,0,0,0,0,0,0,0,0,0,0,0,0,0,0,0,0,0,0,0,0,0,0,0,0,0,0,0,0,0,0,0,0,0,0,0,0,0,0,0,0,0,0,0,0,0,0,0,0,0,0,0,0,0,0,0,0,0,0,0,0,0,0,0,0,0,0,0,0,0,0,0,0,0,0,0,0,0,0,0,0,51,51,88,88,88,87,85,85,84,84,128,128,128,144,158,156,154,154,182,180,180,206,204,203,201,214,212,210,226,232,249,254,259,261,261,259,258,276,270,266,271,270,271,267,275,271,271,268,265,264,261,262,262,262,260,259,257,254,257,255,251,254,253,251,253,250,251,251,251,251,251,250,249,247,243,247,249,248,250,246,241,241,239,236,235,236,231,227,226,223,219,218,215,213,213,213,210,209,211,209,208,208,206,206,206,204,202,202,202,201,199,198,197,192,192,192,192,191,190,188,185,187,186,186,185,183,181,179,177,177,175,175,175,174,171,170,170,169,168,167,165,164,162,159,158,157,156,156,155,156,155,155,152,149,148,146,145,146,145,145,144,143,141,140,140,140,139,137,137,136,135,134,133,131,130,130,127,126,126,125,124,123,123,121,119,118,118,117,116,115,113,111,109,108,108,104,104,101,100,98,98,98,98,97,97,95,94,94,93,93,92,90,89,86,86,85,83
0,0,0,0,0,0,0,0,0,0,0,0,0,0,0,0,0,0,0,0,0,0,0,0,0,0,0,0,0,0,0,0,0,0,0,0,0,0,0,0,0,0,0,0,0,0,0,0,0,0,0,0,0,0,0,0,0,0,0,0,0,0,0,0,0,0,0,0,0,0,0,0,0,0,0,0,0,0,0,0,0,0,12,12,12,12,12,12,12,12,12,12,12,12,12,12,12,12,12,12,12,12,12,12,12,12,56,56,55,118,118,117,117,117,116,115,113,112,126,124,123,138,137,135,133,130,130,130,128,140,154,152,151,169,167,181,177,203,217,222,228,226,233,236,234,233,230,231,228,233,231,227,225,226,231,229,228,230,227,224,226,228,228,229,227,226,222,220,221,219,223,219,217,216,215,217,218,216,216,213,213,211,213,211,210,210,210,208,206,204,202,201,197,196,194,193,193,189,188,186,185,184,181,180,177,176,176,175,174,173,171,170,167,167,166,165,162,159,158,157,155,154,154,153,151,149,148,146,144,142,139,139,139,139,138,137,135,134,133,134,133,132,132,130,128,127,127,125,124,123,120,120,119,117,116,114,113,113,113,111,111,110,108,107,106,104,103,103,103,103,103,102,99,96,96,96,95,95,95,93,93,93,92,92,92,90,89,88,86,84,84,83,83,82,81,80,80,79,79,78
0,0,0,0,0,0,0,0,0,0,0,0,0,0,0,0,0,0,0,0,0,0,0,0,0,0,0,0,0,0,0,0,0,0,0,0,0,0,0,0,0,0,0,0,0,0,0,0,0,0,0,0,0,0,0,0,0,0,0,0,0,0,0,0,0,0,0,0,0,0,0,0,0,0,0,0,0,0,0,0,0,0,0,0,0,0,0,0,0,0,0,0,0,0,0,0,0,0,0,0,0,0,0,0,0,0,0,0,0,34,34,34,33,32,32,31,31,31,31,31,31,31,30,30,30,29,29,29,29,75,104,102,101,127,125,124,123,163,163,201,200,199,198,197,191,189,189,200,205,204,200,226,234,241,248,247,253,253,251,249,255,267,266,265,271,280,277,283,280,280,279,285,281,279,277,278,277,274,283,279,275,272,274,269,268,265,263,261,258,255,263,260,258,256,253,251,250,245,244,242,242,242,240,238,236,233,231,228,226,225,221,220,218,217,215,209,208,206,204,204,204,204,202,200,198,198,198,197,196,195,193,191,189,187,186,186,182,181,180,178,178,177,172,171,168,167,165,164,160,161,160,159,159,156,155,154,154,152,150,150,150,151,151,148,147,147,146,144,144,144,144,142,143,143,143,141,141,140,139,138,136,135,133,132,132,131,129,128,128,128,128,127,124,123,122,122,120,119,118,118
0,0,0,0,0,0,0,0,0,0,0,0,0,0,0,0,0,0,0,0,0,0,0,0,0,0,0,0,0,0,0,0,0,0,0,0,0,0,0,0,0,0,0,0,0,0,0,0,0,0,0,0,0,0,0,0,0,0,0,0,0,0,0,0,0,0,0,0,0,0,0,0,0,0,0,0,0,0,0,0,0,0,0,0,0,0,0,0,0,0,0,0,0,0,0,0,0,0,0,0,0,0,0,0,0,0,0,0,0,0,0,26,26,26,25,25,25,25,25,51,68,67,90,90,89,88,101,101,99,97,96,145,184,193,191,208,206,205,202,200,198,194,191,188,197,201,201,201,207,213,211,219,214,221,221,219,214,213,215,214,214,219,219,217,225,225,232,231,230,230,229,233,232,235,232,230,229,228,225,222,219,219,219,217,216,221,219,216,214,214,214,213,211,209,209,206,205,203,200,197,197,193,191,191,191,191,191,189,186,183,182,180,179,178,178,177,175,173,171,169,166,166,162,161,161,161,157,156,155,153,153,153,152,149,147,146,146,145,144,142,144,141,140,138,137,137,135,133,133,132,132,131,132,131,130,128,128,128,127,126,126,124,124,124,123,123,121,117,117,115,115,115,114,112,111,111,110,110,109,108,108,107,105,103,103,103,103,103,102,101,101,101,101,99,99,99,96,96,95,93
0,0,0,0,0,0,0,0,0,0,0,0,0,0,0,0,0,0,0,0,0,0,0,0,0,0,0,0,0,0,0,0,0,0,0,0,0,0,0,0,0,0,0,0,0,0,0,0,0,0,0,0,0,0,0,0,0,0,0,0,0,0,0,0,0,0,0,0,0,0,0,0,0,0,0,0,0,0,0,0,0,0,0,0,0,0,0,0,0,0,0,0,56,122,121,121,120,119,118,136,135,134,133,132,131,131,145,144,156,168,166,164,202,209,206,205,203,201,227,249,257,254,251,248,246,259,258,257,256,254,253,251,250,260,282,281,288,285,288,287,292,293,290,294,290,294,294,295,293,290,286,284,282,285,292,290,288,285,288,287,288,284,282,283,281,280,278,277,276,275,268,267,264,262,260,263,261,258,259,260,260,258,256,255,254,253,252,250,247,244,243,240,238,236,233,232,231,230,229,229,230,228,226,224,221,220,218,217,213,211,211,211,210,207,206,203,203,202,202,198,196,196,195,194,192,189,188,186,184,176,177,174,171,170,170,170,169,166,164,164,164,163,163,160,160,160,160,160,159,159,158,154,151,149,145,144,142,141,139,139,137,135,135,133,132,131,130,130,130,130,128,126,125,125,124,124,124,124,123,123,121,120,119,117,118,118,118,118,116,116,114,112,111,111,110,110,110,110,109,108
0,0,0,0,0,0,0,0,0,0,0,0,0,0,0,0,0,0,0,0,0,0,0,0,0,0,0,0,0,0,0,0,0,0,0,0,0,0,0,0,0,0,0,0,0,0,0,0,0,0,0,0,0,0,0,0,0,0,0,0,0,0,0,0,0,0,0,0,0,0,0,0,0,0,0,0,0,0,0,0,0,0,0,0,0,0,45,44,44,44,43,83,82,82,81,81,80,80,79,102,99,108,108,106,105,121,127,127,143,142,140,140,139,177,176,190,190,205,226,234,248,254,247,244,244,248,263,272,277,272,271,270,270,270,268,267,266,266,263,270,267,264,262,257,256,263,268,266,271,281,279,282,278,276,272,275,273,269,266,261,256,260,259,257,260,258,255,255,253,251,249,248,245,249,253,252,249,250,248,245,242,241,238,238,236,234,231,228,227,225,226,224,223,222,218,215,214,214,212,209,206,203,203,205,203,201,199,198,194,191,191,190,190,186,183,179,174,172,172,172,170,168,169,167,166,163,161,161,160,159,158,157,157,157,156,151,149,150,151,151,150,148,147,146,145,144,141,142,141,141,138,137,137,135,135,134,132,132,131,131,129,129,127,127,127,126,124,124,124,124,123,123,122,121,120,119,119,118,117,117,116,117,117,117,117,116,115,114,113,112,110,109,108,107,108,107,107,106,106,106
0,0,0,0,0,0,0,0,0,0,0,0,0,0,0,0,0,0,0,0,0,0,0,0,0,0,0,0,0,0,0,0,0,0,0,0,0,0,0,0,0,0,0,0,0,0,0,0,0,0,0,0,0,0,0,0,0,0,0,0,0,0,0,0,0,0,0,0,0,0,0,0,0,0,0,0,0,0,0,0,0,0,0,0,0,40,39,39,38,38,38,38,38,38,38,38,36,63,62,91,91,91,103,114,128,126,124,140,174,172,170,186,185,183,182,180,179,196,196,196,200,212,221,220,218,218,214,218,223,223,219,217,214,213,219,222,226,225,223,223,221,224,223,226,224,222,221,221,221,222,220,222,221,225,223,221,221,218,215,217,219,217,214,218,212,211,211,210,209,209,210,209,207,207,205,204,203,202,201,200,198,196,196,195,194,191,189,187,184,183,182,180,178,177,176,174,173,173,169,169,168,166,166,165,162,163,162,159,158,156,155,154,153,151,150,147,143,142,142,141,141,140,137,136,135,133,133,134,135,135,135,134,134,134,134,134,134,133,132,132,130,128,128,127,126,125,123,123,122,119,119,119,119,118,118,118,115,113,112,110,110,110,109,108,106,106,104,102,101,101,100,99,98,98,98,96,94,93,92,91,90,90,90,90,89,89,86,85,83,82,82,81,81,81,81,80,78,78,76,76
0,0,0,0,0,0,0,0,0,0,0,0,0,0,0,0,0,0,0,0,0,0,0,0,0,0,0,0,0,0,0,0,0,0,0,0,0,0,0,0,0,0,0,0,0,0,0,0,0,0,0,0,0,0,0,0,0,0,0,0,0,0,0,0,0,0,0,0,0,0,0,0,0,0,0,52,52,52,52,52,52,52,51,51,50,50,50,50,50,49,49,49,48,48,47,46,46,45,44,43,42,41,41,41,40,40,40,39,39,39,39,39,39,38,38,38,38,38,38,71,102,101,100,100,99,99,99,98,98,98,119,117,134,131,127,125,124,121,135,151,170,168,167,192,190,208,207,206,222,233,231,230,227,233,238,233,240,244,243,240,238,233,231,230,224,222,227,238,242,238,237,234,239,244,241,239,239,239,237,233,239,239,238,234,233,230,224,226,224,226,226,222,223,222,221,221,218,217,215,214,213,211,210,207,205,203,201,201,199,198,197,195,194,192,192,190,187,186,185,183,182,180,178,177,176,175,173,172,172,172,171,169,165,164,163,163,161,159,159,159,158,154,152,151,147,146,145,144,143,142,139,135,134,134,133,133,132,130,129,128,127,126,126,126,126,127,126,124,121,122,120,120,119,119,118,118,118,117,115,115,114,114,113,113,113,112,111,110,110,110,108,107,106,106,105,104,104,100,100,100
0,0,0,0,0,0,0,0,0,0,0,0,0,0,0,0,0,0,0,0,0,0,0,0,0,0,0,0,0,0,0,0,0,0,0,0,0,0,0,0,0,0,0,0,0,0,0,0,0,0,0,0,0,0,0,0,0,0,0,0,0,0,0,0,0,0,0,0,0,0,0,0,0,0,0,0,0,0,0,0,0,51,51,51,50,50,50,49,84,83,83,83,83,82,81,91,91,90,102,99,97,95,114,114,153,163,172,172,194,213,211,210,208,208,205,218,216,230,233,235,234,232,230,232,236,241,241,238,242,240,239,245,242,249,252,257,254,250,248,248,252,250,248,246,244,245,243,244,244,248,250,252,253,250,249,245,241,241,242,240,237,234,230,228,225,224,220,219,220,219,220,221,223,222,220,218,215,213,211,209,209,206,206,205,202,200,198,196,195,194,193,192,191,191,191,190,190,189,187,184,184,183,181,177,176,175,174,173,171,167,165,163,162,161,161,161,162,161,161,161,160,159,159,157,156,157,157,156,156,155,154,154,151,150,148,147,146,145,144,143,143,142,139,139,137,137,136,134,132,131,129,128,125,122,122,121,120,118,118,115,114,114,114,113,111,110,110,109,108,108,108,108,107,105,105,104,104,104,102,101,100,98,98,98,98,98,97,96,95,95,94,94,93,92,90,89,87,88,87,85
0,0,0,0,0,0,0,0,0,0,0,0,0,0,0,0,0,0,0,0,0,0,0,0,0,0,0,0,0,0,0,0,0,0,0,0,0,0,0,0,0,0,0,0,0,0,0,0,0,0,0,0,0,0,0,0,0,0,0,0,0,0,0,0,0,0,0,0,0,0,0,0,0,0,0,0,0,0,0,0,0,0,0,0,34,34,34,84,113,111,108,108,108,106,125,123,139,139,149,162,161,160,167,164,174,173,175,174,186,185,185,182,181,180,177,187,205,205,212,217,213,217,214,220,219,216,215,225,224,230,229,227,234,230,229,227,225,225,228,227,231,229,232,231,229,229,225,224,222,227,224,224,223,225,222,219,224,222,228,228,228,227,227,224,224,222,217,215,218,219,216,215,214,212,209,213,212,211,209,206,205,205,201,200,198,200,198,197,195,194,192,190,188,186,185,184,183,183,182,181,179,178,178,176,177,176,175,175,176,175,174,174,173,171,171,171,170,169,168,167,166,164,163,163,162,160,160,160,160,157,156,153,151,151,148,147,147,147,148,146,145,144,143,141,140,140,137,136,133,132,130,130,127,126,123,122,122,122,120,118,116,116,114,114,112,112,110,110,110,110,111,110,107,107,107,107,107,107,104,103,102,102,102,102,102,102,102,100,99,98,97,95,94,94,94,90,90,89,88,87
0,0,0,0,0,0,0,0,0,0,0,0,0,0,0,0,0,0,0,0,0,0,0,0,0,0,0,0,0,0,0,0,0,0,0,0,0,0,0,0,0,0,0,0,0,0,0,0,0,0,0,0,0,0,0,0,0,0,0,0,0,0,0,0,0,0,0,0,0,0,0,0,0,0,0,0,0,0,0,0,0,0,0,0,0,0,0,43,83,83,83,80,80,78,78,78,77,94,109,108,108,107,107,118,117,113,187,187,208,205,202,230,228,225,221,218,236,244,243,240,241,247,247,256,270,266,264,263,265,260,258,257,255,261,260,266,263,259,258,255,260,255,255,261,266,266,270,270,270,269,266,262,261,260,259,254,249,249,247,245,245,246,245,252,248,247,247,251,251,250,246,248,244,243,237,235,234,232,230,228,227,227,228,227,226,224,223,220,219,221,218,215,218,216,216,213,212,212,210,209,205,203,202,200,196,195,193,193,193,192,188,187,186,184,180,180,180,178,175,174,169,167,167,166,164,163,162,162,162,163,162,161,158,158,158,158,157,155,155,153,151,151,151,151,149,146,144,142,141,140,140,139,139,134,134,133,132,131,130,129,124,124,124,124,123,123,123,122,121,119,117,116,115,115,112,112,109,109,108,107,107,107,107,107,103,103,102,103,103,100,98,98,97,97,96,95,95,95,94,93
0,0,0,0,0,0,0,0,0,0,0,0,0,0,0,0,0,0,0,0,0,0,0,0,0,0,0,0,0,0,0,0,0,0,0,0,0,0,0,0,0,0,0,0,0,0,0,0,0,0,0,0,0,0,0,0,0,0,0,0,0,0,0,0,0,0,0,0,0,0,0,0,0,0,0,0,0,0,0,0,0,0,0,0,0,0,0,40,40,40,39,37,37,80,78,77,76,100,100,100,99,121,121,121,151,150,169,167,164,170,179,188,195,201,200,198,206,214,213,212,210,215,221,225,229,226,223,231,236,234,238,235,233,236,238,242,240,241,236,235,232,230,229,228,227,224,230,233,233,235,231,228,230,228,224,223,220,216,217,215,215,215,214,214,212,218,217,214,212,212,214,214,213,213,211,208,211,210,206,203,202,202,201,200,198,198,195,192,190,185,184,179,178,178,176,176,176,176,176,174,173,170,169,166,165,164,160,160,160,160,156,154,152,151,151,150,147,147,147,148,146,146,144,144,143,142,141,140,138,138,137,136,134,132,132,132,132,130,129,127,127,125,124,123,123,122,121,122,118,118,118,118,118,118,118,118,116,115,115,113,113,113,113,113,113,113,112,111,111,109,109,107,105,105,103,103,103,101,100,100,97,95,95,95,94,95,94,93,92,92,90,88,86,84,84,83,85,85,84,84
0,0,0,0,0,0,0,0,0,0,0,0,0,0,0,0,0,0,0,0,0,0,0,0,0,0,0,0,0,0,0,0,0,0,0,0,0,0,0,0,0,0,0,0,0,0,0,0,0,0,0,0,0,0,0,0,0,0,0,0,0,0,0,0,0,0,0,0,0,0,0,0,0,0,0,0,0,0,0,0,0,0,0,0,0,0,0,0,0,0,0,38,71,70,70,70,70,70,69,89,153,203,200,208,206,199,195,207,204,201,200,200,199,209,206,209,209,209,206,211,209,212,211,209,208,237,236,238,237,236,236,235,242,245,243,244,241,241,238,236,251,250,249,246,246,243,243,241,243,238,237,238,234,231,231,230,229,230,227,226,226,232,226,227,227,224,220,221,223,225,224,222,220,218,218,217,217,216,216,215,214,210,210,210,210,209,209,208,206,203,201,200,202,200,200,198,194,192,191,187,185,183,180,178,177,177,176,176,173,171,169,169,169,168,165,165,164,164,164,164,161,160,160,160,158,158,157,156,155,154,153,153,152,151,150,150,146,144,143,142,141,141,141,141,139,137,136,134,134,134,132,132,131,131,130,128,123,123,123,123,122,120,118,115,114,113,113,113,112,111,111,111,109,108,107,105,101,101,99,99,99,99,99,99,96,95,95,92,91,90,89,87,87,86,86,85,84,83,83,82
0,0,0,0,0,0,0,0,0,0,0,0,0,0,0,0,0,0,0,0,0,0,0,0,0,0,0,0,0,0,0,0,0,0,0,0,0,0,0,0,0,0,0,0,0,0,0,0,0,0,0,0,0,0,0,0,0,0,0,0,0,0,0,0,0,0,0,0,0,0,0,0,0,0,0,0,0,0,0,0,0,0,0,0,41,41,41,82,82,105,103,102,101,100,100,99,99,114,112,135,149,147,146,145,143,141,140,139,138,135,154,187,187,218,226,223,221,222,219,228,227,229,226,239,241,241,241,243,241,246,245,243,243,242,249,249,253,249,245,244,245,246,244,242,246,243,242,245,242,243,238,242,242,239,237,232,229,230,226,224,223,223,222,222,220,219,217,215,212,212,214,209,209,209,208,205,203,202,201,204,202,200,201,199,196,197,198,196,196,196,191,191,190,189,188,184,183,182,182,181,181,178,177,177,177,176,176,175,173,173,172,171,171,170,168,168,166,166,164,164,164,163,160,159,158,157,155,153,152,153,151,150,149,148,147,147,144,141,141,140,140,140,139,138,138,137,135,135,135,134,130,128,127,127,125,123,122,120,117,114,114,114,112,111,111,110,109,109,109,109,107,106,105,104,102,100,99,99,98,97,97,96,96,96,95,94,91,90,88,88,87,85,84,84,84,84,83,83,82,82
0,0,0,0,0,0,0,0,0,0,0,0,0,0,0,0,0,0,0,0,0,0,0,0,0,0,0,0,0,0,0,0,0,0,0,0,0,0,0,0,0,0,0,0,0,0,0,0,0,0,0,0,0,0,0,0,0,0,0,0,0,0,0,0,0,0,0,0,0,0,0,0,0,0,0,0,0,0,0,0,0,0,0,0,0,0,0,0,0,0,0,0,0,0,0,0,0,0,0,0,0,0,0,0,0,0,0,0,0,0,0,0,0,0,0,0,0,0,0,0,0,0,0,0,0,0,0,0,0,0,0,0,0,0,0,0,0,0,0,0,0,0,0,0,0,0,0,0,0,0,0,0,0,0,0,0,0,0,0,0,0,0,0,0,0,0,0,0,0,0,0,0,0,0,0,0,0,0,0,0,0,0,0,0,0,0,0,0,0,0,0,0,0,0,0,0,0,0,0,0,0,0,0,0,0,0,0,0,0,0,0,0,0,0,0,0,0,0,0,0,0,0,0,0,0,0,0,0,0,0,0,0,0,0,0,0,0,0,0,0,0,0,0,0,0,0,0,0,0,0,0,0,0,0,0,0,0,0,0,0,0,0,0,0,0,0,0,0,0,0,0,0,0,0,0,0,0,0,0,0,0,0,0,0,0,0,0,0,0,0,0,0,0,0,0,0,0,0,0,0
0,0,0,0,0,0,0,0,0,0,0,0,0,0,0,0,0,0,0,0,0,0,0,0,0,0,0,0,0,0,0,0,0,0,0,0,0,0,0,0,0,0,0,0,0,0,0,0,0,0,0,0,0,0,0,0,0,0,0,0,0,0,0,0,0,0,0,0,0,0,0,0,0,0,0,0,0,0,0,0,0,0,52,52,49,49,49,49,49,49,49,49,49,78,78,96,93,90,103,100,100,156,154,162,175,175,173,172,169,168,165,165,164,163,194,218,218,228,233,232,229,235,235,244,241,237,245,254,254,258,258,257,257,254,256,255,250,248,246,252,252,255,251,248,247,244,244,240,240,238,234,233,236,235,236,235,238,241,240,242,241,239,237,235,233,230,231,228,223,220,219,220,216,217,217,214,211,210,208,205,206,204,202,201,200,199,201,199,196,196,194,190,189,186,183,180,179,178,176,175,176,175,175,172,172,171,169,168,168,166,163,162,159,159,161,161,160,159,160,160,158,157,156,156,156,155,153,153,153,151,151,150,150,148,147,145,144,144,145,144,144,144,143,143,140,140,138,138,135,135,134,132,131,131,126,126,125,125,124,124,125,124,123,121,120,120,118,118,117,114,113,113,111,112,112,112,112,112,112,111,111,111,110,107,106,103,102,102,101,98,97,95,94,94,94,94,93,94,94,94
0,0,0,0,0,0,0,0,0,0,0,0,0,0,0,0,0,0,0,0,0,0,0,0,0,0,0,0,0,0,0,0,0,0,0,0,0,0,0,0,0,0,0,0,0,0,0,0,0,0,0,0,0,0,0,0,0,0,0,0,0,0,0,0,0,0,0,0,0,0,0,0,0,0,0,0,0,0,0,0,0,0,0,0,0,0,52,52,52,89,88,87,86,86,115,114,112,111,146,146,159,157,155,153,152,177,177,193,192,201,200,211,230,230,229,227,237,235,232,231,228,222,228,236,242,248,244,243,237,232,230,241,238,237,247,245,245,243,241,239,241,241,244,243,246,243,243,241,248,248,248,248,246,243,237,234,231,238,240,236,236,234,235,232,231,230,229,225,221,220,218,217,215,218,216,215,215,211,207,207,206,204,202,199,198,197,199,195,193,191,190,190,188,185,183,182,181,179,177,175,174,172,169,168,168,167,165,164,162,162,161,159,158,156,153,154,153,153,151,150,149,147,145,145,141,140,143,143,144,144,144,144,143,140,138,137,135,135,133,133,130,130,129,128,126,125,124,122,120,118,116,115,114,113,112,113,113,111,111,110,110,110,110,110,108,108,108,105,105,103,103,101,101,100,97,95,95,95,94,94,94,94,93,93,93,93,93,93,93,92,92,90,90,90,90,88,88,87,87,87
