0,0,0,0,0,0,0,0,0,0,0,0,0,0,0,0,0,0,0,0,0,0,0,0,0,0,0,0,0,0,0,0,0,0,0,0,0,0,0,0,0,0,0,0,0,0,0,0,0,0,0,0,0,0,0,0,0,0,0,0,0,0,0,0,0,0,0,0,0,0,0,0,0,0,0,0,0,0,0,0,0,0,0,0,0,0,0,0,0,0,0,0,0,0,0,0,0,0,0,1,1,1,1,1,2,2,2,2,3,3,4,4,4,4,4,4,4,4,5,6,6,7,8,8,8,8,8,9,9,9,9,9,9,10,11,13,13,16,17,19,19,21,22,23,24,26,27,27,29,30,32,33,34,37,41,42,43,46,51,55,60,65,69,69,74,80,84,88,93,100,105,109,112,117,119,125,128,135,137,142,152,160,162,167,168,171,174,179,186,192,201,210,217,222,229,236,244,253,261,267,270,276,280,286,295,308,320,331,340,346,355,366,371,384,390,402,408,417,422,428,432,439,446,454,463,471,476,486,495,501,505,508,515,524,532,538,542,550,556,563,571,578,582,588,597,603,607,612,618,624,631,635,637,646,648,656,662,678,684,689,696,702,711,712,719,725,730,743,745,751,759,769,777,782,791,815,820,825,828,836,838,850,853,862,865,872,884,888,896,911,921,927,930,931,932,936,939,946,951,964
0,0,0,0,0,0,0,0,0,0,0,0,0,0,0,0,0,0,0,0,0,0,0,0,0,0,0,0,0,0,0,0,0,0,0,0,0,0,0,0,0,0,0,0,0,0,0,0,0,0,0,0,0,0,0,0,0,0,0,0,0,0,0,0,0,0,0,0,0,0,0,0,0,0,0,0,0,0,0,0,0,0,0,0,0,0,0,0,0,0,0,0,0,0,0,0,0,0,1,1,2,3,4,6,7,7,8,8,8,8,9,9,10,11,11,11,12,13,13,14,15,15,15,16,18,20,20,20,20,22,25,25,27,28,28,31,32,32,34,37,37,38,40,41,46,49,49,51,54,55,58,62,63,64,68,74,79,83,91,94,101,109,117,123,136,141,153,160,166,171,176,180,189,193,199,208,217,228,234,238,244,251,256,261,270,274,278,284,291,293,301,306,310,317,326,332,339,346,354,363,368,375,378,386,391,395,400,408,416,419,424,432,441,446,454,458,461,468,479,483,492,498,506,511,518,526,530,538,547,550,556,561,565,570,578,583,587,594,596,601,602,608,616,630,639,643,654,660,668,675,679,684,686,694,698,706,712,720,727,736,740,750,753,757,759,770,774,779,782,788,793,797,802,805,833,863,876,910,931,940,949,967,979,988,1005,1012,1023,1038,1047,1050,1054,1060,1063,1069,1074,1079,1092,1104,1114,1117
0,0,0,0,0,0,0,0,0,0,0,0,0,0,0,0,0,0,0,0,0,0,0,0,0,0,0,0,0,0,0,0,0,0,0,0,0,0,0,0,0,0,0,0,0,0,0,0,0,0,0,0,0,0,0,0,0,0,0,0,0,0,0,0,0,0,0,0,0,0,0,0,0,0,0,0,0,0,0,0,0,0,0,0,0,0,0,0,0,0,0,0,0,0,0,0,0,1,1,1,1,1,2,2,2,2,2,2,2,2,2,2,2,2,2,2,2,2,2,2,2,3,4,5,5,5,5,5,5,5,5,5,6,6,6,7,8,8,8,9,9,9,9,10,12,13,14,17,17,18,18,20,20,20,23,25,26,27,30,31,32,32,36,38,39,46,48,53,55,60,65,69,72,75,77,82,85,89,91,96,100,105,109,114,124,135,140,144,151,161,165,177,180,187,194,204,211,218,225,229,235,245,251,260,263,268,274,281,286,291,298,303,311,317,328,336,345,352,358,365,368,372,379,386,394,401,408,416,421,425,433,439,451,462,469,473,478,488,499,504,510,514,522,529,536,543,548,556,558,563,574,580,589,598,602,609,618,629,637,641,646,650,659,665,669,678,688,692,697,699,704,714,722,730,738,755,767,773,784,788,794,797,804,808,813,815,844,847,858,866,869,886,894,901,911,913,920,927,930,934
0,0,0,0,0,0,0,0,0,0,0,0,0,0,0,0,0,0,0,0,0,0,0,0,0,0,0,0,0,0,0,0,0,0,0,0,0,0,0,0,0,0,0,0,0,0,0,0,0,0,0,0,0,0,0,0,0,0,0,0,0,0,0,0,0,0,0,0,0,0,0,0,0,0,0,0,0,0,0,0,0,0,0,0,0,0,0,0,0,0,0,0,0,0,0,0,1,1,1,1,1,1,1,1,1,1,1,3,3,3,3,3,4,4,4,5,7,8,9,9,9,9,9,9,10,11,11,13,13,14,14,14,16,17,18,19,21,22,26,29,30,31,32,32,34,37,38,38,40,40,41,43,44,47,48,53,55,57,59,60,65,67,77,80,83,89,94,99,101,105,112,121,125,129,135,137,139,142,146,153,158,165,171,174,178,187,193,198,210,217,225,234,240,245,254,258,262,272,276,281,285,294,303,314,320,325,330,336,347,353,362,368,380,385,391,394,401,408,416,421,429,435,443,451,457,468,478,489,493,498,506,512,515,522,528,536,545,547,550,557,569,578,583,594,601,605,608,613,618,626,628,630,641,647,657,662,667,671,679,685,694,699,706,713,721,724,730,735,747,752,764,773,777,787,797,813,818,825,832,834,840,846,856,873,883,891,896,914,923,934,939,943,948,951,956,959,960,965,965,972
0,0,0,0,0,0,0,0,0,0,0,0,0,0,0,0,0,0,0,0,0,0,0,0,0,0,0,0,0,0,0,0,0,0,0,0,0,0,0,0,0,0,0,0,0,0,0,0,0,0,0,0,0,0,0,0,0,0,0,0,0,0,0,0,0,0,0,0,0,0,0,0,0,0,0,0,0,0,0,0,0,0,0,0,0,0,0,0,0,0,0,0,0,0,0,0,0,0,0,0,0,0,0,0,0,0,0,1,1,1,1,1,1,1,2,2,2,2,3,3,3,3,3,3,3,4,4,4,5,7,7,9,10,10,12,13,15,16,17,18,18,19,20,20,23,25,25,26,27,27,28,30,31,33,33,34,38,39,41,46,48,50,52,53,55,58,63,66,69,77,82,84,91,97,105,109,110,113,116,120,123,130,139,142,149,155,163,172,173,180,190,195,202,208,211,220,225,230,235,240,242,250,259,267,275,281,292,301,309,318,323,331,336,344,348,353,361,365,377,386,394,403,411,417,423,429,438,441,450,456,465,467,471,478,487,492,499,509,518,518,525,531,538,545,552,555,563,576,581,588,595,603,608,612,616,622,631,639,646,653,656,663,674,682,686,692,700,705,717,726,732,741,748,761,770,777,793,799,809,814,820,826,829,837,845,847,854,869,885,891,898,901,906,913,915,920,924,926,936,939
0,0,0,0,0,0,0,0,0,0,0,0,0,0,0,0,0,0,0,0,0,0,0,0,0,0,0,0,0,0,0,0,0,0,0,0,0,0,0,0,0,0,0,0,0,0,0,0,0,0,0,0,0,0,0,0,0,0,0,0,0,0,0,0,0,0,0,0,0,0,0,0,0,0,0,0,0,0,0,0,0,0,0,0,0,0,0,0,0,0,0,0,0,0,0,0,0,0,0,0,0,0,0,0,0,0,0,0,1,1,1,1,1,1,1,1,1,1,1,1,1,1,3,5,5,5,5,7,7,7,8,8,9,9,9,9,9,10,12,12,13,13,13,16,16,16,17,17,18,18,19,20,20,21,22,22,23,25,29,29,32,35,35,36,36,36,37,41,48,55,59,62,67,69,71,77,80,84,88,93,101,104,112,118,122,132,137,142,152,154,158,162,170,176,184,188,198,200,205,211,217,220,226,232,237,240,249,253,259,270,281,284,293,294,300,310,322,329,339,346,354,360,367,372,376,387,400,410,415,424,432,440,448,455,460,465,473,482,488,495,500,508,515,523,532,538,542,546,556,562,570,579,585,595,600,607,612,617,624,628,635,639,642,647,653,662,668,670,678,687,695,700,703,708,709,715,720,726,729,736,745,753,758,766,778,786,793,796,813,832,838,843,849,854,857,862,866,873,878,886
0,0,0,0,0,0,0,0,0,0,0,0,0,0,0,0,0,0,0,0,0,0,0,0,0,0,0,0,0,0,0,0,0,0,0,0,0,0,0,0,0,0,0,0,0,0,0,0,0,0,0,0,0,0,0,0,0,0,0,0,0,0,0,0,0,0,0,0,0,0,0,0,0,0,0,0,0,0,0,0,0,0,0,0,0,0,0,0,0,0,0,0,0,1,1,1,1,1,1,1,1,1,1,1,1,1,2,2,2,2,3,3,3,6,6,6,6,6,8,9,10,10,11,11,11,11,11,13,13,14,15,15,17,18,19,20,20,22,23,23,24,24,24,24,26,26,28,29,30,30,32,36,41,44,47,49,52,56,57,58,62,64,70,74,80,85,87,93,98,102,110,117,122,127,136,142,144,145,153,159,163,168,180,188,195,200,210,215,224,232,235,238,244,252,258,268,279,287,294,299,305,314,324,329,334,343,354,362,368,371,376,386,393,402,412,415,423,431,437,442,454,460,466,480,492,497,506,518,525,535,539,551,561,571,581,582,587,596,606,613,622,627,635,643,653,660,668,675,685,691,696,704,710,716,722,726,728,735,741,746,754,757,761,769,773,777,784,795,798,802,809,811,813,817,822,824,830,833,841,848,852,855,874,898,900,905,909,914,941,968,974,990,1008,1020,1035,1043,1047,1053,1064,1076
0,0,0,0,0,0,0,0,0,0,0,0,0,0,0,0,0,0,0,0,0,0,0,0,0,0,0,0,0,0,0,0,0,0,0,0,0,0,0,0,0,0,0,0,0,0,0,0,0,0,0,0,0,0,0,0,0,0,0,0,0,0,0,0,0,0,0,0,0,0,0,0,0,0,0,0,0,0,0,0,0,0,0,0,0,0,0,0,0,0,0,0,0,0,0,0,0,0,0,0,0,0,0,0,0,0,0,0,0,0,0,0,0,1,1,1,1,1,2,2,2,5,5,6,7,7,8,8,8,8,9,10,11,12,12,13,14,16,16,19,22,22,22,23,25,26,27,29,30,31,31,31,33,36,39,41,41,43,45,50,53,56,60,66,68,72,78,84,89,92,99,106,111,117,124,126,133,136,137,141,147,149,161,169,181,185,188,197,203,209,213,220,227,232,238,249,259,266,279,287,297,307,314,321,331,338,342,349,352,355,364,369,376,385,393,397,400,405,413,418,423,429,441,447,457,462,470,482,491,499,504,512,524,529,534,543,550,556,561,575,583,590,600,611,617,622,625,630,637,641,646,652,655,660,667,674,679,688,695,702,706,712,721,728,735,739,747,758,768,771,772,773,779,784,787,792,799,804,811,815,824,847,852,868,879,881,885,890,894,909,919,927,939,943,965,972,977,979,983,988
0,0,0,0,0,0,0,0,0,0,0,0,0,0,0,0,0,0,0,0,0,0,0,0,0,0,0,0,0,0,0,0,0,0,0,0,0,0,0,0,0,0,0,0,0,0,0,0,0,0,0,0,0,0,0,0,0,0,0,0,0,0,0,0,0,0,0,0,0,0,0,0,0,0,0,0,0,0,0,0,0,0,0,0,0,0,0,0,0,0,0,0,0,0,0,0,0,0,0,0,0,0,0,0,0,0,0,0,0,0,0,0,0,0,0,0,1,1,1,1,1,1,1,1,2,2,3,3,4,6,6,6,7,7,7,9,9,9,10,10,10,10,11,11,13,13,13,13,15,16,16,16,16,20,22,22,22,25,26,26,28,28,28,30,30,33,35,35,36,37,37,38,38,38,39,40,43,45,47,52,57,60,65,72,74,79,82,85,89,92,100,103,108,111,115,125,131,135,148,153,156,167,171,171,181,187,194,199,204,209,215,220,228,234,242,251,264,275,283,290,299,314,322,331,337,348,358,369,378,384,392,396,406,416,422,427,435,442,446,451,456,468,474,486,490,497,503,515,521,528,533,544,548,553,564,572,574,581,586,590,603,619,625,632,637,640,652,661,668,673,680,682,693,700,702,705,707,711,717,721,725,732,740,746,752,759,762,772,778,784,791,796,803,807,813,817,821,823,832,838
0,0,0,0,0,0,0,0,0,0,0,0,0,0,0,0,0,0,0,0,0,0,0,0,0,0,0,0,0,0,0,0,0,0,0,0,0,0,0,0,0,0,0,0,0,0,0,0,0,0,0,0,0,0,0,0,0,0,0,0,0,0,0,0,0,0,0,0,0,0,0,0,0,0,0,0,0,0,0,0,0,0,0,0,0,0,0,0,0,0,0,0,0,0,0,0,0,0,0,0,0,0,0,1,1,1,2,2,2,2,2,2,2,2,2,2,2,2,2,2,4,4,4,4,5,6,6,7,7,7,9,10,12,12,14,14,14,16,16,17,17,17,17,18,21,22,24,25,28,29,31,31,31,34,37,42,42,44,48,50,52,56,62,67,67,70,73,78,82,88,93,99,109,112,115,122,128,131,139,148,155,159,164,172,179,185,197,205,210,213,216,222,228,234,245,253,268,278,282,291,301,308,313,319,326,335,346,353,360,369,380,389,400,406,410,419,432,444,451,457,465,470,475,480,489,496,502,507,510,517,523,530,539,549,555,561,566,575,581,590,595,598,604,611,623,632,639,644,650,655,662,667,672,676,682,686,690,693,698,706,708,712,719,724,728,731,743,748,755,759,770,775,779,783,787,807,825,829,833,834,838,843,848,856,860,863,869,876,878,882,885,911,917,924,928,931,942,944,948,957
0,0,0,0,0,0,0,0,0,0,0,0,0,0,0,0,0,0,0,0,0,0,0,0,0,0,0,0,0,0,0,0,0,0,0,0,0,0,0,0,0,0,0,0,0,0,0,0,0,0,0,0,0,0,0,0,0,0,0,0,0,0,0,0,0,0,0,0,0,0,0,0,0,0,0,0,0,0,0,0,0,1,1,1,1,1,1,1,1,1,1,1,1,2,2,2,2,2,2,2,2,2,2,2,2,2,2,2,3,3,4,5,6,6,6,7,7,13,14,16,17,18,18,18,20,22,22,22,22,24,25,29,30,30,34,37,38,40,40,42,45,48,49,51,54,56,60,64,66,69,70,72,73,77,77,83,86,92,94,100,101,110,117,122,126,133,136,145,151,154,160,168,176,183,186,193,201,210,217,219,225,227,232,240,249,251,263,267,275,278,281,292,300,305,309,315,324,331,340,352,358,364,369,376,381,387,392,395,402,406,416,422,425,433,439,448,458,460,465,473,483,490,497,499,505,517,526,530,537,545,555,557,563,568,581,588,594,605,615,622,633,636,642,647,656,664,673,675,679,689,693,701,707,715,723,730,734,744,749,752,756,761,765,772,783,787,791,796,805,810,820,823,825,829,833,845,857,868,875,876,881,893,896,900,904,916,920,932,964,966,969,970,978,997,1006,1018,1022,1032,1043,1049
0,0,0,0,0,0,0,0,0,0,0,0,0,0,0,0,0,0,0,0,0,0,0,0,0,0,0,0,0,0,0,0,0,0,0,0,0,0,0,0,0,0,0,0,0,0,0,0,0,0,0,0,0,0,0,0,0,0,0,0,0,0,0,0,0,0,0,0,0,0,0,0,0,0,0,0,0,0,0,0,0,0,0,0,0,0,0,0,0,0,0,0,0,0,0,0,0,0,0,0,0,0,0,0,0,0,0,1,1,1,1,1,1,1,1,1,1,1,1,1,2,2,2,4,5,5,6,6,7,7,8,8,8,8,8,8,8,9,11,12,13,13,13,16,16,17,19,19,19,19,20,21,22,24,24,25,27,29,29,31,32,33,33,34,35,37,38,40,42,47,50,54,57,59,65,71,72,78,83,87,94,98,105,111,114,121,124,126,133,142,148,156,160,162,168,172,174,180,189,198,200,210,218,223,236,241,250,258,262,269,275,281,284,290,294,303,315,327,335,343,347,352,358,366,372,375,382,387,395,397,405,416,424,429,439,449,453,462,468,477,483,492,496,508,513,518,524,531,539,551,557,562,566,574,579,585,589,597,603,612,620,626,634,642,652,655,661,664,670,676,681,687,695,702,708,713,721,724,732,741,749,753,758,764,772,780,788,797,814,833,840,844,848,854,860,862,865,871,884,888
0,0,0,0,0,0,0,0,0,0,0,0,0,0,0,0,0,0,0,0,0,0,0,0,0,0,0,0,0,0,0,0,0,0,0,0,0,0,0,0,0,0,0,0,0,0,0,0,0,0,0,0,0,0,0,0,0,0,0,0,0,0,0,0,0,0,0,0,0,0,0,0,0,0,0,0,0,0,0,0,0,0,0,0,0,0,0,0,0,0,0,0,0,0,0,0,0,0,0,0,0,0,0,0,0,0,1,1,1,1,1,1,1,1,1,1,1,1,1,1,1,1,1,1,1,1,2,2,2,3,3,3,3,3,3,3,3,5,5,5,5,6,8,8,8,9,12,12,13,14,15,16,16,17,19,20,20,23,25,26,29,32,32,34,35,37,40,40,42,46,46,49,49,50,50,53,54,56,60,67,69,76,82,85,90,95,98,100,104,111,114,118,128,132,135,139,146,150,156,168,175,179,189,197,210,221,230,236,243,247,257,267,276,284,295,306,309,315,324,329,338,347,353,369,377,388,396,404,411,420,429,431,433,442,448,453,463,476,482,485,496,503,508,516,521,526,531,541,549,554,558,568,577,585,592,597,603,611,619,624,628,635,644,653,657,661,666,670,676,682,688,696,705,713,714,717,725,734,737,742,746,749,752,758,767,771,779,783,790,797,804,811,815,819,823,827,833,839,844,867
0,0,0,0,0,0,0,0,0,0,0,0,0,0,0,0,0,0,0,0,0,0,0,0,0,0,0,0,0,0,0,0,0,0,0,0,0,0,0,0,0,0,0,0,0,0,0,0,0,0,0,0,0,0,0,0,0,0,0,0,0,0,0,0,0,0,0,0,0,0,0,0,0,0,0,0,0,0,0,0,0,0,0,0,0,0,0,0,0,0,0,0,0,0,0,0,0,0,0,0,0,0,0,0,0,0,0,0,0,0,0,0,0,0,0,0,0,1,1,1,1,1,1,2,2,2,2,2,2,3,3,3,4,4,4,4,4,5,6,6,7,7,7,7,7,8,9,10,12,13,13,14,14,14,14,15,15,15,16,17,17,18,18,18,19,19,20,22,24,25,25,27,30,30,35,40,44,50,52,53,59,62,64,71,73,76,83,84,89,92,99,105,108,114,120,123,133,140,146,150,156,166,175,179,185,196,200,206,213,219,227,236,238,249,255,258,263,275,281,285,298,304,314,320,327,331,336,342,347,352,355,365,371,383,392,401,407,416,431,440,449,456,461,470,479,482,492,498,506,513,519,528,532,543,549,550,553,558,566,571,581,590,598,605,608,618,632,637,643,646,652,658,663,669,674,679,682,686,690,693,702,707,713,720,723,729,735,743,750,756,759,764,770,780,786,790,802,807,810,816
0,0,0,0,0,0,0,0,0,0,0,0,0,0,0,0,0,0,0,0,0,0,0,0,0,0,0,0,0,0,0,0,0,0,0,0,0,0,0,0,0,0,0,0,0,0,0,0,0,0,0,0,0,0,0,0,0,0,0,0,0,0,0,0,0,0,0,0,0,0,0,0,0,0,0,0,0,0,0,0,0,0,0,0,0,1,1,1,1,1,1,1,1,1,2,3,3,3,3,3,4,4,4,4,4,4,4,4,4,4,5,5,5,5,6,6,7,7,7,9,12,12,12,14,15,15,18,18,19,20,21,21,21,22,23,24,25,25,25,25,26,29,30,31,35,37,37,37,39,39,40,42,45,45,47,51,54,57,60,67,69,75,78,83,89,96,100,103,109,116,121,124,130,135,138,146,150,157,160,165,174,180,187,193,204,210,222,227,231,239,249,253,262,272,279,286,292,298,304,310,314,320,328,336,343,346,352,359,366,376,380,388,393,401,408,413,419,420,426,437,446,454,466,478,484,494,498,506,512,516,520,523,531,537,547,557,563,574,581,589,592,602,609,612,619,630,635,640,643,652,657,661,666,669,674,681,687,692,693,700,708,718,723,730,733,735,737,740,743,748,754,761,769,777,782,797,827,835,846,871,877,882,889,893,897,907,912,917,919,931,940,953,975,981,986,996,1001,1006,1015,1020
0,0,0,0,0,0,0,0,0,0,0,0,0,0,0,0,0,0,0,0,0,0,0,0,0,0,0,0,0,0,0,0,0,0,0,0,0,0,0,0,0,0,0,0,0,0,0,0,0,0,0,0,0,0,0,0,0,0,0,0,0,0,0,0,0,0,0,0,0,0,0,0,0,0,0,0,0,0,0,0,0,0,0,0,0,0,0,0,0,0,0,0,0,0,0,0,0,0,0,2,2,2,2,2,2,2,2,2,2,2,2,2,2,2,2,2,2,4,5,6,7,9,11,11,12,14,15,16,18,19,19,19,21,23,23,24,25,26,28,29,31,32,32,33,34,37,37,40,42,45,46,51,53,56,58,66,70,71,71,78,79,81,84,87,94,100,107,113,117,119,126,132,137,139,145,153,157,162,166,172,179,184,192,196,203,213,217,226,230,237,243,249,255,261,268,275,280,288,298,306,310,324,331,336,338,344,351,357,364,372,378,388,392,401,405,409,411,418,427,435,443,449,456,465,473,482,486,493,498,509,515,523,530,534,538,542,549,552,564,568,579,595,598,607,614,618,627,632,640,651,654,661,666,673,680,682,688,689,696,703,711,718,724,734,743,745,756,768,783,788,794,799,802,807,808,814,823,828,836,842,864,874,878,884,890,897,901,907,916,921,931,935,946,958,962,966,977,984,994,1009
0,0,0,0,0,0,0,0,0,0,0,0,0,0,0,0,0,0,0,0,0,0,0,0,0,0,0,0,0,0,0,0,0,0,0,0,0,0,0,0,0,0,0,0,0,0,0,0,0,0,0,0,0,0,0,0,0,0,0,0,0,0,0,0,0,0,0,0,0,0,0,0,0,0,0,0,0,0,0,0,0,0,0,0,0,0,0,0,0,0,0,0,0,1,1,1,1,1,1,2,2,2,2,2,2,2,3,3,3,3,3,4,4,5,6,6,6,7,8,8,9,9,10,10,13,13,14,15,17,19,19,22,22,22,24,26,28,30,31,33,33,34,35,36,38,43,45,51,53,54,55,57,58,64,67,73,76,79,92,95,104,108,115,122,126,136,142,151,156,164,171,179,184,191,198,208,215,224,230,234,242,246,254,263,268,279,288,297,304,313,318,322,330,333,344,349,354,359,363,367,375,382,396,403,410,415,427,434,442,446,448,453,457,463,468,474,480,486,494,501,509,515,526,530,537,541,544,549,556,564,573,578,587,597,603,614,618,627,634,642,648,658,664,668,673,678,683,694,698,700,708,719,725,731,737,741,749,752,757,764,770,774,782,785,791,796,812,818,834,835,836,841,846,854,863,885,900,904,918,930,939,955,965,970,980,986,994,996,1001,1002,1006,1007,1013,1027,1032,1044,1050,1059,1064,1067
0,0,0,0,0,0,0,0,0,0,0,0,0,0,0,0,0,0,0,0,0,0,0,0,0,0,0,0,0,0,0,0,0,0,0,0,0,0,0,0,0,0,0,0,0,0,0,0,0,0,0,0,0,0,0,0,0,0,0,0,0,0,0,0,0,0,0,0,0,0,0,0,0,0,0,0,0,0,0,0,0,0,0,0,0,0,0,0,0,0,0,0,0,0,0,0,0,0,0,0,0,1,1,1,1,1,1,1,1,1,3,3,5,5,5,6,6,7,7,8,8,9,9,9,9,10,10,10,11,11,12,14,15,15,15,15,16,17,18,20,22,23,24,27,28,29,32,34,35,39,41,42,46,48,50,50,53,55,55,58,61,64,64,65,66,70,74,78,82,85,87,91,94,97,102,107,111,119,122,127,132,143,151,158,161,166,171,176,182,189,194,200,203,209,214,221,226,232,236,245,252,260,271,277,286,293,304,311,319,328,334,337,341,352,362,373,382,393,404,413,416,423,432,438,444,456,466,473,482,488,498,503,510,515,524,534,544,556,562,569,576,582,588,594,601,607,612,620,626,630,636,643,645,649,653,655,664,668,673,679,686,692,699,705,711,717,726,727,735,741,752,760,764,766,771,779,782,783,788,797,806,812,815,818,822,826,829,833,843,852,856,862,873,876,891,903,912,919,922,941
0,0,0,0,0,0,0,0,0,0,0,0,0,0,0,0,0,0,0,0,0,0,0,0,0,0,0,0,0,0,0,0,0,0,0,0,0,0,0,0,0,0,0,0,0,0,0,0,0,0,0,0,0,0,0,0,0,0,0,0,0,0,0,0,0,0,0,0,0,0,0,0,0,0,0,0,0,0,0,0,1,1,1,1,1,1,1,1,1,1,1,1,1,1,1,1,1,1,1,1,1,1,1,1,1,1,1,1,3,3,3,3,4,4,4,4,4,4,4,4,4,6,6,6,6,6,6,7,8,9,9,9,10,10,10,10,12,12,13,14,15,15,15,16,17,18,18,19,20,21,23,24,27,28,32,39,42,44,48,52,59,62,64,68,72,79,84,87,89,92,96,102,110,113,120,124,129,130,131,138,143,145,151,156,160,166,172,179,181,184,191,202,204,209,212,215,225,228,236,242,247,252,255,262,269,280,289,294,302,306,313,317,323,330,341,350,358,362,373,379,390,397,402,407,418,425,432,442,450,453,458,464,467,473,480,486,495,501,511,517,522,532,536,540,548,557,561,569,577,585,592,602,608,611,618,624,637,641,649,654,657,661,664,672,675,681,687,695,703,710,716,725,735,740,747,754,763,770,783,797,804,807,811,814,819,826,831,835,839,844,856,870,902,913,917,922,924,931,940,945
0,0,0,0,0,0,0,0,0,0,0,0,0,0,0,0,0,0,0,0,0,0,0,0,0,0,0,0,0,0,0,0,0,0,0,0,0,0,0,0,0,0,0,0,0,0,0,0,0,0,0,0,0,0,0,0,0,0,0,0,0,0,0,0,0,0,0,0,0,0,0,0,0,0,0,0,0,0,0,0,0,0,0,0,0,0,0,0,0,0,0,0,0,1,1,1,1,1,1,3,3,3,3,5,5,7,7,7,7,7,10,10,12,12,13,13,14,15,16,17,19,19,19,19,20,22,23,24,26,27,28,28,28,30,31,31,33,33,34,35,37,41,42,43,44,49,49,52,56,58,61,63,63,70,73,79,87,92,96,102,108,113,119,122,127,135,144,150,158,165,174,182,196,199,210,213,220,225,231,237,241,247,255,264,273,281,287,295,302,309,316,323,330,345,350,356,365,377,384,391,397,405,415,422,429,435,440,447,450,458,461,469,474,483,492,502,506,508,512,518,522,527,533,547,554,564,571,582,584,587,589,594,599,601,607,614,621,623,630,635,646,652,665,670,675,681,685,693,701,707,710,715,723,729,734,738,740,748,751,752,763,766,774,779,782,791,801,805,818,823,826,834,841,846,868,883,907,931,942,949,952,957,958,960,966,972,987,993,1007,1015,1021,1027,1033,1042,1046,1047,1059,1075,1083,1094
0,0,0,0,0,0,0,0,0,0,0,0,0,0,0,0,0,0,0,0,0,0,0,0,0,0,0,0,0,0,0,0,0,0,0,0,0,0,0,0,0,0,0,0,0,0,0,0,0,0,0,0,0,0,0,0,0,0,0,0,0,0,0,0,0,0,0,0,0,0,0,0,0,0,0,0,0,0,0,0,0,0,0,0,0,0,0,0,0,0,0,0,0,0,0,0,0,0,0,0,0,0,0,0,0,0,0,0,0,0,0,0,0,1,1,1,1,1,1,1,1,1,1,1,1,1,1,2,2,2,2,2,2,2,4,5,5,5,5,5,5,5,5,5,5,5,5,5,6,6,6,9,9,11,11,11,12,15,17,18,19,20,20,21,22,23,23,24,26,30,33,35,35,37,38,41,44,44,47,50,52,57,59,61,66,70,77,83,85,87,91,95,99,103,115,118,125,127,132,140,145,149,161,164,174,183,193,200,203,213,217,223,232,239,244,251,259,269,276,283,289,294,304,311,316,323,329,336,342,355,362,371,377,380,386,389,394,402,411,422,434,442,452,458,468,478,484,490,500,511,519,528,535,546,550,556,561,564,571,581,591,596,598,607,611,614,623,627,634,640,653,659,665,671,679,682,686,690,697,709,717,722,733,736,738,744,748,752,758,764,768,779,784,791,795,802,805,811,814,828
0,0,0,0,0,0,0,0,0,0,0,0,0,0,0,0,0,0,0,0,0,0,0,0,0,0,0,0,0,0,0,0,0,0,0,0,0,0,0,0,0,0,0,0,0,0,0,0,0,0,0,0,0,0,0,0,0,0,0,0,0,0,0,0,0,0,0,0,0,0,0,0,0,0,0,0,0,0,0,0,0,0,0,0,0,0,0,0,0,0,0,0,0,0,0,0,0,0,0,0,1,1,1,1,1,1,1,2,2,3,3,4,4,5,6,7,7,8,9,10,12,15,15,15,15,15,15,15,16,16,17,17,17,17,18,18,18,18,23,25,27,29,30,33,35,37,37,39,42,42,42,44,45,47,51,54,55,59,62,68,72,76,78,84,89,93,104,107,108,114,123,131,136,136,142,146,150,154,160,169,174,180,189,198,206,214,218,223,232,236,244,250,253,261,268,276,284,291,297,301,305,310,316,322,329,332,338,343,351,355,363,372,375,381,389,398,407,415,419,433,443,447,458,463,474,476,485,492,499,512,521,525,534,542,548,554,564,578,583,592,599,609,614,620,623,632,637,644,652,655,662,666,670,672,678,681,689,696,699,706,711,718,722,726,733,750,761,767,778,781,789,794,798,802,806,823,850,853,862,899,924,931,936,940,956,959,961,965,973,978,991,1001,1006,1015,1019,1020,1024,1035,1039,1044
0,0,0,0,0,0,0,0,0,0,0,0,0,0,0,0,0,0,0,0,0,0,0,0,0,0,0,0,0,0,0,0,0,0,0,0,0,0,0,0,0,0,0,0,0,0,0,0,0,0,0,0,0,0,0,0,0,0,0,0,0,0,0,0,0,0,0,0,0,0,0,0,0,0,0,0,0,0,0,0,0,0,0,0,0,0,0,0,0,0,1,1,1,1,2,2,2,2,2,2,2,2,4,5,5,5,6,6,6,6,7,8,9,9,9,9,9,9,10,10,10,10,11,11,11,12,13,13,13,14,14,14,15,17,18,19,20,23,24,24,24,25,25,26,27,29,33,35,35,39,40,41,44,50,52,58,60,65,69,74,78,83,86,92,100,107,111,114,119,125,130,135,140,146,151,159,163,168,173,179,187,198,207,214,223,230,240,250,260,265,271,274,276,285,294,305,309,315,328,341,351,358,363,372,383,387,395,401,409,415,423,430,436,450,462,473,480,482,491,500,507,521,527,536,540,546,557,561,566,573,581,586,591,600,610,619,625,634,643,649,656,662,668,676,684,689,694,696,698,704,706,712,719,724,730,735,745,753,760,766,771,777,782,787,793,799,806,828,832,836,840,845,852,857,882,908,920,924,928,931,935,938,945,953,965,970,990,1000,1004,1016,1019,1024,1029,1036,1042,1053,1058,1060,1078,1083
0,0,0,0,0,0,0,0,0,0,0,0,0,0,0,0,0,0,0,0,0,0,0,0,0,0,0,0,0,0,0,0,0,0,0,0,0,0,0,0,0,0,0,0,0,0,0,0,0,0,0,0,0,0,0,0,0,0,0,0,0,0,0,0,0,0,0,0,0,0,0,0,0,0,0,0,0,0,0,0,0,0,0,0,0,0,0,0,0,0,0,0,0,0,0,0,0,0,1,1,1,1,1,2,3,3,4,4,5,5,6,6,6,7,7,9,10,10,10,12,13,14,14,16,16,17,20,20,21,21,23,24,24,26,26,27,27,28,28,30,32,33,33,34,34,34,38,39,41,42,47,48,49,52,56,60,62,67,74,79,82,88,92,94,100,106,112,120,123,129,134,146,153,161,174,180,186,195,205,217,226,236,243,248,260,262,267,277,284,292,302,310,318,325,328,336,342,347,351,355,366,373,379,382,387,401,406,419,431,437,442,450,463,471,478,487,491,502,507,514,522,527,538,538,542,547,550,552,560,563,569,577,588,592,593,601,606,617,621,625,632,637,645,649,651,657,662,669,672,676,680,685,690,697,702,706,717,721,723,731,734,741,744,748,755,761,765,771,775,778,787,791,794,801,823,824,828,852,881,891,893,901,906,914,915,922,950,971,994,999,1002,1018,1024,1024,1039,1050,1054,1060,1064,1074
0,0,0,0,0,0,0,0,0,0,0,0,0,0,0,0,0,0,0,0,0,0,0,0,0,0,0,0,0,0,0,0,0,0,0,0,0,0,0,0,0,0,0,0,0,0,0,0,0,0,0,0,0,0,0,0,0,0,0,0,0,0,0,0,0,0,0,0,0,0,0,0,0,0,0,0,1,1,1,1,1,1,1,1,1,1,1,1,1,1,1,1,1,1,1,1,1,1,1,1,1,1,1,1,1,1,1,1,1,1,1,1,1,1,1,1,3,3,3,4,5,5,6,7,7,9,9,10,11,14,14,14,14,15,16,16,16,16,16,16,18,20,20,20,21,21,22,25,29,29,31,34,35,36,36,40,45,47,53,57,58,62,67,69,71,75,80,86,93,98,107,112,120,122,127,130,137,143,154,158,164,174,182,188,194,203,210,212,219,232,241,247,258,267,276,281,288,296,304,311,318,323,327,332,342,354,366,376,381,386,391,396,403,407,421,430,433,441,449,457,464,474,481,488,499,510,516,523,531,537,547,550,559,568,574,580,583,592,602,608,617,621,627,637,643,659,667,675,680,687,693,697,700,708,711,717,720,730,737,743,748,755,762,764,768,774,777,786,792,797,802,810,822,832,835,843,847,854,873,924,930,938,943,948,954,966,976,986,990,998,1006,1018,1027,1031,1037,1042,1049,1056,1058,1062
0,0,0,0,0,0,0,0,0,0,0,0,0,0,0,0,0,0,0,0,0,0,0,0,0,0,0,0,0,0,0,0,0,0,0,0,0,0,0,0,0,0,0,0,0,0,0,0,0,0,0,0,0,0,0,0,0,0,0,0,0,0,0,0,0,0,0,0,0,0,0,0,0,0,0,0,0,0,0,0,0,0,0,0,0,0,0,0,0,0,0,0,0,0,0,0,0,0,1,1,2,2,2,3,3,5,5,5,5,6,7,7,8,9,11,11,11,11,12,14,15,17,17,17,19,20,23,24,25,25,28,28,29,30,31,31,31,32,33,35,38,38,40,42,42,45,45,47,49,52,54,57,59,59,63,69,79,83,89,97,104,109,118,124,130,138,144,151,159,170,177,182,189,194,200,208,219,223,232,241,247,255,258,264,269,277,281,290,297,300,304,310,318,327,336,348,355,366,373,379,387,394,405,420,427,434,444,447,454,462,468,476,482,491,501,509,518,525,540,549,555,563,570,572,584,586,593,602,608,610,614,626,633,636,647,654,658,660,665,673,678,690,696,702,707,715,721,729,733,736,746,753,757,764,770,777,782,786,791,796,798,802,812,819,820,824,826,835,838,842,849,851,854,856,873,897,947,972,981,1005,1017,1027,1037,1049,1055,1059,1069,1077,1081,1098,1107,1111,1116,1119,1133,1135,1139,1147,1151,1160
0,0,0,0,0,0,0,0,0,0,0,0,0,0,0,0,0,0,0,0,0,0,0,0,0,0,0,0,0,0,0,0,0,0,0,0,0,0,0,0,0,0,0,0,0,0,0,0,0,0,0,0,0,0,0,0,0,0,0,0,0,0,0,0,0,0,0,0,0,0,0,0,0,0,0,0,0,0,0,0,0,0,0,0,0,0,0,0,0,0,0,0,0,0,0,0,0,0,0,0,0,0,0,0,0,1,2,3,3,3,3,3,3,3,4,6,6,6,6,7,9,9,10,10,10,12,14,14,16,17,17,19,20,21,24,24,28,29,32,32,36,37,40,41,43,44,47,48,52,52,53,54,58,60,63,67,71,73,79,81,84,87,91,95,98,103,109,112,113,121,133,142,143,151,156,161,170,178,188,194,204,209,216,220,230,234,238,242,251,263,266,269,277,286,293,298,302,306,314,322,326,334,346,355,364,369,376,386,396,403,413,421,428,435,441,448,451,461,467,471,477,480,485,495,499,504,509,515,519,525,535,538,542,545,553,558,564,571,577,583,585,592,604,609,614,624,631,633,641,652,663,670,674,679,689,698,706,710,717,723,728,740,744,751,756,768,779,799,803,805,808,813,819,827,834,837,846,855,872,882,892,897,903,906,911,915,925,940,959,971,978,997,1002,1019,1032,1036,1041,1048,1055,1065
0,0,0,0,0,0,0,0,0,0,0,0,0,0,0,0,0,0,0,0,0,0,0,0,0,0,0,0,0,0,0,0,0,0,0,0,0,0,0,0,0,0,0,0,0,0,0,0,0,0,0,0,0,0,0,0,0,0,0,0,0,0,0,0,0,0,0,0,0,0,0,0,0,0,0,0,0,0,0,0,0,0,0,0,0,0,0,0,0,0,0,0,0,0,0,0,0,0,0,0,0,0,0,0,0,0,0,2,2,2,2,2,2,3,5,5,6,6,7,7,7,7,7,7,7,9,10,11,12,12,13,13,14,15,16,19,20,20,21,21,21,22,22,22,25,26,26,27,28,32,32,34,35,39,40,44,52,55,58,66,72,76,77,81,85,87,92,97,107,109,114,119,126,130,132,137,144,146,150,156,160,171,178,184,192,197,203,213,217,227,240,244,252,260,269,277,284,294,302,306,312,318,325,335,341,345,354,358,367,376,381,389,395,400,406,414,421,427,436,443,452,458,468,474,477,483,492,497,512,527,532,532,539,551,556,559,562,566,578,583,587,592,601,606,611,613,616,622,627,638,641,646,652,660,671,680,686,697,705,706,712,720,728,734,740,743,744,750,761,762,763,766,773,779,804,812,843,851,855,865,882,893,897,913,922,924,929,933,940,944,953,956,964,969,974,983,995,1007,1007,1015
0,0,0,0,0,0,0,0,0,0,0,0,0,0,0,0,0,0,0,0,0,0,0,0,0,0,0,0,0,0,0,0,0,0,0,0,0,0,0,0,0,0,0,0,0,0,0,0,0,0,0,0,0,0,0,0,0,0,0,0,0,0,0,0,0,0,0,0,0,0,0,0,0,0,0,0,0,0,0,0,0,0,0,0,0,0,0,0,0,0,0,0,0,0,0,0,0,0,0,0,0,0,0,0,0,0,0,0,0,0,0,0,0,0,0,0,0,0,0,0,0,0,0,0,0,1,2,2,3,3,3,3,3,4,4,4,4,4,5,7,7,7,8,9,12,12,12,12,12,14,14,15,17,17,17,18,19,20,20,21,24,25,26,27,30,31,34,35,36,38,40,42,42,42,44,44,46,50,52,54,56,59,64,67,76,79,85,90,96,100,105,107,113,119,125,127,135,137,145,148,156,159,162,163,165,171,181,185,190,196,203,210,215,222,234,238,247,257,266,276,284,294,303,312,320,332,341,345,354,358,369,374,380,386,393,401,410,418,427,432,441,449,454,461,472,482,487,493,495,499,512,519,528,535,544,552,559,568,577,580,589,597,603,610,618,623,633,640,649,653,657,667,669,675,685,692,698,701,709,713,719,727,739,744,754,759,762,768,772,777,781,783,793,794,798,804,811,816,827,831
0,0,0,0,0,0,0,0,0,0,0,0,0,0,0,0,0,0,0,0,0,0,0,0,0,0,0,0,0,0,0,0,0,0,0,0,0,0,0,0,0,0,0,0,0,0,0,0,0,0,0,0,0,0,0,0,0,0,0,0,0,0,0,0,0,0,0,0,0,0,0,0,0,0,0,0,0,0,0,0,0,0,0,0,0,0,0,0,0,0,0,0,0,0,0,0,0,0,0,0,0,0,0,0,0,0,1,1,1,2,3,3,3,4,4,4,4,4,4,4,4,4,5,5,5,5,6,8,8,9,9,10,13,15,15,18,19,20,21,21,21,23,23,25,28,29,31,32,34,35,39,42,46,51,52,55,55,57,62,62,63,64,66,68,70,73,77,81,85,91,96,102,114,117,128,137,147,153,156,166,174,184,191,196,200,210,221,226,231,238,245,248,259,266,274,279,283,291,299,312,322,333,342,349,353,361,374,383,388,397,408,414,419,425,429,439,445,453,456,458,466,474,480,486,495,499,506,513,516,521,532,540,545,556,559,565,568,574,581,586,594,599,612,617,629,637,641,648,657,661,666,671,683,689,693,700,709,712,718,721,728,738,745,751,754,758,762,767,772,778,784,788,793,798,801,811,813,817,840,852,855,855,864,869,873,879,899,906,914,936,954,978,986,996,1003,1018,1024,1034,1047,1050
0,0,0,0,0,0,0,0,0,0,0,0,0,0,0,0,0,0,0,0,0,0,0,0,0,0,0,0,0,0,0,0,0,0,0,0,0,0,0,0,0,0,0,0,0,0,0,0,0,0,0,0,0,0,0,0,0,0,0,0,0,0,0,0,0,0,0,0,0,0,0,0,0,0,0,0,0,0,0,0,0,0,0,0,0,0,0,0,0,0,0,0,0,0,0,0,0,0,0,0,0,0,0,0,0,0,0,0,0,0,0,0,0,0,0,0,0,0,0,0,0,0,0,0,0,0,0,0,0,0,0,0,0,0,0,0,0,0,1,1,1,1,1,2,2,2,2,2,2,6,7,7,7,9,9,9,9,9,10,11,12,12,13,14,17,17,17,17,19,19,21,23,26,28,29,31,32,32,34,36,36,38,42,45,45,48,51,52,54,54,57,59,64,66,70,72,79,88,93,99,103,105,114,122,126,133,135,146,153,163,172,177,182,186,197,204,209,219,224,229,234,240,244,248,256,266,267,271,279,288,294,301,304,313,324,335,340,351,353,357,367,375,383,390,398,407,412,416,428,438,446,459,463,467,473,480,484,490,494,501,511,515,528,534,540,552,558,565,573,584,590,592,595,602,608,615,620,625,635,641,651,659,662,667,672,678,684,692,699,705,711,717,722,729,735,744,749,758,764,770
0,0,0,0,0,0,0,0,0,0,0,0,0,0,0,0,0,0,0,0,0,0,0,0,0,0,0,0,0,0,0,0,0,0,0,0,0,0,0,0,0,0,0,0,0,0,0,0,0,0,0,0,0,0,0,0,0,0,0,0,0,0,0,0,0,0,0,0,0,0,0,0,0,0,0,0,0,0,0,0,0,0,0,0,0,0,0,0,0,0,0,0,0,0,0,0,0,0,0,0,0,1,2,2,3,3,4,4,5,5,5,5,5,5,5,6,6,6,6,7,7,8,9,9,10,10,11,11,11,11,12,13,13,13,15,15,16,17,19,20,20,21,21,23,23,25,28,28,30,33,33,38,40,41,45,51,53,56,59,60,66,73,77,82,84,90,95,98,108,117,128,135,142,145,148,153,163,166,171,181,188,195,198,207,215,226,231,244,247,252,262,275,280,285,294,304,311,316,320,331,334,340,347,352,358,366,373,379,392,400,402,408,418,424,431,434,440,449,454,464,469,473,480,492,495,504,515,526,529,538,544,548,554,560,567,572,579,583,589,597,606,612,617,629,631,641,647,652,660,669,678,682,686,690,697,705,707,711,713,720,724,733,743,756,760,769,772,781,787,796,802,806,815,820,825,826,828,831,841,850,856,861,868,873,875,900,909,933,936,939,963,980,1011,1020,1026,1028,1037,1041,1043,1052
0,0,0,0,0,0,0,0,0,0,0,0,0,0,0,0,0,0,0,0,0,0,0,0,0,0,0,0,0,0,0,0,0,0,0,0,0,0,0,0,0,0,0,0,0,0,0,0,0,0,0,0,0,0,0,0,0,0,0,0,0,0,0,0,0,0,0,0,0,0,0,0,0,0,0,0,0,0,0,0,0,0,0,0,0,0,0,0,0,0,0,0,0,0,0,0,0,0,0,0,1,1,1,2,2,3,3,4,5,6,6,8,8,8,8,8,8,11,12,12,14,14,15,16,17,17,20,21,23,25,26,28,29,32,33,33,33,33,36,37,41,43,46,48,50,52,60,60,64,69,74,79,84,88,92,96,106,106,115,117,124,128,136,142,145,148,155,162,167,178,182,187,198,207,211,222,232,242,247,255,265,270,274,283,293,298,305,312,323,331,340,346,353,358,365,367,376,381,386,397,402,408,415,426,434,437,441,445,456,463,473,477,481,486,491,499,507,513,519,524,532,541,548,553,562,566,571,579,585,589,597,606,616,620,628,634,642,652,661,668,676,681,692,693,698,701,707,716,721,732,741,743,751,752,759,764,770,773,780,784,787,790,797,803,807,812,821,840,847,858,874,882,898,903,908,916,924,936,938,941,942,944,948,955,965,978,985,1008,1014,1034,1037,1044,1061,1073,1077,1079,1086,1098,1100,1105
0,0,0,0,0,0,0,0,0,0,0,0,0,0,0,0,0,0,0,0,0,0,0,0,0,0,0,0,0,0,0,0,0,0,0,0,0,0,0,0,0,0,0,0,0,0,0,0,0,0,0,0,0,0,0,0,0,0,0,0,0,0,0,0,0,0,0,0,0,0,0,0,0,0,0,0,0,0,0,0,0,0,0,0,0,0,0,0,0,0,0,0,0,0,0,0,0,0,0,0,0,0,0,0,0,0,0,0,0,1,1,1,1,1,1,1,1,2,2,2,2,2,2,2,2,2,2,2,3,3,3,3,3,3,3,3,3,4,5,5,5,5,5,6,8,9,10,11,11,12,12,14,14,14,14,16,16,17,18,20,22,23,25,25,25,25,25,25,29,30,30,31,32,33,35,35,35,36,36,39,40,43,44,46,50,54,59,63,67,69,75,78,86,93,98,107,113,118,123,128,137,146,155,162,165,172,181,190,194,203,210,215,223,228,235,240,248,252,261,274,287,300,307,316,320,325,333,343,351,357,361,372,379,385,390,394,401,411,418,427,438,446,454,463,469,479,486,494,505,514,522,528,530,537,544,546,551,557,564,573,583,591,596,604,609,617,624,631,637,644,650,658,659,665,672,682,693,702,704,714,719,723,731,739,747,753,757,759,769,774,782,789,796,802,811,815,818,827,829,838
0,0,0,0,0,0,0,0,0,0,0,0,0,0,0,0,0,0,0,0,0,0,0,0,0,0,0,0,0,0,0,0,0,0,0,0,0,0,0,0,0,0,0,0,0,0,0,0,0,0,0,0,0,0,0,0,0,0,0,0,0,0,0,0,0,0,0,0,0,0,0,0,0,0,0,0,0,0,0,0,0,0,0,0,0,0,0,0,0,0,0,0,0,0,0,0,0,0,0,0,0,0,1,2,2,2,2,2,2,3,5,5,6,7,8,8,8,10,12,12,12,13,13,13,13,13,13,14,14,15,15,16,17,18,21,21,22,23,25,26,27,28,30,32,34,35,36,38,42,42,43,44,45,47,51,52,56,57,64,71,74,75,78,79,84,88,96,99,102,111,115,125,132,136,142,147,153,156,161,167,172,181,189,194,199,206,216,219,225,235,244,252,259,268,274,281,287,297,304,316,323,333,343,350,361,365,369,376,384,395,403,416,422,430,438,448,451,458,463,471,476,482,488,497,503,509,513,518,526,534,542,551,559,563,569,576,579,581,586,593,598,603,604,612,615,622,628,634,641,648,654,660,668,671,672,680,689,695,702,706,710,717,730,732,736,745,753,762,765,771,778,781,790,796,810,831,841,870,890,907,914,920,932,936,939,943,952,955,960,964,966,968,971,988,996,998,1003,1009,1011,1014
0,0,0,0,0,0,0,0,0,0,0,0,0,0,0,0,0,0,0,0,0,0,0,0,0,0,0,0,0,0,0,0,0,0,0,0,0,0,0,0,0,0,0,0,0,0,0,0,0,0,0,0,0,0,0,0,0,0,0,0,0,0,0,0,0,0,0,0,0,0,0,0,0,0,0,0,0,0,0,0,0,0,0,0,0,0,0,0,0,0,0,0,0,0,0,1,1,1,1,1,1,1,1,1,1,1,1,1,1,1,1,1,1,1,2,2,2,2,2,3,3,3,3,3,3,3,5,6,6,7,8,8,8,8,9,9,10,10,10,11,13,13,14,19,22,22,24,28,28,29,31,33,34,36,39,42,46,53,53,55,61,63,64,68,68,71,75,78,80,90,98,99,102,104,112,117,119,120,131,137,144,152,160,168,179,186,188,194,201,213,225,229,240,246,254,262,270,276,283,295,303,311,316,327,340,349,360,370,377,383,389,397,404,413,417,426,431,438,446,458,459,466,479,486,491,494,500,508,513,521,532,533,540,545,552,556,558,563,566,573,581,585,593,598,604,609,616,622,630,641,649,662,668,669,676,676,683,691,699,703,707,715,720,726,730,747,752,759,765,769,775,782,791,800,805,807,815,831,838,845,851,854,858,862,869,874,887,901,909,917,931,933,939,942,951,958,965,969,991,1013
0,0,0,0,0,0,0,0,0,0,0,0,0,0,0,0,0,0,0,0,0,0,0,0,0,0,0,0,0,0,0,0,0,0,0,0,0,0,0,0,0,0,0,0,0,0,0,0,0,0,0,0,0,0,0,0,0,0,0,0,0,0,0,0,0,0,0,0,0,0,0,0,0,0,0,0,0,0,0,0,0,0,0,0,0,0,0,0,0,0,0,0,0,0,0,0,0,0,0,0,0,0,0,0,0,0,0,0,0,0,0,0,0,0,0,0,0,0,0,0,0,0,0,0,0,0,0,0,0,0,0,0,0,0,0,0,1,1,2,2,3,3,3,4,5,5,5,5,8,9,9,9,9,10,10,11,11,12,13,15,16,19,23,23,25,28,28,31,33,39,39,47,51,55,57,57,59,60,62,66,67,68,74,78,83,87,93,95,98,104,107,110,113,115,116,120,124,127,133,137,143,150,152,158,166,171,181,189,198,207,216,228,233,243,256,262,270,278,284,288,293,301,311,317,319,329,334,342,351,356,359,366,374,379,387,395,410,416,422,426,437,447,450,457,464,477,481,490,500,508,516,524,530,534,540,546,552,561,567,571,581,594,598,603,609,611,617,621,626,631,635,641,647,655,660,669,677,680,684,691,699,708,716,722,727,735,739,743,753,758,758,775,784,798,800,806,811,823,837,843
0,0,0,0,0,0,0,0,0,0,0,0,0,0,0,0,0,0,0,0,0,0,0,0,0,0,0,0,0,0,0,0,0,0,0,0,0,0,0,0,0,0,0,0,0,0,0,0,0,0,0,0,0,0,0,0,0,0,0,0,0,0,0,0,0,0,0,0,0,0,0,0,0,0,0,0,0,0,0,0,0,0,0,1,1,1,1,1,1,1,1,1,1,1,1,1,1,1,1,1,1,1,1,1,1,2,2,2,2,2,3,3,3,3,4,4,4,5,6,6,6,6,6,6,6,6,8,9,9,10,11,12,13,13,15,15,17,18,18,19,21,21,22,22,25,26,27,30,35,38,39,40,44,46,50,53,57,58,65,67,76,80,85,88,90,93,99,104,110,116,122,126,130,136,141,145,149,155,164,169,174,180,191,199,202,211,214,218,227,235,239,242,252,256,260,263,268,274,281,287,297,305,315,328,335,341,350,358,372,379,384,388,398,407,415,417,424,430,438,445,452,461,468,477,481,497,503,507,513,522,528,538,543,552,554,560,566,568,579,585,588,592,603,617,628,635,641,644,649,659,662,669,679,682,686,691,701,707,715,717,728,734,741,745,749,753,753,760,769,781,795,801,807,812,821,825,829,847,877,888,892,897,903,910,913,917,921,924,928,933,943,971,977,993,996,1000,1002,1007,1016,1045
0,0,0,0,0,0,0,0,0,0,0,0,0,0,0,0,0,0,0,0,0,0,0,0,0,0,0,0,0,0,0,0,0,0,0,0,0,0,0,0,0,0,0,0,0,0,0,0,0,0,0,0,0,0,0,0,0,0,0,0,0,0,0,0,0,0,0,0,0,0,0,0,0,0,0,0,0,0,0,0,0,0,0,1,1,1,1,1,1,1,1,1,1,1,1,1,1,1,1,1,1,1,1,2,2,2,2,2,2,2,2,3,5,5,6,6,6,7,9,9,10,12,13,14,15,17,19,20,20,20,21,21,21,22,24,26,26,27,28,28,29,31,36,37,40,41,42,44,45,48,50,53,55,57,61,66,69,76,80,86,89,92,96,102,110,121,129,133,137,146,156,162,168,173,184,193,199,210,219,224,226,231,232,242,249,258,265,281,288,297,304,314,323,334,343,352,363,371,381,392,398,405,410,422,430,434,444,458,466,474,478,491,500,509,514,523,528,530,536,544,558,561,573,579,585,587,599,605,611,617,619,625,635,639,643,650,656,662,669,676,686,690,698,707,715,717,724,726,734,740,742,748,752,754,760,765,771,775,782,790,794,801,808,814,823,829,831,839,841,850,861,865,873,874,878,905,911,934,947,957,968,977,984,987,992,1002,1015,1025,1031,1044,1054,1055,1064,1069,1073,1082,1084,1084,1090,1097
0,0,0,0,0,0,0,0,0,0,0,0,0,0,0,0,0,0,0,0,0,0,0,0,0,0,0,0,0,0,0,0,0,0,0,0,0,0,0,0,0,0,0,0,0,0,0,0,0,0,0,0,0,0,0,0,0,0,0,0,0,0,0,0,0,0,0,0,0,0,0,0,0,0,0,0,0,0,0,0,0,0,0,0,0,0,0,0,0,0,0,1,1,2,2,2,2,2,3,3,3,3,3,3,3,3,3,4,4,4,5,5,5,5,5,6,6,7,7,7,7,8,8,10,10,11,13,14,14,17,20,20,22,24,24,26,27,29,33,36,37,37,39,41,43,46,47,49,51,52,55,56,59,62,66,70,77,87,92,95,98,105,111,117,121,125,132,143,150,160,167,173,184,190,197,201,205,214,220,228,232,242,248,252,253,261,267,273,281,287,293,299,304,314,324,331,341,347,355,359,366,369,373,379,392,399,408,422,429,437,448,452,455,465,473,480,489,497,501,507,511,522,531,539,543,550,559,564,573,584,593,600,607,615,620,628,640,647,652,659,661,669,670,676,684,690,696,700,707,713,721,728,735,741,748,750,754,758,764,771,773,782,785,787,792,805,807,825,840,842,845,851,857,873,898,905,917,954,964,975,978,987,993,1002,1011,1013,1015,1022,1028,1033,1048,1056,1063,1070,1073,1078,1081,1086,1089,1094
0,0,0,0,0,0,0,0,0,0,0,0,0,0,0,0,0,0,0,0,0,0,0,0,0,0,0,0,0,0,0,0,0,0,0,0,0,0,0,0,0,0,0,0,0,0,0,0,0,0,0,0,0,0,0,0,0,0,0,0,0,0,0,0,0,0,0,0,0,0,0,0,0,0,0,0,0,0,0,0,0,0,0,0,0,0,0,0,0,0,0,0,0,0,0,0,0,0,0,2,2,4,4,4,4,4,4,4,4,4,5,5,5,5,5,5,9,11,11,12,12,13,13,14,14,15,15,16,18,18,19,19,19,20,20,21,21,21,21,23,25,27,31,31,35,38,43,47,50,54,59,60,62,66,72,79,87,92,102,109,117,122,128,135,142,147,156,165,171,177,184,188,197,204,208,213,216,224,232,237,243,253,265,271,274,282,289,297,306,311,322,331,338,344,357,363,374,379,392,402,412,423,429,438,446,455,464,478,487,493,507,512,519,526,528,533,540,542,547,551,554,558,564,570,578,583,587,596,605,613,620,625,628,632,637,638,645,649,657,665,671,680,686,693,703,710,715,719,724,733,739,745,752,759,766,771,776,782,784,787,790,795,799,801,804,814,823,827,839,849,855,858,863,878,891,901,904,907,932,937,942,952,959,963,969,976,980,989,1000,1003,1009,1022,1036,1046,1055,1058,1061,1071,1084,1090
0,0,0,0,0,0,0,0,0,0,0,0,0,0,0,0,0,0,0,0,0,0,0,0,0,0,0,0,0,0,0,0,0,0,0,0,0,0,0,0,0,0,0,0,0,0,0,0,0,0,0,0,0,0,0,0,0,0,0,0,0,0,0,0,0,0,0,0,0,0,0,0,0,0,0,0,0,0,0,0,0,0,0,0,0,0,0,0,0,0,1,1,1,1,1,1,1,1,1,1,1,1,1,1,1,1,1,2,2,2,3,3,3,3,3,4,4,4,4,4,5,5,5,5,6,6,8,9,9,9,9,9,9,9,12,12,12,12,14,16,16,17,19,20,20,20,20,22,23,25,26,26,27,28,29,30,33,35,35,35,39,42,45,49,51,51,56,61,63,68,69,70,73,75,78,85,90,96,100,105,115,117,120,130,135,136,139,147,151,155,157,164,169,175,185,192,198,208,217,230,238,248,255,262,268,275,280,287,297,310,317,328,333,339,344,351,360,370,377,383,386,390,397,403,404,411,422,428,440,447,455,461,470,477,480,486,494,499,514,519,530,539,543,548,552,559,564,569,576,585,590,597,605,606,614,620,628,636,643,648,655,662,667,672,677,685,691,696,700,703,710,719,725,727,735,742,750,753,755,763,767,770,775,783,786,792,798,812,833,850,856,862,870,886,889,894,896,897,900,907
0,0,0,0,0,0,0,0,0,0,0,0,0,0,0,0,0,0,0,0,0,0,0,0,0,0,0,0,0,0,0,0,0,0,0,0,0,0,0,0,0,0,0,0,0,0,0,0,0,0,0,0,0,0,0,0,0,0,0,0,0,0,0,0,0,0,0,0,0,0,0,0,0,0,0,0,0,0,0,0,0,0,0,0,0,0,0,0,0,0,0,0,0,0,0,1,1,2,2,3,3,3,3,5,5,5,5,5,5,6,6,7,7,7,7,8,9,9,10,10,10,10,10,10,15,15,16,17,17,18,19,21,22,22,22,23,26,29,34,35,36,38,38,40,41,44,45,48,51,56,59,61,63,67,69,72,78,81,88,98,107,114,117,124,133,143,149,153,155,160,167,179,187,190,197,201,207,212,218,225,234,240,247,254,259,265,268,278,285,294,302,311,319,327,334,338,347,351,363,370,375,384,392,399,403,414,423,426,429,434,439,445,451,457,465,479,484,498,506,512,522,532,540,544,551,557,564,571,578,586,591,599,604,613,621,627,638,641,645,649,653,659,663,670,678,686,692,698,701,703,708,710,716,724,730,735,738,743,752,763,771,775,782,788,796,801,806,810,815,825,828,834,839,847,856,863,898,926,947,967,972,1002,1006,1026,1039,1050,1055,1070,1073,1077,1079,1088,1090,1101,1105,1109,1124,1124,1133,1136
0,0,0,0,0,0,0,0,0,0,0,0,0,0,0,0,0,0,0,0,0,0,0,0,0,0,0,0,0,0,0,0,0,0,0,0,0,0,0,0,0,0,0,0,0,0,0,0,0,0,0,0,0,0,0,0,0,0,0,0,0,0,0,0,0,0,0,0,0,0,0,0,0,0,0,0,0,0,0,0,0,0,0,0,0,0,0,0,0,0,0,0,0,0,0,0,0,0,0,0,0,0,0,0,0,0,0,1,1,1,2,2,2,2,2,2,2,3,5,6,6,6,7,7,8,9,9,9,9,10,10,10,11,11,11,11,14,15,16,18,19,23,24,25,25,28,28,30,31,33,35,36,37,38,42,44,48,54,59,65,69,74,78,80,80,82,83,88,93,97,100,104,111,117,120,123,126,133,136,144,150,162,171,179,185,193,201,210,217,227,234,240,246,251,256,263,268,277,286,291,293,301,314,321,332,337,350,355,366,374,377,389,397,400,409,413,417,422,429,436,444,454,461,468,476,480,490,500,508,521,530,539,546,552,560,567,573,579,585,592,601,605,614,621,626,632,638,643,651,658,662,667,679,685,689,695,701,702,708,712,717,723,731,738,744,750,757,763,774,782,784,788,792,801,805,809,813,831,841,862,875,880,893,899,908,912,916,924,929,935,945,953,959,964,974,977,983,987,992,996
0,0,0,0,0,0,0,0,0,0,0,0,0,0,0,0,0,0,0,0,0,0,0,0,0,0,0,0,0,0,0,0,0,0,0,0,0,0,0,0,0,0,0,0,0,0,0,0,0,0,0,0,0,0,0,0,0,0,0,0,0,0,0,0,0,0,0,0,0,0,0,0,0,0,0,0,0,0,0,0,0,0,0,0,0,0,0,0,0,1,1,1,1,1,1,2,2,2,2,2,2,2,2,3,3,3,5,5,5,6,7,8,10,10,12,12,12,12,13,13,14,14,15,15,16,18,18,18,18,20,20,22,23,25,26,26,28,28,30,33,34,34,38,39,40,43,48,52,55,59,65,68,70,75,80,91,99,106,112,113,121,125,132,135,139,145,151,159,166,176,184,188,192,201,206,216,224,233,242,251,263,268,274,280,291,299,305,317,328,332,338,343,347,356,364,371,375,382,387,396,403,410,414,418,425,429,440,446,452,460,464,476,479,488,491,496,506,515,525,536,542,549,558,566,572,576,583,587,591,595,600,609,614,622,635,639,648,656,665,668,671,685,692,699,706,711,718,732,737,743,747,753,757,760,768,772,776,783,790,798,803,805,812,816,819,825,841,850,856,870,875,883,888,899,902,915,933,935,949,966,974,986,992,998,1010,1017,1020,1021,1028,1042,1052,1056,1061,1063,1070,1077,1083,1087,1097,1112
0,0,0,0,0,0,0,0,0,0,0,0,0,0,0,0,0,0,0,0,0,0,0,0,0,0,0,0,0,0,0,0,0,0,0,0,0,0,0,0,0,0,0,0,0,0,0,0,0,0,0,0,0,0,0,0,0,0,0,0,0,0,0,0,0,0,0,0,0,0,0,0,0,0,0,0,0,0,0,0,0,0,0,0,0,0,0,0,0,0,0,0,0,0,0,0,0,1,1,1,1,1,2,2,2,2,2,3,3,5,5,7,8,9,9,9,10,12,12,12,12,12,15,16,17,19,20,21,23,24,24,27,30,30,30,31,32,33,35,37,39,40,42,44,51,54,56,61,62,63,66,69,73,75,80,88,98,100,106,111,121,128,132,142,152,161,166,174,184,189,202,208,212,222,227,234,238,247,257,265,269,274,281,290,300,306,315,321,327,333,337,347,361,367,374,382,388,400,404,408,413,420,428,431,435,444,453,457,464,474,478,484,493,497,505,512,517,538,543,550,555,559,567,572,580,584,592,601,606,613,620,630,638,646,650,659,661,667,677,680,681,690,697,703,709,712,715,721,723,724,729,737,746,752,760,765,776,785,792,795,797,801,808,814,815,820,825,829,832,836,840,857,862,877,892,920,943,968,996,1008,1012,1018,1027,1042,1053,1059,1065,1069,1078,1081,1088,1095,1101,1106,1107,1114,1118,1124,1126,1147
0,0,0,0,0,0,0,0,0,0,0,0,0,0,0,0,0,0,0,0,0,0,0,0,0,0,0,0,0,0,0,0,0,0,0,0,0,0,0,0,0,0,0,0,0,0,0,0,0,0,0,0,0,0,0,0,0,0,0,0,0,0,0,0,0,0,0,0,0,0,0,0,0,0,0,0,0,0,0,0,0,0,0,0,0,0,0,0,0,0,0,0,0,0,0,0,0,0,0,0,0,0,0,0,0,0,0,0,0,0,0,0,0,0,0,0,0,0,0,0,0,0,0,0,0,0,0,0,0,1,2,4,5,6,9,9,10,11,12,13,13,13,13,13,14,15,16,17,18,20,20,21,21,23,23,24,26,28,30,30,31,32,33,35,37,37,40,42,46,46,51,55,57,60,64,64,68,74,81,87,92,101,107,117,123,130,136,144,150,157,163,170,176,188,196,200,203,206,217,218,224,229,235,240,249,251,256,262,267,276,280,288,298,306,313,321,328,333,336,341,345,351,356,368,379,385,394,400,410,414,422,429,434,437,445,452,459,466,470,476,485,492,498,505,513,522,527,537,546,552,561,568,575,583,588,591,599,604,609,617,625,630,635,649,656,660,667,670,678,687,693,700,707,713,718,726,729,734,738,748,755,761,766,773,782,786,791,793,800,803,805,824,827,831,837,843,854,865,870,873
0,0,0,0,0,0,0,0,0,0,0,0,0,0,0,0,0,0,0,0,0,0,0,0,0,0,0,0,0,0,0,0,0,0,0,0,0,0,0,0,0,0,0,0,0,0,0,0,0,0,0,0,0,0,0,0,0,0,0,0,0,0,0,0,0,0,0,0,0,0,0,0,0,0,0,0,0,0,0,0,0,0,0,0,0,0,0,0,0,0,0,0,0,0,0,0,0,0,0,0,1,1,1,1,1,1,1,1,1,1,1,1,1,1,1,3,3,3,3,3,3,3,4,5,5,5,5,6,6,7,8,9,11,11,13,14,15,16,18,20,21,25,25,28,28,31,37,40,42,46,51,51,54,56,57,61,70,72,78,82,86,92,98,99,105,110,121,126,133,143,144,160,166,171,182,190,194,197,210,215,220,225,227,231,236,243,249,252,256,262,276,281,288,298,304,313,319,324,328,336,341,350,358,366,374,382,387,394,402,410,417,422,426,431,435,443,447,457,465,471,475,485,495,499,504,514,524,532,541,548,552,559,565,572,577,582,589,595,602,602,606,612,619,626,631,637,643,648,661,664,670,671,679,686,687,690,701,708,716,723,727,732,741,748,750,761,772,779,789,793,797,798,803,807,812,815,823,847,850,852,857,863,878,888,897,915,923,936,940,956,982,984,991,992,996,1009,1017,1025,1030,1035
0,0,0,0,0,0,0,0,0,0,0,0,0,0,0,0,0,0,0,0,0,0,0,0,0,0,0,0,0,0,0,0,0,0,0,0,0,0,0,0,0,0,0,0,0,0,0,0,0,0,0,0,0,0,0,0,0,0,0,0,0,0,0,0,0,0,0,0,0,0,0,0,0,0,0,0,0,0,0,0,0,0,0,0,0,0,0,0,0,0,0,0,0,1,1,1,1,1,1,1,1,1,1,1,1,1,1,2,2,3,3,3,3,3,3,3,3,3,3,3,3,3,4,6,7,10,10,10,10,11,13,13,14,16,16,16,17,17,18,19,20,22,22,24,26,29,31,34,35,36,36,41,45,45,49,50,54,57,60,65,68,77,81,85,91,94,97,108,113,118,120,124,132,137,139,143,148,155,159,163,173,181,186,191,197,206,210,213,221,229,235,242,246,257,268,275,283,290,300,307,315,327,331,335,347,349,352,366,379,386,399,401,406,415,424,435,440,444,457,466,471,484,488,497,507,514,522,529,533,539,543,548,556,560,566,572,579,585,592,598,602,609,613,621,625,634,643,647,656,669,677,684,692,699,704,709,714,720,724,731,739,747,754,763,770,772,779,787,796,808,812,814,816,824,829,830,838,843,854,859,887,901,911,916,924,933,936,940,962,967,992,1000,1007,1025,1032,1037,1048,1051,1054,1061
0,0,0,0,0,0,0,0,0,0,0,0,0,0,0,0,0,0,0,0,0,0,0,0,0,0,0,0,0,0,0,0,0,0,0,0,0,0,0,0,0,0,0,0,0,0,0,0,0,0,0,0,0,0,0,0,0,0,0,0,0,0,0,0,0,0,0,0,0,0,0,0,0,0,0,0,0,0,0,0,0,0,0,0,0,0,0,0,0,0,0,0,0,1,1,1,2,2,2,2,2,2,2,2,2,2,2,3,4,4,4,4,5,5,5,6,6,6,7,8,8,9,9,10,10,10,11,12,13,14,16,17,19,19,20,21,23,26,28,31,32,35,36,38,40,41,42,42,46,46,50,53,55,55,56,61,63,68,75,79,83,89,95,99,104,110,117,123,130,139,146,155,162,163,167,173,180,188,195,197,213,221,229,239,249,255,263,267,275,284,297,301,305,314,321,326,331,341,349,361,368,371,378,384,394,401,408,414,424,430,432,440,449,457,469,480,486,491,506,514,520,526,534,540,546,553,562,568,572,581,584,595,600,606,613,618,627,634,641,647,654,662,666,672,676,682,685,690,698,705,714,717,722,729,735,737,742,745,747,754,759,765,770,780,790,797,802,806,810,815,819,827,834,843,851,856,860,865,902,910,915,935,950,963,969,992,1009,1011,1018,1026,1035,1039,1051,1051,1056,1061,1064,1072,1084,1088
0,0,0,0,0,0,0,0,0,0,0,0,0,0,0,0,0,0,0,0,0,0,0,0,0,0,0,0,0,0,0,0,0,0,0,0,0,0,0,0,0,0,0,0,0,0,0,0,0,0,0,0,0,0,0,0,0,0,0,0,0,0,0,0,0,0,0,0,0,0,0,0,0,0,0,0,0,0,0,0,0,0,0,0,0,0,0,0,0,0,0,0,0,0,0,0,0,0,0,0,0,0,0,0,0,0,0,0,0,0,0,0,0,0,0,0,0,0,0,0,0,0,0,0,0,0,0,0,0,0,0,0,0,0,0,0,0,0,1,1,1,1,1,1,1,1,1,2,2,2,2,3,3,3,4,4,4,5,9,10,13,13,13,13,14,15,16,18,18,18,19,20,21,21,22,23,24,24,24,26,26,26,27,27,28,31,31,32,36,36,40,41,42,44,47,48,50,52,56,57,58,61,63,65,71,76,84,92,102,109,113,119,126,132,138,148,152,156,165,172,178,190,193,200,210,215,221,226,235,240,245,253,257,265,271,279,286,294,303,314,326,337,348,354,360,366,371,378,391,397,407,412,418,426,433,440,450,459,465,478,484,495,501,506,512,517,524,534,544,548,551,557,569,577,585,591,598,601,604,612,621,627,633,639,646,652,659,668,676,686,693,703,705,714,719,720,722,724,730,732
0,0,0,0,0,0,0,0,0,0,0,0,0,0,0,0,0,0,0,0,0,0,0,0,0,0,0,0,0,0,0,0,0,0,0,0,0,0,0,0,0,0,0,0,0,0,0,0,0,0,0,0,0,0,0,0,0,0,0,0,0,0,0,0,0,0,0,0,0,0,0,0,0,0,0,0,0,0,0,0,0,0,0,0,0,0,0,0,0,0,0,0,0,0,0,0,0,0,0,0,0,0,0,0,0,1,1,1,1,1,1,1,1,2,2,2,3,4,4,5,5,5,5,5,5,5,5,5,6,6,6,7,7,7,7,7,7,8,8,8,8,10,11,12,13,15,15,15,17,18,18,19,21,22,24,26,29,31,32,34,35,42,44,48,51,53,56,61,62,68,74,76,82,86,88,93,94,99,103,113,120,126,135,140,151,159,165,173,178,188,196,205,217,226,231,239,243,252,259,266,273,285,296,305,313,320,326,330,338,346,352,359,363,372,374,383,389,395,400,404,411,425,432,441,453,463,468,478,487,496,505,517,523,528,536,542,546,549,551,554,559,564,571,582,588,599,606,613,621,629,634,640,642,650,654,659,663,669,677,680,685,695,698,706,710,713,717,725,729,742,749,756,762,764,765,768,774,777,778,785,793,798,802,806,810,817,832,845,851,865,880,903,908,921,928,931,939,943,947,954
0,0,0,0,0,0,0,0,0,0,0,0,0,0,0,0,0,0,0,0,0,0,0,0,0,0,0,0,0,0,0,0,0,0,0,0,0,0,0,0,0,0,0,0,0,0,0,0,0,0,0,0,0,0,0,0,0,0,0,0,0,0,0,0,0,0,0,0,0,0,0,0,0,0,0,0,0,0,0,0,0,0,0,0,0,1,1,1,1,1,1,1,1,2,2,2,2,2,2,2,2,2,2,2,2,2,2,3,4,4,4,4,4,4,4,4,5,5,5,5,5,5,6,7,7,7,9,11,11,12,13,13,13,13,14,18,19,19,19,19,19,21,23,23,26,28,31,32,37,42,45,48,50,52,58,60,62,66,68,73,76,79,84,90,91,96,98,105,111,118,121,124,127,131,134,138,139,141,145,153,158,163,171,175,180,185,191,195,198,209,220,224,232,239,245,249,257,266,278,282,288,297,312,316,323,329,334,342,348,354,359,367,375,382,394,400,409,417,422,433,437,447,452,454,465,478,484,492,498,504,515,523,534,543,545,549,552,557,561,566,575,585,593,599,607,611,618,621,628,637,645,651,654,657,662,671,678,686,693,697,701,708,712,715,721,733,740,745,760,783,789,796,804,809,814,816,825,830,833,843,862,868,874,879,881,892,895,900,910,926,937,945,956,963,970,976,979,982,990,997
0,0,0,0,0,0,0,0,0,0,0,0,0,0,0,0,0,0,0,0,0,0,0,0,0,0,0,0,0,0,0,0,0,0,0,0,0,0,0,0,0,0,0,0,0,0,0,0,0,0,0,0,0,0,0,0,0,0,0,0,0,0,0,0,0,0,0,0,0,0,0,0,0,0,0,0,0,0,0,0,0,0,0,0,0,0,0,0,0,0,0,0,0,0,0,0,1,1,1,1,1,1,1,1,1,1,1,2,3,3,3,5,6,6,6,6,7,7,7,7,7,7,7,8,8,8,8,9,10,11,11,12,12,14,14,16,17,17,17,18,20,20,20,21,24,26,28,28,29,29,29,33,35,36,39,44,49,53,58,60,63,67,68,76,80,83,91,94,97,100,103,103,105,108,115,123,125,130,135,143,151,156,160,166,174,183,192,196,203,214,220,230,234,243,254,262,269,279,284,289,296,309,315,320,324,333,345,353,359,367,370,376,380,385,394,403,408,415,422,427,430,437,447,452,457,463,472,478,489,504,507,515,521,530,536,541,546,555,562,565,570,574,581,587,600,607,615,620,630,637,640,646,652,657,660,667,670,680,684,691,707,709,719,724,730,739,742,745,749,753,760,762,768,773,779,789,828,841,869,876,881,891,906,913,926,940,947,951,959,967,971,975,979,985,989,994,999,1009,1016,1018
0,0,0,0,0,0,0,0,0,0,0,0,0,0,0,0,0,0,0,0,0,0,0,0,0,0,0,0,0,0,0,0,0,0,0,0,0,0,0,0,0,0,0,0,0,0,0,0,0,0,0,0,0,0,0,0,0,0,0,0,0,0,0,0,0,0,0,0,0,0,0,0,0,0,0,0,0,0,0,0,0,0,0,0,0,0,0,0,0,0,0,1,1,1,1,1,1,2,2,2,2,2,2,2,2,4,4,4,4,4,6,6,6,8,9,9,9,10,10,10,11,11,12,14,15,15,15,16,16,17,19,19,19,19,20,20,21,23,23,23,24,26,26,28,29,30,32,35,39,42,43,46,51,54,58,59,67,70,73,76,82,84,95,100,102,109,119,127,140,145,151,157,162,165,170,178,184,192,194,205,213,217,223,226,235,239,244,252,260,266,270,277,282,291,299,309,313,320,327,334,342,346,356,363,370,374,383,392,398,409,415,422,432,441,448,452,457,463,469,475,483,488,496,500,509,520,528,534,547,550,559,563,569,575,585,591,595,600,603,609,614,618,624,631,637,640,646,652,664,670,680,690,696,702,709,721,724,729,732,743,750,759,768,773,778,783,786,800,827,831,838,839,851,858,865,877,892,898,906,914,919,924,928,935,944,951,953,955,970,979,986,990,1004,1014,1021,1028,1032,1038,1057,1059
0,0,0,0,0,0,0,0,0,0,0,0,0,0,0,0,0,0,0,0,0,0,0,0,0,0,0,0,0,0,0,0,0,0,0,0,0,0,0,0,0,0,0,0,0,0,0,0,0,0,0,0,0,0,0,0,0,0,0,0,0,0,0,0,0,0,0,0,0,0,0,0,0,0,0,0,0,0,0,0,0,0,0,0,0,0,0,0,0,0,0,0,0,1,1,1,1,1,1,1,1,1,1,1,1,1,1,1,1,1,1,1,1,1,1,1,1,1,1,1,1,1,2,2,2,2,2,2,2,2,2,2,3,3,3,4,4,5,5,6,8,8,8,8,9,9,9,9,9,11,11,12,12,12,12,14,15,16,18,19,21,21,23,23,27,28,28,28,30,30,34,36,38,39,40,40,41,45,46,51,52,55,57,59,59,62,63,65,66,68,71,73,81,88,93,94,96,102,108,112,115,120,125,130,136,139,143,148,158,159,163,168,174,178,187,194,201,209,218,226,232,237,246,256,260,266,274,279,291,301,306,318,324,337,342,349,355,364,372,375,380,386,393,401,414,423,434,442,447,456,463,468,473,483,486,493,500,505,516,523,532,537,543,548,555,561,565,574,586,594,598,603,610,619,624,633,636,639,646,649,658,667,676,685,689,694,700,704,709,715,723,732,735,741,749,752,761,770,780,785
0,0,0,0,0,0,0,0,0,0,0,0,0,0,0,0,0,0,0,0,0,0,0,0,0,0,0,0,0,0,0,0,0,0,0,0,0,0,0,0,0,0,0,0,0,0,0,0,0,0,0,0,0,0,0,0,0,0,0,0,0,0,0,0,0,0,0,0,0,0,0,0,0,0,0,0,0,0,0,0,0,0,0,0,0,0,0,0,0,0,0,0,1,1,1,1,1,1,1,1,1,1,1,2,2,2,2,2,3,4,4,4,4,5,5,5,5,5,5,6,7,7,7,7,7,9,10,11,11,12,13,14,14,14,14,14,15,16,17,17,18,21,22,25,27,28,29,31,35,39,40,42,45,46,54,58,63,66,67,70,72,74,76,80,84,87,91,98,102,107,113,115,125,130,134,139,150,153,156,159,165,170,175,179,189,201,209,217,225,230,240,242,250,256,259,263,267,273,285,293,303,308,314,321,331,337,346,352,362,372,377,390,393,402,411,417,420,427,433,444,452,457,466,470,476,482,491,501,509,519,527,534,544,556,561,564,570,581,588,595,602,607,613,617,621,631,639,643,647,653,661,665,669,678,685,692,700,705,709,717,724,726,731,737,742,744,747,753,754,760,764,768,772,777,788,801,804,807,811,827,839,843,854,875,878,891,896,905,911,927,937,944,955,960,965,972,984,990,993,995
0,0,0,0,0,0,0,0,0,0,0,0,0,0,0,0,0,0,0,0,0,0,0,0,0,0,0,0,0,0,0,0,0,0,0,0,0,0,0,0,0,0,0,0,0,0,0,0,0,0,0,0,0,0,0,0,0,0,0,0,0,0,0,0,0,0,0,0,0,0,0,0,0,0,0,0,0,0,0,0,0,0,0,0,0,0,0,0,0,0,0,0,0,0,0,0,0,1,1,1,1,1,1,1,1,1,1,1,1,2,2,2,2,2,2,2,3,3,4,4,4,4,4,4,4,4,4,4,4,5,6,7,7,9,12,12,14,14,15,15,16,18,20,21,24,24,27,29,30,34,36,37,39,41,44,51,55,64,68,73,74,78,83,90,94,97,97,102,106,114,115,120,122,125,130,132,137,147,150,154,161,165,169,178,185,191,195,200,208,212,221,234,242,249,253,263,266,272,279,287,298,304,313,321,331,338,344,354,362,363,372,378,386,390,398,403,413,422,428,435,438,443,452,460,468,472,479,486,489,499,503,513,521,528,534,543,554,559,570,577,585,590,597,602,608,614,620,630,637,642,649,654,660,661,667,672,675,685,691,698,706,712,719,729,735,753,761,769,775,781,785,795,801,809,811,822,855,874,879,885,900,907,911,921,927,929,932,940,942,956,959,966,969,973,984,989,994,998,1002,1003
0,0,0,0,0,0,0,0,0,0,0,0,0,0,0,0,0,0,0,0,0,0,0,0,0,0,0,0,0,0,0,0,0,0,0,0,0,0,0,0,0,0,0,0,0,0,0,0,0,0,0,0,0,0,0,0,0,0,0,0,0,0,0,0,0,0,0,0,0,0,0,0,0,0,0,0,0,0,0,0,0,0,0,0,0,0,0,0,0,0,0,0,0,0,0,0,0,0,0,0,0,0,0,2,2,2,2,2,2,2,2,3,3,3,4,4,4,4,4,4,5,5,6,6,6,7,7,7,8,8,8,10,10,11,11,11,11,11,13,13,15,18,18,18,18,18,20,21,23,24,25,26,26,27,30,38,41,44,45,47,50,51,55,57,62,65,73,81,88,93,100,106,113,114,116,118,126,130,135,140,142,148,154,163,164,171,181,187,191,202,211,221,230,238,243,249,254,262,268,273,281,288,296,306,311,317,324,328,340,349,358,365,375,385,391,400,408,423,432,439,443,451,460,465,481,485,490,496,503,508,516,521,526,530,539,546,554,564,569,574,578,586,592,600,602,609,613,620,624,632,642,648,656,663,667,671,673,682,686,692,702,710,713,721,727,734,739,745,753,756,762,765,776,781,783,814,852,878,884,892,894,904,908,918,931,937,941,953,965,968,983,987,991,997,1006,1007,1011,1016,1020,1025
0,0,0,0,0,0,0,0,0,0,0,0,0,0,0,0,0,0,0,0,0,0,0,0,0,0,0,0,0,0,0,0,0,0,0,0,0,0,0,0,0,0,0,0,0,0,0,0,0,0,0,0,0,0,0,0,0,0,0,0,0,0,0,0,0,0,0,0,0,0,0,0,0,0,0,0,0,0,0,0,0,0,0,0,0,0,0,0,0,0,0,0,1,1,1,1,1,1,1,2,2,3,3,3,3,3,3,3,3,3,3,3,3,4,5,6,10,11,11,12,13,16,16,16,16,16,16,16,17,21,22,22,22,23,23,24,24,25,25,25,25,26,27,28,29,29,30,32,34,37,38,43,45,47,49,55,56,59,64,70,76,81,87,90,92,96,98,100,102,106,109,114,118,128,130,136,142,146,151,157,165,171,174,178,182,183,188,191,198,206,207,217,225,231,236,251,261,271,278,289,298,305,313,320,327,335,342,350,357,361,367,376,385,392,396,402,411,421,430,436,442,445,452,460,466,475,480,486,493,500,505,510,517,519,523,529,538,551,562,571,579,583,588,594,604,608,617,623,633,641,651,657,667,671,678,681,685,691,695,700,708,714,718,720,727,731,741,748,756,759,766,772,779,782,785,808,812,815,842,845,851,855,861,867,872,875,887,898,908,908,911,916,918,921,924,930,933,943,947,951
0,0,0,0,0,0,0,0,0,0,0,0,0,0,0,0,0,0,0,0,0,0,0,0,0,0,0,0,0,0,0,0,0,0,0,0,0,0,0,0,0,0,0,0,0,0,0,0,0,0,0,0,0,0,0,0,0,0,0,0,0,0,0,0,0,0,0,0,0,0,0,0,0,0,0,0,0,0,0,1,1,1,1,1,1,1,1,1,1,1,1,1,1,1,1,1,1,1,1,1,1,1,1,1,2,3,3,3,3,5,6,7,7,7,8,10,10,10,10,12,12,13,13,13,15,15,15,17,20,20,21,22,23,23,23,23,25,28,28,28,29,29,30,31,31,34,35,37,40,43,46,49,51,54,59,61,66,72,75,81,85,87,91,91,94,101,108,111,114,125,133,144,148,151,157,166,178,189,195,198,206,210,215,223,231,238,247,252,259,265,272,279,284,295,298,306,316,326,334,343,355,361,366,372,381,392,398,410,422,428,435,442,448,451,454,462,467,475,482,488,501,513,519,522,530,533,536,542,547,550,555,558,563,571,573,580,585,597,604,612,624,629,636,643,652,659,663,666,670,677,685,694,698,704,708,716,724,730,732,736,739,743,748,758,765,768,775,781,796,804,817,825,837,843,849,856,860,870,879,889,901,909,917,919,924,928,939,951,957,965,981,996,1005,1008,1010,1024,1041,1054,1061,1066
0,0,0,0,0,0,0,0,0,0,0,0,0,0,0,0,0,0,0,0,0,0,0,0,0,0,0,0,0,0,0,0,0,0,0,0,0,0,0,0,0,0,0,0,0,0,0,0,0,0,0,0,0,0,0,0,0,0,0,0,0,0,0,0,0,0,0,0,0,0,0,0,0,0,0,0,0,0,0,0,0,0,0,0,1,2,2,2,2,2,2,2,2,2,2,2,2,3,4,5,5,5,5,5,5,5,5,6,6,7,7,8,8,9,10,10,11,12,12,14,14,14,15,16,16,17,18,18,18,18,19,19,19,20,21,21,23,24,24,24,24,27,27,28,30,34,39,42,46,49,54,55,58,61,66,67,76,83,89,94,100,109,115,123,129,132,133,140,145,150,159,167,171,177,181,187,195,205,209,217,226,229,238,244,253,255,263,271,277,287,290,298,303,306,314,322,334,344,346,351,355,363,368,373,378,385,390,400,416,421,429,440,446,454,459,466,471,478,484,490,497,501,512,517,524,531,542,551,560,568,574,580,585,591,598,600,603,609,619,624,634,639,646,653,661,668,676,685,692,694,697,702,708,712,719,727,730,734,741,746,751,753,758,767,775,783,791,800,805,811,817,820,831,839,851,861,868,890,891,898,900,904,909,920,928,938,942,946,947,948,956,976,1007,1015,1019,1027,1038,1043,1047,1052
0,0,0,0,0,0,0,0,0,0,0,0,0,0,0,0,0,0,0,0,0,0,0,0,0,0,0,0,0,0,0,0,0,0,0,0,0,0,0,0,0,0,0,0,0,0,0,0,0,0,0,0,0,0,0,0,0,0,0,0,0,0,0,0,0,0,0,0,0,0,0,0,0,0,0,0,0,0,0,0,0,0,0,0,0,0,0,0,0,0,0,0,0,0,1,1,1,1,1,1,1,1,1,1,2,2,2,2,3,3,3,3,4,4,5,5,6,6,6,7,7,7,8,9,9,10,11,12,13,13,13,14,18,19,19,20,22,23,24,26,26,28,28,30,31,32,33,33,33,35,37,40,42,44,48,49,51,55,60,67,69,71,76,85,87,95,99,106,113,119,130,134,140,148,159,170,173,182,186,188,195,201,206,214,223,227,233,236,240,247,252,254,260,266,277,284,295,303,313,320,327,334,339,350,354,358,367,377,385,392,402,413,420,427,437,445,449,456,461,470,477,485,490,498,507,515,523,535,544,551,560,565,569,576,580,585,590,600,611,619,624,636,643,653,659,664,671,676,682,692,701,710,717,720,727,733,742,748,753,761,764,771,776,782,790,798,807,816,818,821,825,828,836,849,852,860,863,884,890,903,910,922,931,941,952,956,958,964,982,1000,1027,1046,1051,1059,1066,1076,1080,1083,1090,1095
0,0,0,0,0,0,0,0,0,0,0,0,0,0,0,0,0,0,0,0,0,0,0,0,0,0,0,0,0,0,0,0,0,0,0,0,0,0,0,0,0,0,0,0,0,0,0,0,0,0,0,0,0,0,0,0,0,0,0,0,0,0,0,0,0,0,0,0,0,0,0,0,0,0,0,0,0,0,0,0,0,0,0,0,0,0,0,0,0,0,0,0,1,1,2,2,2,2,2,2,2,2,2,4,4,5,6,6,6,6,6,7,7,7,7,8,8,10,11,11,14,15,15,15,15,16,16,16,16,16,17,18,19,20,20,21,23,26,28,28,28,29,32,32,33,39,39,41,41,44,47,48,50,53,55,60,62,67,71,75,81,83,86,92,101,104,109,120,126,128,133,140,148,154,161,168,172,183,190,198,203,214,222,232,235,243,247,253,258,266,273,281,288,296,309,315,326,333,339,348,357,366,375,385,395,402,406,414,425,431,436,443,449,454,460,464,469,475,491,497,502,514,522,531,534,540,548,558,565,574,578,586,590,602,608,616,624,627,636,646,652,657,665,668,671,677,685,690,696,701,706,713,715,720,722,724,729,736,742,748,752,758,762,764,771,778,783,787,789,792,795,802,810,819,823,851,855,889,908,911,920,921,924,949,964,970,973,979,996,1003,1003,1009,1013,1018,1021,1031,1036,1041,1047,1067
0,0,0,0,0,0,0,0,0,0,0,0,0,0,0,0,0,0,0,0,0,0,0,0,0,0,0,0,0,0,0,0,0,0,0,0,0,0,0,0,0,0,0,0,0,0,0,0,0,0,0,0,0,0,0,0,0,0,0,0,0,0,0,0,0,0,0,0,0,0,0,0,0,0,0,0,0,0,1,1,1,1,1,1,1,1,1,1,1,1,1,1,1,1,1,1,1,1,1,1,1,1,1,1,1,1,1,1,1,1,1,1,1,1,1,1,1,1,1,1,1,1,2,3,3,3,3,3,3,4,4,4,4,4,4,4,4,4,5,5,6,9,9,14,14,15,15,19,21,22,23,24,25,26,29,33,38,41,41,46,50,50,51,55,59,60,65,69,73,77,86,92,95,103,113,120,125,135,138,147,151,155,158,167,175,179,184,194,196,199,207,215,219,223,227,233,238,246,253,257,264,272,276,280,287,295,309,314,323,332,336,341,348,353,357,366,373,383,393,395,402,409,414,417,422,428,431,435,440,448,457,464,469,473,482,488,497,504,509,515,519,531,541,545,550,557,566,571,575,583,587,591,599,607,617,625,634,639,643,650,657,668,673,675,683,688,693,702,708,710,717,722,732,736,739,751,778,803,816,820,834,834,839,844,851,855,863,868,874,882,892,903,915,929,940,950,952,957,963,967
0,0,0,0,0,0,0,0,0,0,0,0,0,0,0,0,0,0,0,0,0,0,0,0,0,0,0,0,0,0,0,0,0,0,0,0,0,0,0,0,0,0,0,0,0,0,0,0,0,0,0,0,0,0,0,0,0,0,0,0,0,0,0,0,0,0,0,0,0,0,0,0,0,0,0,0,0,0,0,0,0,0,0,0,0,0,0,0,0,0,0,0,0,0,0,0,0,0,0,0,0,0,1,1,1,2,3,3,3,3,3,4,4,4,5,6,7,11,11,12,12,12,13,13,13,13,13,13,14,14,14,16,18,19,20,20,20,20,21,21,22,22,22,23,23,31,32,34,35,35,38,40,44,49,53,56,57,61,64,69,74,77,84,90,94,97,101,106,116,123,128,139,144,152,158,162,168,175,183,197,202,206,211,220,226,229,237,247,254,262,266,276,282,293,301,306,315,321,329,336,343,348,351,363,370,375,380,386,391,402,407,410,418,423,426,436,443,447,455,459,467,476,484,493,502,510,521,527,536,544,549,557,561,568,574,580,587,588,594,600,610,617,621,626,636,643,648,656,662,667,673,680,688,693,701,704,708,715,716,721,726,733,738,744,749,757,762,768,782,786,792,796,806,808,811,813,822,823,837,850,863,870,877,887,897,904,922,929,933,939,943,946,961,974,986,990,995,996,1001,1006
0,0,0,0,0,0,0,0,0,0,0,0,0,0,0,0,0,0,0,0,0,0,0,0,0,0,0,0,0,0,0,0,0,0,0,0,0,0,0,0,0,0,0,0,0,0,0,0,0,0,0,0,0,0,0,0,0,0,0,0,0,0,0,0,0,0,0,0,0,0,0,0,0,0,0,0,0,0,0,0,0,0,0,0,0,0,0,0,0,0,0,0,0,0,0,0,0,0,0,0,0,0,0,0,0,0,0,0,0,0,0,0,0,0,0,0,0,0,0,0,1,1,2,2,2,2,2,2,2,2,2,2,2,3,3,3,4,4,4,4,4,4,4,4,6,6,8,8,9,9,12,14,15,16,16,17,17,18,19,21,21,21,21,21,23,23,23,23,23,25,26,29,34,34,36,37,39,42,44,46,51,55,59,62,65,69,74,77,81,85,88,92,96,98,102,107,110,117,121,124,127,133,142,146,153,162,172,179,185,193,198,204,213,217,224,231,239,242,251,255,257,262,267,268,276,279,289,297,299,303,310,316,326,335,343,354,358,372,376,387,396,406,415,428,441,452,456,461,468,474,485,497,505,510,516,524,533,540,546,550,557,562,568,572,590,594,604,608,615,620,629,638,640,646,656,660,662,671,680,684,688,695,701,708,715,720,721,729,735,744,756,763,766,770,778,782,787,794,816,822
0,0,0,0,0,0,0,0,0,0,0,0,0,0,0,0,0,0,0,0,0,0,0,0,0,0,0,0,0,0,0,0,0,0,0,0,0,0,0,0,0,0,0,0,0,0,0,0,0,0,0,0,0,0,0,0,0,0,0,0,0,0,0,0,0,0,0,0,0,0,0,0,0,0,0,0,0,0,0,0,0,0,0,0,0,0,0,0,0,1,1,1,1,1,1,1,1,2,2,2,2,2,2,2,2,2,2,2,2,2,3,3,3,3,3,4,4,4,4,6,6,8,9,10,10,10,10,10,10,12,15,16,16,18,18,18,19,20,22,25,26,28,31,33,36,39,41,44,49,54,56,59,65,69,73,73,76,79,88,96,97,100,104,108,110,114,123,131,137,147,160,166,172,177,184,193,202,211,221,225,236,243,251,260,264,278,283,288,295,300,303,313,320,326,338,345,353,360,365,371,380,384,391,395,400,408,416,423,427,433,441,446,454,457,464,467,472,478,485,489,492,500,505,509,520,529,531,539,545,551,562,576,589,599,608,615,620,624,633,638,650,659,663,673,677,684,692,696,702,711,715,724,725,730,738,743,747,754,756,761,765,775,783,790,793,795,806,809,814,817,835,843,850,852,859,881,887,894,906,940,944,952,957,981,998,1001,1048,1064,1070,1077,1080,1086,1090,1092,1095,1100,1106,1112,1114,1124
0,0,0,0,0,0,0,0,0,0,0,0,0,0,0,0,0,0,0,0,0,0,0,0,0,0,0,0,0,0,0,0,0,0,0,0,0,0,0,0,0,0,0,0,0,0,0,0,0,0,0,0,0,0,0,0,0,0,0,0,0,0,0,0,0,0,0,0,0,0,0,0,0,0,0,0,0,0,0,0,0,0,0,0,0,1,1,1,1,1,1,1,1,1,1,1,1,3,3,3,3,3,3,3,3,3,3,3,3,3,3,3,3,4,4,5,5,5,5,5,5,7,8,8,9,11,11,12,12,12,12,14,14,14,15,16,17,17,17,18,19,20,20,23,24,26,26,28,29,29,30,30,32,36,37,38,45,48,55,58,65,66,71,72,77,81,89,92,95,97,102,107,111,117,121,128,138,145,149,153,163,170,176,183,192,200,210,219,227,235,245,251,260,267,273,285,290,294,301,308,309,316,324,333,341,346,351,360,373,376,389,396,408,413,426,430,438,449,455,462,470,474,478,486,491,500,506,510,517,524,528,533,537,546,555,559,561,568,573,579,584,592,595,600,604,615,620,627,631,637,642,647,657,665,670,678,687,690,694,700,701,702,709,720,732,739,748,753,757,764,769,770,775,780,785,796,804,808,816,820,838,864,876,890,896,901,913,924,926,930,944,958,974,979,984,990,994,996,1009,1016
0,0,0,0,0,0,0,0,0,0,0,0,0,0,0,0,0,0,0,0,0,0,0,0,0,0,0,0,0,0,0,0,0,0,0,0,0,0,0,0,0,0,0,0,0,0,0,0,0,0,0,0,0,0,0,0,0,0,0,0,0,0,0,0,0,0,0,0,0,0,0,0,0,0,0,0,0,0,0,0,0,0,0,0,0,0,0,0,0,0,0,0,0,0,0,0,0,0,0,0,0,0,0,0,0,0,0,0,0,0,0,0,0,0,0,0,0,0,0,0,0,0,0,1,1,1,1,1,1,1,1,1,1,1,2,2,2,3,3,3,3,3,3,4,4,4,5,6,6,6,6,7,8,9,10,11,11,14,14,14,15,15,16,17,18,18,19,20,23,27,31,32,33,36,36,40,41,41,47,48,55,64,70,75,78,82,87,94,96,100,105,113,117,127,134,140,146,150,157,165,178,181,186,196,200,207,212,220,230,237,239,246,254,260,270,277,281,290,298,302,308,318,328,334,337,344,347,357,364,369,378,383,390,397,408,414,416,424,431,440,442,451,459,466,473,481,492,497,505,508,520,526,533,539,545,551,553,561,563,573,582,591,593,599,604,608,617,623,628,638,644,652,659,667,681,688,693,700,708,712,719,725,731,738,744,751,757,759,768,776,781,782,787,790,795,804,806,814,825,845
0,0,0,0,0,0,0,0,0,0,0,0,0,0,0,0,0,0,0,0,0,0,0,0,0,0,0,0,0,0,0,0,0,0,0,0,0,0,0,0,0,0,0,0,0,0,0,0,0,0,0,0,0,0,0,0,0,0,0,0,0,0,0,0,0,0,0,0,0,0,0,0,0,0,0,0,0,0,0,0,0,0,0,0,0,0,0,0,0,0,0,0,1,1,1,1,1,1,2,3,3,3,3,3,3,3,4,4,4,4,5,6,6,6,6,7,7,7,9,11,12,12,13,16,16,16,16,16,16,18,19,20,20,20,22,22,22,27,28,29,30,31,35,38,40,43,45,47,47,51,53,54,58,61,65,70,76,82,87,89,92,97,106,109,115,119,127,137,149,153,159,167,171,178,186,193,202,210,217,227,232,239,251,255,260,270,277,280,289,298,306,318,324,330,336,344,348,355,363,369,373,380,386,393,404,412,418,424,433,441,452,458,459,466,472,480,486,495,506,514,521,530,538,543,551,558,564,572,579,586,594,601,607,612,619,623,632,636,639,646,647,649,658,668,673,682,683,686,694,699,701,704,709,713,721,729,731,736,742,742,750,755,762,766,772,776,785,802,808,812,817,824,828,833,835,843,894,906,917,920,930,933,945,946,960,967,973,977,986,1001,1006,1008,1021,1029,1038,1056,1071,1079,1084,1092
0,0,0,0,0,0,0,0,0,0,0,0,0,0,0,0,0,0,0,0,0,0,0,0,0,0,0,0,0,0,0,0,0,0,0,0,0,0,0,0,0,0,0,0,0,0,0,0,0,0,0,0,0,0,0,0,0,0,0,0,0,0,0,0,0,0,0,0,0,0,0,0,0,0,0,0,0,0,0,0,0,0,0,0,0,0,0,0,0,0,0,0,0,0,0,0,0,0,0,0,1,1,1,2,2,2,2,4,4,4,5,5,5,5,5,6,7,7,9,9,9,10,11,12,14,16,16,17,17,18,19,21,22,24,24,25,25,28,29,31,33,34,34,34,37,41,43,46,51,53,54,56,58,59,66,70,80,90,91,94,100,107,112,120,124,126,135,149,155,167,174,181,188,195,206,212,215,221,226,234,244,256,263,266,276,285,296,305,311,319,322,324,335,342,350,357,363,366,371,378,385,391,403,409,413,417,423,430,438,444,450,458,463,469,476,484,493,500,506,515,518,527,538,546,552,556,559,565,570,580,584,596,602,612,615,619,628,638,643,649,660,666,672,681,685,692,697,701,706,712,718,725,730,739,744,751,757,766,774,784,787,793,794,798,805,811,824,833,838,849,856,862,870,878,889,900,904,948,955,981,991,999,1005,1013,1018,1023,1028,1038,1039,1049,1065,1075,1078,1082,1086,1091,1093,1097,1102,1112
0,0,0,0,0,0,0,0,0,0,0,0,0,0,0,0,0,0,0,0,0,0,0,0,0,0,0,0,0,0,0,0,0,0,0,0,0,0,0,0,0,0,0,0,0,0,0,0,0,0,0,0,0,0,0,0,0,0,0,0,0,0,0,0,0,0,0,0,0,0,0,0,0,0,0,0,0,0,0,0,0,0,1,1,1,1,2,3,3,3,3,3,3,3,3,3,3,3,3,4,5,5,5,5,6,6,6,6,6,6,6,7,7,7,8,8,10,12,12,12,15,15,16,18,20,22,24,25,26,27,27,27,29,33,34,37,40,41,43,44,44,49,51,51,53,54,57,59,62,68,70,70,72,80,83,85,87,88,93,96,106,111,117,120,125,132,136,142,147,155,170,177,182,187,192,197,209,216,223,231,236,244,254,266,274,280,285,293,299,305,313,320,324,332,338,349,358,368,374,378,387,401,409,415,416,426,432,439,446,454,461,471,474,486,501,506,511,523,535,539,543,554,564,570,576,580,583,589,602,608,612,617,620,623,630,633,639,642,646,653,658,668,678,683,688,697,702,705,710,716,720,722,735,737,739,745,752,761,764,767,774,786,792,801,807,825,832,842,859,867,880,884,892,901,910,918,920,925,928,934,950,955,962,968,972,976,985,1000,1004,1030,1049,1057,1064,1066,1071,1079,1088,1095,1096,1101
0,0,0,0,0,0,0,0,0,0,0,0,0,0,0,0,0,0,0,0,0,0,0,0,0,0,0,0,0,0,0,0,0,0,0,0,0,0,0,0,0,0,0,0,0,0,0,0,0,0,0,0,0,0,0,0,0,0,0,0,0,0,0,0,0,0,0,0,0,0,0,0,0,0,0,0,0,0,0,0,0,0,0,0,0,0,0,0,0,0,0,0,0,0,0,0,0,0,0,0,0,0,0,0,0,0,0,2,2,3,3,3,4,4,4,4,4,4,5,5,5,5,6,6,6,6,7,8,8,8,9,9,10,10,11,12,13,13,15,18,19,19,21,22,27,29,29,30,33,33,33,33,33,34,37,40,44,45,47,50,56,58,63,64,67,68,71,72,79,84,85,93,103,109,116,122,128,133,139,144,150,157,167,173,179,183,189,199,203,212,220,228,230,239,244,254,259,268,275,278,284,291,298,305,313,317,323,332,341,347,352,359,364,371,380,390,400,408,416,422,426,430,436,441,447,458,463,474,480,488,491,498,506,517,522,529,536,544,551,555,558,564,571,582,592,599,604,612,622,628,638,640,647,651,657,661,663,671,675,684,689,696,707,713,730,738,742,746,748,752,760,770,773,780,789,796,801,808,814,829,845,854,859,866,871,875,890,896,900,905,913,918,923,929,939,952,956,959,967,983
0,0,0,0,0,0,0,0,0,0,0,0,0,0,0,0,0,0,0,0,0,0,0,0,0,0,0,0,0,0,0,0,0,0,0,0,0,0,0,0,0,0,0,0,0,0,0,0,0,0,0,0,0,0,0,0,0,0,0,0,0,0,0,0,0,0,0,0,0,0,0,0,0,0,0,0,0,0,0,0,0,0,0,0,0,0,0,0,0,0,0,0,0,0,2,2,2,2,4,4,4,4,4,4,4,5,5,5,5,6,7,7,8,10,10,10,10,10,11,11,11,11,12,13,13,14,14,14,14,16,18,19,20,20,21,22,23,25,26,26,27,27,30,30,37,40,41,42,45,46,48,48,48,54,58,60,60,66,71,74,79,81,83,86,88,91,93,101,105,111,114,122,131,135,140,146,151,156,164,169,180,188,195,202,211,218,222,224,231,238,246,255,265,275,285,291,304,314,330,340,346,353,358,367,376,382,390,405,411,417,424,431,438,444,453,461,469,473,477,480,488,495,504,513,517,526,530,538,546,552,559,562,567,572,583,588,595,603,609,610,614,624,628,629,635,639,644,654,662,669,674,679,682,687,687,691,697,703,707,711,717,721,723,728,733,739,749,754,760,768,777,781,786,790,798,808,811,817,819,825,834,844,851,870,871,880,884,892,898,903,913,923,927,931,934,939,943,965,986,1020
0,0,0,0,0,0,0,0,0,0,0,0,0,0,0,0,0,0,0,0,0,0,0,0,0,0,0,0,0,0,0,0,0,0,0,0,0,0,0,0,0,0,0,0,0,0,0,0,0,0,0,0,0,0,0,0,0,0,0,0,0,0,0,0,0,0,0,0,0,0,0,0,0,0,0,0,0,0,0,0,0,0,0,0,0,0,0,0,0,0,0,0,0,0,0,1,1,1,1,1,1,1,1,1,1,1,1,1,1,2,2,2,2,2,2,2,2,2,2,2,2,2,2,4,5,5,5,6,6,6,6,6,6,8,8,10,10,10,10,11,13,14,15,17,18,18,19,20,21,21,24,24,28,31,34,38,39,40,43,43,43,44,50,54,55,55,56,60,64,69,75,83,87,94,98,106,116,123,131,136,144,149,155,160,166,172,175,179,188,198,205,216,222,229,236,242,250,257,267,277,282,294,296,305,315,322,327,333,338,346,353,357,366,374,379,387,397,405,411,420,426,437,441,454,463,470,477,482,490,498,505,509,519,522,532,535,543,554,560,564,570,578,582,588,595,599,605,613,626,629,636,642,652,660,666,671,678,685,696,705,711,716,724,728,730,732,735,741,747,751,753,760,763,770,776,781,787,792,801,816,820,822,832,837,844,846,855,861,865,869,896,938,948,968,983,984,988,996,997,1000
0,0,0,0,0,0,0,0,0,0,0,0,0,0,0,0,0,0,0,0,0,0,0,0,0,0,0,0,0,0,0,0,0,0,0,0,0,0,0,0,0,0,0,0,0,0,0,0,0,0,0,0,0,0,0,0,0,0,0,0,0,0,0,0,0,0,0,0,0,0,0,0,0,0,0,0,0,0,0,0,0,0,0,0,0,0,0,0,0,0,0,0,0,0,0,0,0,0,0,0,0,0,0,0,0,0,0,1,3,3,3,3,3,3,3,4,5,6,7,8,9,9,9,10,10,10,10,10,10,10,10,12,13,13,14,16,16,17,17,17,20,21,21,22,25,28,29,31,32,35,39,41,43,46,49,56,56,62,68,73,80,81,83,85,89,91,95,100,102,106,113,118,123,128,132,135,139,146,156,161,168,176,182,195,200,205,213,216,221,229,231,242,250,260,266,270,281,292,297,307,314,322,329,339,348,358,364,371,378,384,390,398,401,407,410,416,424,433,437,441,449,456,460,464,468,471,482,489,494,502,512,517,525,528,536,544,550,556,565,572,576,579,584,590,595,602,607,617,628,637,642,651,658,665,672,680,687,695,698,705,713,720,723,723,729,739,742,746,751,755,759,767,774,778,786,791,818,824,842,849,860,867,870,876,876,885,898,902,913,926,937,941,948,951,955,958,960,963,975,979
0,0,0,0,0,0,0,0,0,0,0,0,0,0,0,0,0,0,0,0,0,0,0,0,0,0,0,0,0,0,0,0,0,0,0,0,0,0,0,0,0,0,0,0,0,0,0,0,0,0,0,0,0,0,0,0,0,0,0,0,0,0,0,0,0,0,0,0,0,0,0,0,0,0,0,0,0,0,0,0,0,0,0,0,0,0,0,0,0,0,0,0,0,0,0,0,0,0,0,0,0,1,1,2,3,4,4,4,5,5,5,6,6,6,6,8,9,10,10,11,12,12,13,13,13,13,13,13,14,14,14,15,15,15,15,15,18,20,21,21,21,22,22,25,25,30,30,30,31,34,36,37,40,41,42,49,49,56,59,60,67,75,77,88,93,99,101,105,107,111,114,122,124,128,133,135,145,151,154,164,176,188,196,202,212,216,224,229,237,244,249,256,264,269,276,282,290,301,316,322,328,334,341,354,364,369,379,388,398,399,405,410,415,424,435,444,448,455,462,467,477,485,490,493,500,503,509,517,521,529,535,539,549,560,563,568,575,580,588,596,601,603,615,622,626,633,640,643,652,659,665,670,679,682,687,692,695,702,707,717,727,734,736,739,746,748,752,754,766,769,777,782,785,794,799,818,821,831,845,849,873,885,892,897,903,909,910,920,923,929,935,937,940,945,951,952,964,991,1001,1004
0,0,0,0,0,0,0,0,0,0,0,0,0,0,0,0,0,0,0,0,0,0,0,0,0,0,0,0,0,0,0,0,0,0,0,0,0,0,0,0,0,0,0,0,0,0,0,0,0,0,0,0,0,0,0,0,0,0,0,0,0,0,0,0,0,0,0,0,0,0,0,0,0,0,0,0,0,0,0,0,0,0,0,0,0,0,1,1,1,1,1,1,1,1,1,1,1,1,1,1,1,1,1,1,1,1,1,2,2,3,4,5,5,6,6,7,8,9,9,9,9,10,10,10,10,10,11,12,12,13,13,14,15,15,15,15,15,15,16,18,19,20,22,22,23,25,26,26,27,30,31,34,37,37,44,49,54,55,59,63,65,74,81,82,86,94,97,106,111,115,121,125,130,132,137,138,144,147,150,156,160,164,175,180,185,192,199,201,203,217,225,233,240,248,252,262,271,279,288,296,304,311,318,325,334,340,351,355,364,370,380,384,392,396,403,409,419,428,432,438,447,455,460,469,472,481,488,495,506,512,520,526,529,534,539,545,552,557,563,569,580,582,591,601,608,614,627,634,637,646,647,651,656,663,669,678,679,685,693,699,705,718,722,726,730,735,746,747,752,762,771,781,787,789,794,802,807,824,829,831,838,849,854,856,860,870,903,912,914,924,934,942,946,953,975,982,984,990,994,996
0,0,0,0,0,0,0,0,0,0,0,0,0,0,0,0,0,0,0,0,0,0,0,0,0,0,0,0,0,0,0,0,0,0,0,0,0,0,0,0,0,0,0,0,0,0,0,0,0,0,0,0,0,0,0,0,0,0,0,0,0,0,0,0,0,0,0,0,0,0,0,0,0,0,0,0,0,0,0,0,0,0,0,0,0,0,0,1,1,2,2,2,2,2,2,2,2,2,2,2,2,2,2,2,2,2,2,2,2,2,2,2,3,4,4,4,6,7,8,11,11,11,12,13,13,13,15,17,18,18,19,21,22,22,23,24,24,25,25,26,27,28,30,31,32,35,39,41,42,43,48,52,56,59,65,70,73,79,81,84,90,96,100,104,111,117,122,126,129,139,143,146,157,165,178,185,195,203,213,220,225,229,237,239,247,256,263,269,279,290,298,305,314,324,340,343,350,365,371,375,380,385,390,398,404,413,418,429,440,449,459,464,473,479,489,495,504,510,512,518,527,536,542,550,557,565,570,579,589,596,602,606,613,618,620,625,631,639,645,652,663,668,673,679,687,693,701,704,709,711,716,723,726,729,734,741,750,759,763,767,774,777,779,788,792,799,807,828,833,848,865,867,872,877,888,894,903,921,927,929,934,941,946,952,955,963,975,997,1016,1022,1028,1033,1045,1050,1056,1063,1069,1075,1081,1110
0,0,0,0,0,0,0,0,0,0,0,0,0,0,0,0,0,0,0,0,0,0,0,0,0,0,0,0,0,0,0,0,0,0,0,0,0,0,0,0,0,0,0,0,0,0,0,0,0,0,0,0,0,0,0,0,0,0,0,0,0,0,0,0,0,0,0,0,0,0,0,0,0,0,0,0,0,0,0,0,0,0,1,1,1,1,1,1,1,1,1,1,1,1,1,1,1,1,1,1,1,1,2,2,2,2,4,5,6,6,7,8,8,9,9,10,10,11,12,13,13,15,15,16,16,16,17,19,20,22,23,25,26,27,29,31,33,34,35,38,39,41,42,46,49,52,56,59,61,64,70,72,74,79,86,89,92,98,106,118,122,130,134,138,145,149,155,158,165,173,179,187,192,204,213,221,226,238,252,257,270,280,288,294,297,307,314,322,325,338,351,364,371,379,387,395,410,417,424,428,432,441,445,451,458,464,473,478,483,486,492,496,503,508,518,525,532,540,547,556,560,568,576,585,595,597,604,611,620,624,630,634,641,648,653,661,673,682,687,691,696,703,711,719,725,730,734,740,740,746,749,753,759,764,768,773,777,779,783,786,794,796,797,801,802,807,811,817,824,833,854,874,879,883,886,921,957,966,969,986,988,993,997,1002,1016,1032,1035,1037,1040,1044,1046,1051,1057,1066,1079,1093,1098,1105,1116,1123
0,0,0,0,0,0,0,0,0,0,0,0,0,0,0,0,0,0,0,0,0,0,0,0,0,0,0,0,0,0,0,0,0,0,0,0,0,0,0,0,0,0,0,0,0,0,0,0,0,0,0,0,0,0,0,0,0,0,0,0,0,0,0,0,0,0,0,0,0,0,0,0,0,0,0,0,0,0,0,0,0,0,0,0,0,0,0,0,0,0,0,0,0,0,0,0,0,0,0,0,0,0,0,0,0,0,0,2,3,3,3,4,4,4,4,5,6,6,6,6,6,6,6,6,7,7,7,8,8,9,11,12,15,18,19,19,20,22,23,25,25,25,25,27,31,33,34,35,36,39,39,42,42,44,47,53,54,60,66,71,74,77,85,88,90,95,95,104,109,120,127,135,144,150,161,169,179,185,191,201,209,219,221,229,234,242,252,257,266,276,282,289,296,300,309,321,331,338,345,352,359,367,377,380,386,393,404,410,417,424,429,436,444,455,467,474,476,481,487,496,499,503,511,515,524,529,537,546,550,558,565,570,581,590,598,605,613,618,623,627,634,641,645,649,655,664,670,677,683,689,693,699,703,708,714,718,723,726,729,734,736,737,744,748,759,767,772,786,791,795,800,803,812,816,825,833,836,854,867,873,874,880,886,898,907,917,924,925,932,937,957,960,964,978,990,1000,1005,1017,1025,1026
0,0,0,0,0,0,0,0,0,0,0,0,0,0,0,0,0,0,0,0,0,0,0,0,0,0,0,0,0,0,0,0,0,0,0,0,0,0,0,0,0,0,0,0,0,0,0,0,0,0,0,0,0,0,0,0,0,0,0,0,0,0,0,0,0,0,0,0,0,0,0,0,0,0,0,0,0,0,0,0,0,0,0,0,0,0,0,0,0,0,0,0,0,0,0,0,0,0,0,0,0,0,0,0,0,0,0,0,0,0,0,0,0,0,1,1,1,1,1,2,2,3,3,3,3,3,4,4,5,6,6,6,7,8,8,8,8,8,9,9,9,10,10,11,11,12,15,16,17,17,18,18,19,21,22,23,23,23,23,23,25,26,27,28,29,29,30,32,33,39,42,44,47,49,52,55,58,59,63,69,73,75,82,87,90,92,94,100,107,109,114,119,126,132,140,143,149,153,163,174,184,189,192,198,204,212,214,216,225,236,242,244,251,257,268,279,282,291,301,304,311,313,322,328,342,352,358,371,376,388,394,404,412,414,419,423,431,438,445,449,453,459,468,480,487,491,503,513,517,526,538,546,549,553,564,566,576,582,589,592,598,602,609,613,619,621,626,630,638,640,647,652,661,665,669,676,683,690,695,704,712,715,722,729,737,742,748,759,767,773,792,806,810,819,827,831,840,846,850,858
0,0,0,0,0,0,0,0,0,0,0,0,0,0,0,0,0,0,0,0,0,0,0,0,0,0,0,0,0,0,0,0,0,0,0,0,0,0,0,0,0,0,0,0,0,0,0,0,0,0,0,0,0,0,0,0,0,0,0,0,0,0,0,0,0,0,0,0,0,0,0,0,0,0,0,0,0,0,0,0,0,0,0,0,0,0,0,0,0,0,0,0,0,0,0,0,0,0,0,0,0,0,0,0,0,0,0,0,0,0,0,0,0,0,0,0,0,0,0,0,0,0,0,0,0,0,1,1,1,1,1,1,1,1,1,1,2,2,2,2,2,2,2,2,2,2,2,2,3,3,3,3,4,5,5,5,5,5,6,6,6,6,7,7,7,8,8,8,8,8,11,12,13,13,14,14,17,18,22,23,27,28,31,32,32,34,34,36,37,37,39,44,45,45,50,53,55,58,61,64,71,76,81,88,89,92,95,100,104,110,115,121,125,130,144,148,159,163,171,177,188,193,199,205,211,222,229,237,241,251,258,266,271,274,281,287,295,304,311,319,323,327,330,336,348,353,362,375,378,382,386,391,399,404,411,417,428,437,445,449,455,463,473,481,488,498,503,509,524,531,536,538,541,547,553,560,567,582,593,604,615,620,627,632,643,647,659,666,673,681,688,698,702,709,712,718,723,727,731,737
0,0,0,0,0,0,0,0,0,0,0,0,0,0,0,0,0,0,0,0,0,0,0,0,0,0,0,0,0,0,0,0,0,0,0,0,0,0,0,0,0,0,0,0,0,0,0,0,0,0,0,0,0,0,0,0,0,0,0,0,0,0,0,0,0,0,0,0,0,0,0,0,0,0,0,0,1,1,1,1,1,1,1,1,1,1,1,1,1,1,1,1,1,1,1,1,1,1,1,1,1,1,1,1,1,1,1,1,1,1,1,1,1,1,1,1,1,1,1,1,1,1,1,1,1,1,1,1,2,2,2,2,2,2,2,3,3,3,3,3,4,4,4,5,5,5,7,7,11,11,12,12,13,13,15,15,17,17,19,23,24,25,27,29,29,30,32,35,37,39,40,41,44,44,47,47,48,49,51,53,55,59,66,71,73,74,76,81,85,91,97,102,110,116,122,124,130,134,136,139,149,154,157,163,170,176,183,190,197,200,205,211,219,224,234,239,242,246,253,258,266,274,282,287,291,299,303,317,330,342,350,354,358,362,376,382,385,393,400,407,417,422,431,436,446,453,464,472,482,488,496,502,504,507,511,519,524,529,538,543,551,556,564,571,574,579,585,591,601,610,615,622,630,639,644,651,659,667,672,677,686,691,698,700,705,712,720,729,737,744,749,752,761,770,778,782,787,792,798,802
0,0,0,0,0,0,0,0,0,0,0,0,0,0,0,0,0,0,0,0,0,0,0,0,0,0,0,0,0,0,0,0,0,0,0,0,0,0,0,0,0,0,0,0,0,0,0,0,0,0,0,0,0,0,0,0,0,0,0,0,0,0,0,0,0,0,0,0,0,0,0,0,0,0,0,0,0,0,0,0,0,0,0,0,0,0,0,0,0,0,0,0,0,0,0,0,0,0,1,1,1,1,1,1,1,1,1,1,1,1,1,1,1,1,1,1,1,2,2,2,2,3,5,5,5,7,7,7,7,7,8,8,9,9,10,12,13,13,14,15,16,16,17,18,20,23,27,27,27,27,27,27,27,30,32,33,34,36,39,44,46,49,49,53,54,56,57,61,64,73,80,83,87,88,93,93,95,102,108,113,121,127,135,139,145,150,154,160,168,172,175,181,188,193,197,206,210,221,230,235,243,249,259,263,276,279,287,298,304,308,320,323,332,339,349,358,368,374,379,383,387,394,397,404,410,414,417,422,427,434,440,450,457,463,472,476,488,492,500,508,512,518,526,530,536,545,551,563,567,569,576,584,589,598,603,609,613,619,624,628,633,639,643,649,657,662,667,668,676,681,690,696,703,707,727,747,753,761,766,772,781,783,787,789,792,801,805,819,822,834,845,853,856,858,874,884,893,897,908,915
0,0,0,0,0,0,0,0,0,0,0,0,0,0,0,0,0,0,0,0,0,0,0,0,0,0,0,0,0,0,0,0,0,0,0,0,0,0,0,0,0,0,0,0,0,0,0,0,0,0,0,0,0,0,0,0,0,0,0,0,0,0,0,0,0,0,0,0,0,0,0,0,0,0,0,0,0,0,0,0,0,0,0,0,0,0,0,0,0,0,0,0,0,0,0,0,0,0,0,0,0,0,0,0,0,0,0,0,0,1,1,1,1,1,1,1,1,2,2,3,4,4,4,5,5,5,6,7,7,7,7,8,8,9,9,9,10,12,12,12,12,13,15,18,19,21,24,25,25,26,28,29,32,35,37,40,47,53,54,55,60,60,63,66,67,71,75,77,79,85,89,96,105,112,116,120,128,132,137,143,148,155,159,164,169,175,182,193,195,200,209,217,223,228,233,240,244,250,259,262,271,278,283,292,299,302,313,321,328,334,344,353,354,359,366,370,380,389,404,412,418,425,430,438,451,459,466,470,474,480,483,488,497,501,508,515,520,528,537,544,551,558,564,570,577,580,582,587,591,601,606,615,617,626,632,638,643,650,653,660,664,671,677,683,691,695,703,707,716,722,727,731,742,751,758,761,770,774,777,783,796,806,813,824,828,832,842,852,866,873,878,885,890,894,902,908,914,918,929,935
0,0,0,0,0,0,0,0,0,0,0,0,0,0,0,0,0,0,0,0,0,0,0,0,0,0,0,0,0,0,0,0,0,0,0,0,0,0,0,0,0,0,0,0,0,0,0,0,0,0,0,0,0,0,0,0,0,0,0,0,0,0,0,0,0,0,0,0,0,0,0,0,0,0,0,0,0,0,0,0,0,0,0,0,0,0,0,1,1,1,1,1,1,1,1,1,1,1,1,1,1,1,2,2,2,3,3,3,3,4,4,4,4,5,5,5,6,7,7,7,7,7,7,8,9,9,9,10,10,11,11,11,12,12,13,13,16,17,18,20,22,23,24,24,27,27,29,29,29,30,33,34,37,40,43,47,49,52,56,59,64,66,71,77,78,84,87,90,94,100,104,108,111,114,125,130,132,137,143,153,157,168,172,179,186,194,201,204,208,217,223,228,233,239,244,250,259,267,273,275,283,293,306,311,319,328,336,348,356,360,365,375,384,392,398,407,413,418,434,444,451,456,462,465,472,479,482,487,494,501,505,513,520,530,535,547,554,562,567,570,578,588,595,606,614,618,625,631,637,641,646,654,664,673,683,687,694,698,706,711,717,721,722,727,735,740,751,760,764,770,778,792,795,797,800,802,808,815,819,848,864,864,866,875,892,902,914,922,929,948,957,964,971,981,987,988,997,1005,1024,1025
0,0,0,0,0,0,0,0,0,0,0,0,0,0,0,0,0,0,0,0,0,0,0,0,0,0,0,0,0,0,0,0,0,0,0,0,0,0,0,0,0,0,0,0,0,0,0,0,0,0,0,0,0,0,0,0,0,0,0,0,0,0,0,0,0,0,0,0,0,0,0,0,0,0,0,0,0,0,0,0,0,0,0,0,0,0,0,0,0,0,0,0,0,0,0,0,0,0,0,0,0,0,0,0,0,0,0,0,0,0,0,0,0,0,0,0,0,0,0,0,0,0,0,0,0,0,0,0,0,0,0,0,0,2,2,2,4,5,5,5,5,5,6,7,7,7,8,9,9,9,10,11,11,12,13,13,14,14,15,15,19,19,19,20,20,20,20,21,22,22,24,25,25,26,28,28,29,29,29,31,36,40,41,41,43,46,46,47,49,52,54,60,64,66,73,78,81,85,90,98,101,103,106,108,110,117,123,128,134,140,148,154,162,166,174,179,184,190,197,201,206,211,215,223,227,229,235,240,251,255,261,270,275,279,287,295,303,317,326,337,344,351,359,368,374,385,387,395,404,412,419,428,436,444,453,457,465,468,473,483,489,496,503,512,517,519,521,530,537,545,548,557,563,574,581,587,594,603,611,620,624,630,637,646,650,654,665,673,680,686,694,698,708,712,722,729,735,742,747,755
0,0,0,0,0,0,0,0,0,0,0,0,0,0,0,0,0,0,0,0,0,0,0,0,0,0,0,0,0,0,0,0,0,0,0,0,0,0,0,0,0,0,0,0,0,0,0,0,0,0,0,0,0,0,0,0,0,0,0,0,0,0,0,0,0,0,0,0,0,0,0,0,0,0,0,0,0,0,0,1,1,1,1,1,1,1,1,1,1,1,1,1,1,1,1,1,1,1,1,1,1,1,1,1,1,1,2,3,4,4,4,4,4,4,5,5,6,7,10,10,10,10,10,10,10,12,12,14,14,14,14,16,16,17,17,17,17,21,24,26,27,29,32,33,36,36,37,39,41,43,46,50,50,53,55,59,63,64,65,70,77,83,90,95,97,101,107,113,117,126,131,136,141,146,149,154,158,162,168,176,181,183,189,197,204,210,219,222,224,230,237,240,246,254,261,264,272,280,283,294,305,311,319,330,336,339,345,353,363,366,371,377,383,395,404,412,417,422,433,439,444,453,463,466,477,485,489,496,503,510,517,526,533,537,541,548,554,557,565,569,575,579,584,590,600,605,615,618,626,631,639,643,651,655,658,665,672,679,686,690,701,705,715,722,727,733,739,742,748,769,775,782,789,796,802,809,825,842,846,853,867,871,875,885,892,900,910,918,938,948,962,973,976,980,986,993,1003,1010,1026,1037
0,0,0,0,0,0,0,0,0,0,0,0,0,0,0,0,0,0,0,0,0,0,0,0,0,0,0,0,0,0,0,0,0,0,0,0,0,0,0,0,0,0,0,0,0,0,0,0,0,0,0,0,0,0,0,0,0,0,0,0,0,0,0,0,0,0,0,0,0,0,0,0,0,0,0,0,0,0,0,0,0,0,0,0,0,0,0,0,0,0,0,0,1,1,1,1,1,1,1,2,2,2,2,3,3,3,4,4,4,4,4,4,4,4,4,6,7,7,7,9,10,13,13,13,15,15,16,16,18,19,20,20,20,23,24,29,29,30,32,34,34,36,38,40,41,45,49,50,52,55,59,61,64,66,67,71,76,82,86,93,96,102,106,109,118,121,128,139,146,151,157,159,163,165,173,179,188,196,199,205,215,222,232,241,251,259,263,267,275,282,290,305,314,323,331,341,348,349,352,359,368,376,386,398,405,419,424,433,439,449,458,467,470,476,484,487,494,502,505,512,522,529,531,538,542,549,553,560,565,576,585,590,597,609,615,616,625,629,636,640,645,654,662,669,674,682,689,695,701,704,713,718,725,732,739,747,750,759,765,769,774,777,784,789,794,801,808,810,817,843,847,849,857,863,867,879,889,894,901,907,932,943,951,956,967,975,983,993,1012,1028,1030,1036,1038,1044,1048,1052,1062,1069,1081,1087
0,0,0,0,0,0,0,0,0,0,0,0,0,0,0,0,0,0,0,0,0,0,0,0,0,0,0,0,0,0,0,0,0,0,0,0,0,0,0,0,0,0,0,0,0,0,0,0,0,0,0,0,0,0,0,0,0,0,0,0,0,0,0,0,0,0,0,0,0,0,0,0,0,0,0,0,0,0,0,0,0,0,0,0,0,0,0,0,0,0,0,0,0,0,0,0,0,0,0,0,0,0,0,1,1,1,1,1,1,1,1,1,1,2,2,2,2,2,2,2,3,3,4,5,5,6,6,7,7,7,7,7,8,8,8,9,9,9,10,11,11,16,16,17,19,21,23,26,28,30,31,33,34,35,38,40,45,48,51,59,64,66,68,72,79,83,89,97,99,103,108,111,120,128,129,130,138,144,151,154,161,168,175,176,182,190,196,204,208,214,218,232,240,247,255,263,271,278,283,289,303,310,315,321,335,344,353,360,362,369,375,381,386,393,397,403,411,415,425,430,435,442,455,463,473,480,487,492,505,513,526,531,541,546,551,557,564,572,582,585,593,600,604,609,614,622,629,636,646,652,657,664,669,675,683,691,695,707,712,715,717,722,729,734,741,746,750,757,774,793,803,808,817,824,830,834,837,845,853,873,887,887,892,895,900,912,916,921,932,936,947,954,982,988,994,997,1002,1008,1017,1022
0,0,0,0,0,0,0,0,0,0,0,0,0,0,0,0,0,0,0,0,0,0,0,0,0,0,0,0,0,0,0,0,0,0,0,0,0,0,0,0,0,0,0,0,0,0,0,0,0,0,0,0,0,0,0,0,0,0,0,0,0,0,0,0,0,0,0,0,0,0,0,0,0,0,0,0,0,0,0,0,0,0,0,0,0,0,0,0,0,0,0,0,0,0,0,0,0,0,0,0,0,0,0,0,0,1,1,1,1,1,2,3,3,4,4,5,5,5,7,8,9,9,9,10,11,12,12,13,13,14,15,16,17,20,21,21,21,24,24,26,31,33,34,40,40,40,41,42,45,47,53,57,57,58,65,66,69,70,77,82,88,93,99,104,109,116,117,124,131,140,146,150,159,168,175,182,186,195,204,207,217,222,232,237,244,253,258,262,268,278,285,291,296,300,308,315,322,328,338,347,351,354,363,371,377,383,387,397,401,406,411,414,417,424,431,439,447,456,460,471,477,482,490,497,506,514,521,532,537,541,546,557,560,564,570,578,583,589,596,608,616,619,624,633,640,647,653,659,670,682,687,692,699,702,707,712,722,728,740,743,746,754,758,765,771,779,786,788,796,805,811,815,820,822,839,854,859,864,880,885,893,898,920,925,927,941,950,956,975,978,997,1002,1025,1040,1048,1058,1061,1066,1075,1080
0,0,0,0,0,0,0,0,0,0,0,0,0,0,0,0,0,0,0,0,0,0,0,0,0,0,0,0,0,0,0,0,0,0,0,0,0,0,0,0,0,0,0,0,0,0,0,0,0,0,0,0,0,0,0,0,0,0,0,0,0,0,0,0,0,0,0,0,0,0,0,0,0,0,0,0,0,0,0,0,0,0,0,0,0,0,0,0,0,0,0,0,0,0,0,1,1,1,2,2,2,3,3,4,4,4,4,5,5,6,6,6,6,6,7,7,8,8,8,8,8,8,10,10,10,11,11,12,13,14,15,16,16,17,18,18,19,20,22,23,24,25,25,26,26,29,30,31,32,33,34,36,38,40,46,51,58,61,63,67,72,79,85,88,92,97,102,107,120,127,132,137,141,148,155,157,161,169,171,176,181,187,194,202,214,219,228,234,241,249,255,260,269,278,286,292,298,301,308,313,320,331,336,343,346,354,362,367,375,383,392,399,401,408,417,422,429,436,444,451,460,468,476,484,492,498,503,512,516,522,531,537,542,547,554,560,568,571,580,586,591,594,602,608,616,620,626,635,641,647,653,659,668,676,679,685,693,699,704,709,711,717,721,724,730,733,742,747,756,760,763,768,777,788,800,801,810,816,818,825,837,867,883,896,905,909,915,917,926,942,945,952,954,957,966,975,981,987,989,994
0,0,0,0,0,0,0,0,0,0,0,0,0,0,0,0,0,0,0,0,0,0,0,0,0,0,0,0,0,0,0,0,0,0,0,0,0,0,0,0,0,0,0,0,0,0,0,0,0,0,0,0,0,0,0,0,0,0,0,0,0,0,0,0,0,0,0,0,0,0,0,0,0,0,0,0,0,0,0,0,0,0,0,0,0,0,0,0,0,1,1,1,1,1,1,1,1,1,1,1,1,1,1,1,1,1,1,2,2,2,2,3,5,5,6,6,7,7,7,8,8,8,8,8,8,9,9,9,9,10,10,10,11,11,12,14,14,15,16,18,18,20,21,22,23,26,28,28,31,33,34,35,40,40,41,43,48,51,55,59,61,65,66,70,78,82,86,90,94,99,104,112,118,120,125,132,138,142,151,161,175,183,191,199,204,212,219,224,231,238,245,249,253,258,260,274,281,291,302,306,311,318,327,331,339,351,359,367,372,376,384,386,393,399,411,421,427,435,443,451,456,464,468,473,479,489,501,509,518,528,532,541,553,557,563,568,569,574,579,587,595,604,616,621,629,637,644,654,663,668,676,678,683,690,694,698,702,704,711,718,724,727,734,739,741,760,766,769,781,787,793,796,801,805,812,818,819,825,837,849,866,876,891,894,904,908,913,913,920,921,927,935,971,980,991,1005,1011,1015,1031,1040
0,0,0,0,0,0,0,0,0,0,0,0,0,0,0,0,0,0,0,0,0,0,0,0,0,0,0,0,0,0,0,0,0,0,0,0,0,0,0,0,0,0,0,0,0,0,0,0,0,0,0,0,0,0,0,0,0,0,0,0,0,0,0,0,0,0,0,0,0,0,0,0,0,1,2,2,2,2,2,2,2,2,2,2,2,2,2,2,2,2,2,2,2,2,2,2,2,2,2,2,2,2,2,2,2,2,2,2,2,2,2,2,2,2,2,2,2,2,2,2,2,2,2,2,2,2,2,2,2,2,2,2,2,2,2,2,2,2,2,2,2,2,2,2,2,2,2,2,2,2,2,2,2,2,2,2,2,2,2,2,2,2,2,2,2,2,2,2,2,2,2,2,2,2,2,2,2,2,2,2,2,2,2,2,2,2,2,2,2,2,2,2,2,2,2,2,2,2,2,2,2,2,2,2,2,2,2,2,2,2,2,2,2,2,2,2,2,2,2,2,2,2,2,2,2,2,2,2,2,2,2,2,2,2,2,2,2,2,2,2,2,2,2,2,2,2,2,2,2,2,2,2,2,2,2,2,3,3,3,3,3,3,3,3,3,3,3,3,3,3,3,3,3,3,3,3,3,3,3,3,3,3,3,3,3,3,3,3,3,3,3,3,3,3,3,3,3,3,3,3
0,0,0,0,0,0,0,0,0,0,0,0,0,0,0,0,0,0,0,0,0,0,0,0,0,0,0,0,0,0,0,0,0,0,0,0,0,0,0,0,0,0,0,0,0,0,0,0,0,0,0,0,0,0,0,0,0,0,0,0,0,0,0,0,0,0,0,0,0,0,0,0,0,0,0,0,0,0,0,0,0,0,0,0,0,0,0,0,0,0,0,0,0,0,0,0,0,1,1,2,2,2,3,3,4,4,4,6,7,8,8,8,8,9,9,9,10,10,10,10,10,10,12,12,13,13,13,14,14,14,15,15,15,17,19,19,19,20,22,23,24,25,26,31,31,34,37,39,41,42,44,44,45,49,52,53,59,61,65,69,73,79,85,90,94,101,104,107,111,114,116,118,122,124,129,136,141,151,156,162,168,175,187,195,207,214,220,224,231,238,248,253,260,269,276,289,293,297,306,313,316,319,321,326,328,337,343,349,358,363,369,374,377,382,391,399,405,424,434,441,446,460,467,478,485,497,505,509,514,524,529,541,549,561,567,577,586,593,595,599,607,616,620,626,635,645,649,651,653,659,666,672,682,690,695,699,704,709,717,718,725,732,740,745,755,759,764,769,775,779,784,791,800,805,816,831,846,858,860,877,892,894,901,917,922,929,939,942,948,950,957,962,965,972,976,986,1003,1009,1012,1033
0,0,0,0,0,0,0,0,0,0,0,0,0,0,0,0,0,0,0,0,0,0,0,0,0,0,0,0,0,0,0,0,0,0,0,0,0,0,0,0,0,0,0,0,0,0,0,0,0,0,0,0,0,0,0,0,0,0,0,0,0,0,0,0,0,0,0,0,0,0,0,0,0,0,0,0,0,0,0,0,0,0,0,0,0,0,0,0,0,0,0,0,0,0,0,0,0,0,0,0,0,0,0,0,1,1,1,2,2,2,2,2,2,3,3,3,3,3,3,3,4,4,6,6,8,9,11,11,13,14,15,16,17,17,19,20,22,23,23,24,25,25,25,26,27,29,30,32,34,38,40,43,44,46,51,57,63,67,72,76,77,82,83,86,94,95,99,104,112,117,125,127,138,143,146,151,157,163,166,180,182,185,191,198,201,206,209,213,226,234,243,247,256,259,267,276,286,294,300,307,313,319,323,335,341,349,356,360,366,377,389,397,407,412,413,420,423,428,439,447,456,465,475,480,489,494,497,504,509,521,525,529,534,537,542,547,556,566,574,583,589,594,597,607,614,618,623,631,638,647,656,660,670,677,680,683,689,692,704,708,713,715,718,725,733,743,748,759,768,775,786,795,804,809,815,817,832,840,844,849,859,870,871,876,884,889,896,913,930,940,944,949,962,981,988,996,1004,1017,1023,1027
