0,23,2,4,3,2,0,0,1,1,3,1,3,29,2,4,1,20,18,0,25,2,3,2,1,2,3,4,2,0,1,2,1,1,0,1,0,17,15,25,3,2,3,2,0,0,25,27,2,1,0,2,4,1,1,0,0,0,2,25,0,0,1,2,32,2,25,1,3,0,28,0,1,31,41,0,0,0,20,29,25,0,0,1,6,0,0,13,19,3,21,1,19,1,0,12,0,14,0,18,2,1,1,2,4,21,1,31,0,3,30,20,0,25,0,0,12,1,23,1,16,15,2,3,23,0,3,12,23,21,4,0,21,19,20,0,24,3,16,28,0,2,3,3,19,23,0,18,1,28,2,3,0,0,4,12,0,4,0,2,3,1,3,30,24,2,18,0,0,26,5,0,0,1,2,3,25,2,4,14,4,0,4,1,21,17,3,4,1,33,4,0,1,25,3,2,6,0,0,0,0,0,35,2,13,2,3,29,1
1,19,45,25,28,0,2,2,3,24,3,17,5,0,15,26,1,30,0,0,4,4,0,5,2,2,3,0,25,3,20,0,2,3,23,20,2,2,24,21,2,15,0,22,0,20,3,2,3,3,10,17,2,6,2,5,27,1,1,24,1,0,22,0,0,3,2,17,2,1,0,30,0,2,22,0,22,2,0,1,26,16,4,0,2,3,3,11,4,3,23,3,37,1,32,20,1,0,2,0,0,2,27,3,2,2,6,25,22,24,0,1,3,0,0,4,2,36,1,23,1,1,20,2,4,23,26,13,4,6,17,2,23,1,3,4,29,3,3,4,3,3,2,17,1,2,0,2,3,22,0,0,3,3,29,3,4,4,15,4,1,1,29,18,0,1,6,6,24,1,1,31,2,3,4,16,22,2,16,44,2,29,0,20,4,0,21,22,19,25,2,3,24,1,11,6,31,25,11,0,22,5,3,0,4,13,3,3,3
21,1,1,5,4,2,0,3,4,4,0,2,31,5,13,2,0,0,2,2,11,1,20,26,12,22,0,0,0,1,0,22,0,14,4,8,2,2,18,0,2,20,2,4,29,2,1,2,4,29,2,1,22,32,0,1,19,4,2,1,0,28,24,2,0,0,5,0,3,16,6,2,18,6,35,0,1,1,0,23,12,3,23,17,0,30,2,20,20,30,4,0,2,19,0,39,2,1,1,23,42,1,2,1,5,1,1,4,1,16,1,1,19,24,30,0,2,0,1,0,4,6,6,2,0,1,23,5,0,21,0,1,2,18,1,4,2,0,0,4,0,19,1,2,1,1,0,5,3,4,3,2,3,26,1,2,3,5,10,1,3,0,1,1,4,11,4,23,0,3,3,20,0,1,0,1,5,2,6,3,1,32,3,25,1,0,1,22,0,4,2,0,0,0,1,2,20,17,17,3,14,23,3,9,9,2,1,0,14
31,4,1,29,0,1,1,1,0,1,17,0,33,0,1,0,3,1,24,2,3,31,0,1,18,21,1,1,0,22,0,0,2,19,2,24,1,0,27,32,4,16,21,1,2,1,3,20,3,28,8,1,2,5,7,0,32,3,41,1,6,3,0,0,28,26,4,1,28,5,0,0,3,49,0,2,24,40,19,2,0,3,3,27,1,0,1,6,37,19,1,21,33,12,18,28,6,1,2,1,21,2,28,6,29,2,41,18,0,2,34,3,30,7,0,4,32,3,33,1,19,3,4,4,2,2,5,18,6,13,0,6,13,21,2,0,4,1,2,3,39,0,0,1,1,8,0,20,1,0,2,4,4,6,1,3,1,1,3,40,32,6,1,26,10,27,26,0,1,0,15,2,23,0,4,3,19,2,9,2,29,35,18,4,2,27,1,5,0,23,34,23,28,29,32,5,4,5,27,29,23,0,30,17,0,3,0,39,3
1,4,1,3,3,3,21,1,0,1,1,10,16,13,14,11,1,22,14,1,0,5,10,2,21,0,10,2,2,2,1,2,3,7,2,0,21,2,2,2,0,1,12,1,3,4,0,1,2,2,0,3,0,0,0,0,3,2,0,1,1,1,3,2,2,7,0,2,13,2,28,0,28,3,3,3,2,26,1,25,4,1,26,19,4,16,23,1,1,2,0,1,2,0,0,30,4,0,1,3,3,0,23,36,2,4,1,18,2,10,4,20,11,0,2,3,21,20,19,1,0,25,4,3,0,1,1,0,2,8,4,4,9,26,12,3,25,3,3,0,1,3,7,21,0,1,1,22,2,32,2,3,1,22,27,9,0,0,1,3,11,1,3,17,14,7,0,0,2,16,2,4,3,1,4,2,29,14,1,5,5,25,2,0,1,0,2,1,4,0,19,11,0,15,12,4,0,0,1,0,0,2,0,9,0,2,2,4,0
6,9,3,0,21,20,1,19,7,2,0,0,21,1,1,8,0,9,2,4,34,18,0,3,6,4,0,12,2,2,2,24,4,2,22,31,0,14,4,3,0,2,2,0,19,0,10,3,1,21,0,2,0,1,2,0,7,1,4,1,4,3,5,14,2,10,41,18,5,1,2,1,2,1,2,0,29,24,1,1,17,4,0,2,1,15,3,0,2,29,25,1,1,25,1,23,20,2,0,6,1,0,0,0,18,0,1,3,0,1,4,8,2,1,1,0,0,2,0,0,4,21,2,35,1,19,2,5,26,3,19,1,33,1,4,3,3,0,2,21,21,27,3,0,0,21,1,1,1,3,3,5,0,0,0,23,4,4,1,2,28,0,27,2,23,25,1,0,5,1,2,23,24,0,4,30,0,0,24,5,0,0,3,23,28,4,11,1,26,34,0,2,6,5,0,0,28,8,0,1,4,21,2,2,26,5,6,16,0
2,19,0,25,4,24,0,1,4,2,4,2,0,3,13,0,41,24,0,15,3,0,2,23,4,0,3,1,0,18,2,2,16,0,0,2,3,1,0,7,2,1,30,3,0,1,17,33,2,0,45,4,0,3,9,3,2,24,31,0,14,5,18,2,14,0,0,11,4,5,15,1,23,26,33,15,1,0,2,30,2,1,4,1,2,1,4,1,20,3,36,1,0,3,1,2,2,14,1,0,20,33,2,4,9,2,28,1,4,27,21,0,1,4,0,0,18,0,2,23,1,23,37,0,3,3,4,43,7,4,1,3,1,0,22,10,29,2,6,6,1,4,1,1,20,22,4,40,4,2,4,3,13,0,3,21,21,4,29,1,3,1,28,2,0,20,2,3,4,23,26,0,0,20,29,0,2,4,3,3,15,0,21,14,0,1,3,1,0,1,0,2,6,3,3,2,2,1,14,5,25,3,8,2,2,1,3,2,0
21,0,8,2,1,1,3,0,30,1,33,2,6,10,30,3,2,5,1,2,1,17,4,2,31,1,0,3,1,1,29,4,1,3,2,0,20,3,13,13,1,3,15,1,19,17,26,29,12,31,26,22,4,2,1,1,4,4,14,11,31,1,17,2,1,1,2,23,2,25,3,22,30,0,0,4,4,3,23,1,1,0,4,4,2,0,6,2,14,21,3,1,19,5,1,11,4,5,4,1,1,1,20,24,6,20,0,2,3,3,2,17,22,16,2,8,15,27,16,31,4,1,26,3,22,1,2,1,1,2,0,2,0,11,39,2,1,11,20,1,3,2,5,4,17,3,6,21,1,0,0,21,4,1,1,0,5,4,0,1,0,0,0,17,1,2,32,4,1,0,26,24,28,5,11,3,7,0,1,37,4,14,1,2,27,0,8,10,4,2,1,0,1,3,1,3,3,19,20,0,0,3,25,18,2,0,2,18,0
17,11,2,0,16,0,39,32,23,6,2,23,22,36,2,3,4,2,46,28,0,3,1,32,5,16,0,1,3,2,2,4,0,3,1,1,39,4,4,2,3,0,2,18,0,1,1,3,10,0,2,5,2,1,1,9,11,1,24,5,17,0,0,27,31,0,14,8,0,31,0,2,1,17,4,3,30,0,14,3,23,4,1,1,1,0,22,3,0,2,0,5,23,15,2,17,14,25,0,1,3,19,3,0,2,3,1,10,21,0,2,2,29,2,4,21,0,25,24,21,24,0,3,0,36,24,21,3,1,2,1,2,16,24,2,14,0,0,1,26,0,0,4,0,3,0,1,0,4,28,2,20,16,1,0,2,2,18,26,17,5,19,5,2,2,1,29,5,24,3,4,1,1,2,13,1,13,4,21,1,4,4,3,20,4,31,0,33,1,15,2,0,18,21,20,23,3,30,30,26,0,1,10,3,2,3,3,0,6
3,46,1,20,0,0,0,1,1,4,17,22,15,4,4,11,20,1,8,0,3,29,3,13,1,2,0,24,5,1,1,3,6,33,12,3,1,0,3,3,2,2,11,1,2,4,1,31,26,3,1,0,3,2,4,3,2,5,2,2,1,0,2,1,35,0,15,34,29,1,3,2,24,30,2,1,2,2,36,2,19,0,0,1,15,5,4,1,0,1,4,1,2,0,27,2,26,2,2,3,1,2,1,3,2,20,4,5,1,0,15,8,3,0,5,5,28,2,0,6,3,1,2,3,0,1,0,2,3,7,3,0,7,18,1,2,1,2,0,0,0,15,0,25,38,0,3,3,11,1,28,3,0,0,3,21,0,3,20,0,2,4,21,1,30,18,0,24,1,1,0,2,14,0,13,3,6,4,5,2,13,28,1,4,4,0,3,0,37,34,19,0,2,2,3,6,1,31,33,0,2,1,3,1,0,22,24,24,28
3,3,23,1,3,2,25,0,2,4,20,2,13,2,0,2,33,4,24,2,0,0,2,2,0,28,0,25,0,1,2,18,3,0,23,4,22,2,32,41,1,21,1,3,0,0,30,0,0,1,8,1,1,20,0,0,2,10,3,3,21,11,12,5,2,0,2,3,2,1,24,0,0,2,3,2,2,6,3,13,0,0,3,15,0,30,0,0,1,0,0,31,4,29,1,2,0,6,32,23,0,15,4,25,2,2,2,4,0,0,3,3,13,0,2,0,3,13,26,1,0,3,1,7,1,3,20,1,20,0,0,2,2,25,1,0,14,0,1,18,1,0,3,14,2,17,1,0,3,1,38,3,17,2,0,0,1,1,1,0,2,35,3,2,32,1,25,0,1,0,1,1,3,2,2,1,0,2,22,15,29,0,4,4,0,1,13,8,3,26,1,2,2,18,1,2,2,0,1,2,2,1,14,0,2,34,22,4,2
1,2,0,0,1,0,1,1,0,24,2,5,3,1,1,2,23,14,29,3,1,16,4,1,1,5,2,21,3,1,27,1,3,1,2,1,1,5,3,21,4,5,1,21,3,1,3,2,22,3,26,2,2,18,9,27,3,1,6,0,0,1,0,3,2,20,0,4,2,4,1,22,0,24,1,4,3,19,2,0,4,33,4,2,19,5,3,1,3,1,1,24,37,4,14,1,1,0,2,20,2,24,0,5,2,3,1,1,0,1,11,34,2,3,0,12,0,22,2,2,1,2,3,9,0,4,29,2,2,18,0,0,5,2,4,16,2,30,22,19,0,1,0,1,2,2,26,0,22,2,11,5,31,5,12,5,1,3,1,24,2,20,3,1,2,0,1,2,3,22,4,3,21,1,2,25,4,0,19,0,23,0,21,3,0,4,29,22,1,1,15,14,1,1,4,2,23,3,26,0,2,0,3,1,1,1,1,3,4
0,0,26,7,0,1,19,22,23,2,3,0,31,1,3,2,1,0,32,0,0,4,1,1,19,0,4,3,20,0,16,3,1,25,4,2,3,1,26,0,22,3,2,1,23,22,2,2,1,17,0,6,2,1,1,0,0,2,20,3,1,3,1,2,33,2,2,26,0,0,23,0,1,5,2,1,0,0,19,24,29,8,1,28,1,2,1,1,10,4,3,2,2,37,32,2,2,3,3,2,10,4,2,4,2,3,2,26,3,3,16,1,1,0,21,5,17,0,19,2,3,2,1,39,3,1,3,1,3,3,33,1,1,1,2,6,3,3,17,0,0,0,2,0,1,3,2,2,1,26,0,4,19,0,28,1,1,1,4,1,15,1,4,11,3,2,31,34,0,0,0,36,1,1,8,12,0,0,1,2,3,13,4,36,0,3,5,1,3,36,6,3,14,2,24,3,4,6,26,1,1,2,6,24,0,0,2,3,0
0,2,3,0,2,25,2,2,38,27,0,1,1,11,0,7,9,0,2,2,4,21,1,1,21,3,2,0,16,3,15,34,5,3,19,25,0,0,0,2,1,3,5,19,17,1,26,3,2,4,3,0,3,4,22,13,4,0,2,0,0,26,2,11,1,4,1,27,15,20,12,23,16,1,4,0,0,28,23,4,21,10,18,2,3,3,1,3,4,1,0,0,24,32,2,35,2,3,1,30,1,4,1,5,0,0,4,2,0,4,1,0,1,28,1,0,25,1,18,1,5,2,1,3,0,18,4,1,3,30,2,3,4,0,13,26,2,3,4,5,6,23,2,0,3,13,2,0,1,1,2,2,1,1,27,2,21,1,2,2,2,1,41,4,2,1,0,3,2,19,0,0,28,29,3,0,17,3,3,0,21,0,19,39,4,12,1,1,20,2,3,29,2,2,0,3,1,0,6,26,18,1,1,2,0,1,0,4,17
10,5,4,2,4,2,20,0,0,2,5,1,4,26,0,3,0,19,36,1,3,2,3,0,1,1,0,4,5,0,4,1,0,0,0,0,2,1,1,0,0,20,26,3,31,7,3,2,30,0,6,0,3,3,0,4,26,36,2,2,2,27,3,1,2,0,3,0,0,3,1,1,3,1,21,2,1,1,0,23,27,3,6,2,0,4,4,0,0,3,0,0,4,30,3,1,2,2,0,27,2,30,0,14,0,0,18,2,3,1,1,0,13,4,0,18,1,2,20,28,20,1,3,1,2,0,2,3,10,26,3,3,4,0,2,3,3,21,5,19,3,30,24,25,3,2,10,1,20,0,4,3,11,1,0,6,40,0,17,5,2,1,5,0,3,31,0,28,2,0,3,2,0,0,0,1,0,5,14,1,26,19,0,1,19,1,25,31,2,5,33,0,3,1,36,1,0,2,6,0,3,3,28,24,0,1,0,19,31
2,16,5,5,1,3,1,28,2,16,3,37,1,0,1,0,5,10,13,3,37,2,26,2,6,12,23,1,1,3,4,1,7,26,4,3,2,1,2,2,2,2,2,2,23,1,0,3,25,2,3,3,3,37,4,36,2,2,11,6,2,2,27,3,1,1,26,25,2,3,14,5,3,6,0,2,1,38,1,1,18,0,3,23,30,1,19,2,32,19,3,0,2,33,4,23,2,20,0,1,3,3,0,1,38,6,1,1,20,0,1,2,2,20,1,7,1,25,4,3,4,3,3,5,2,20,2,3,1,2,0,5,2,1,1,1,0,0,2,25,22,1,2,5,29,0,1,29,0,4,4,18,34,1,3,10,19,4,0,5,3,22,0,2,2,1,5,0,1,2,19,6,4,43,6,3,5,3,3,0,6,1,42,0,3,6,19,30,25,3,3,28,28,1,1,35,24,25,32,0,3,21,0,0,1,4,0,24,33
7,1,24,4,35,1,4,19,3,1,25,23,0,0,27,17,0,0,0,0,5,0,0,1,31,27,1,20,3,1,0,11,20,2,3,1,0,1,27,16,4,1,4,3,0,0,1,14,1,17,1,0,1,2,2,2,1,4,13,0,2,4,2,0,0,0,0,5,35,0,15,2,0,0,1,1,14,1,1,15,28,2,37,1,2,2,0,5,2,29,4,2,0,2,18,1,2,0,0,2,0,1,25,0,0,37,8,17,0,27,27,5,1,2,2,3,4,0,0,32,1,28,0,1,2,30,0,3,1,3,1,0,27,16,0,1,5,1,19,2,2,1,6,1,3,0,2,1,1,2,0,1,5,37,1,0,1,24,0,2,14,0,3,0,3,3,1,7,1,5,2,4,1,24,0,1,34,23,0,24,0,1,3,0,1,3,1,4,25,4,33,2,1,0,22,0,2,29,19,3,2,22,5,0,0,0,3,2,21
0,0,30,0,5,18,5,5,3,5,4,19,35,5,1,4,3,11,1,0,2,25,5,2,6,25,1,0,0,29,0,2,0,27,6,9,0,2,0,18,1,0,21,3,30,1,1,0,0,0,32,5,1,12,1,1,1,3,3,3,7,4,0,0,6,0,25,4,3,1,2,1,0,17,1,1,2,1,0,0,1,27,2,14,0,2,2,36,0,1,19,1,1,19,1,2,25,1,3,4,3,1,0,19,0,0,2,0,2,15,2,0,22,31,18,6,23,6,19,42,0,16,34,0,5,10,0,0,3,16,1,17,44,2,2,23,19,1,4,0,5,2,24,6,23,1,0,18,25,3,2,11,18,4,24,0,1,4,1,30,16,16,1,2,19,15,1,1,19,17,1,8,1,14,1,8,1,3,31,18,16,13,2,31,10,2,2,13,9,5,25,0,1,1,1,20,30,35,39,19,4,0,1,4,2,0,33,1,0
1,0,0,6,20,39,0,2,1,1,32,2,22,22,3,26,0,2,2,1,11,0,26,34,24,2,29,1,0,28,23,0,3,2,1,0,22,1,2,4,3,34,33,4,8,1,14,40,4,0,1,4,6,1,0,2,3,0,11,1,12,1,19,23,2,14,36,23,2,2,1,2,0,3,1,0,0,1,3,0,28,1,0,1,4,20,3,20,3,0,2,15,16,1,0,1,5,4,34,0,3,17,4,16,1,2,19,3,3,1,10,2,16,0,24,3,17,2,1,0,1,3,1,24,4,32,2,6,3,5,1,0,2,0,5,2,3,0,3,3,4,5,1,17,0,4,14,2,1,0,21,23,28,1,4,1,2,1,1,2,3,1,1,2,0,4,2,2,1,0,41,15,3,4,5,2,3,2,6,1,11,0,5,2,1,0,8,35,19,0,2,4,27,21,4,2,1,6,12,20,2,2,11,1,3,3,1,0,49
5,23,29,31,2,3,3,21,0,0,14,25,1,27,1,18,2,4,4,3,6,21,4,4,1,1,0,2,26,19,25,2,2,1,32,0,0,9,1,4,1,3,0,24,1,20,2,2,0,0,2,3,13,2,9,16,19,14,4,0,2,19,2,27,1,21,18,35,0,27,25,0,22,3,2,1,0,23,6,1,29,1,12,33,0,1,1,4,0,27,2,0,1,1,4,6,4,0,0,0,6,27,0,2,7,12,37,0,5,5,3,2,1,0,1,27,15,2,3,2,1,7,2,2,1,2,0,18,23,1,1,4,2,0,2,0,3,2,0,34,0,0,0,18,3,1,20,3,0,0,3,2,1,4,1,24,0,2,26,3,1,21,1,0,3,3,1,26,0,23,3,1,1,3,23,0,0,29,0,0,0,0,6,0,0,2,4,2,2,26,15,1,3,1,2,3,5,0,3,2,17,0,2,2,15,20,3,0,1
0,3,5,2,11,1,26,23,22,1,1,0,3,7,2,5,4,4,2,29,3,23,27,5,5,4,1,3,34,2,36,1,36,6,24,1,1,2,6,3,3,5,2,8,0,3,28,3,0,3,4,6,2,3,0,20,3,3,4,3,3,19,28,33,3,1,19,4,25,38,3,1,0,6,1,0,16,29,26,1,0,6,4,14,4,30,26,2,1,1,5,0,18,1,3,1,1,1,2,2,13,0,2,0,1,17,3,17,3,6,22,2,3,1,3,3,8,3,2,20,36,3,14,2,2,2,2,4,3,2,23,0,9,1,22,18,1,32,3,19,17,2,1,38,15,2,29,2,28,18,29,1,25,2,31,18,13,27,3,1,4,13,2,27,4,4,0,0,4,2,1,0,0,2,38,20,20,23,1,2,10,23,20,4,0,0,1,26,3,0,1,23,24,2,17,18,30,0,25,1,3,1,5,2,2,1,18,1,40
0,4,2,4,3,33,19,3,32,2,3,2,2,23,5,2,5,4,16,0,3,4,25,34,4,35,2,4,4,2,4,2,21,1,24,4,4,3,1,1,2,5,19,21,30,2,0,1,3,1,1,7,22,0,3,3,1,32,31,0,1,13,2,14,0,3,1,0,37,32,22,2,0,2,2,3,3,23,0,1,41,4,28,5,2,32,26,6,5,1,3,22,23,29,2,1,3,3,1,24,0,5,31,3,1,3,3,8,1,29,1,25,2,1,1,37,2,1,20,1,1,20,1,36,0,2,1,36,2,6,3,1,5,3,31,0,1,24,3,7,0,4,0,4,0,0,4,33,3,23,25,0,40,11,0,18,3,1,25,2,0,5,2,0,12,3,18,1,1,4,46,21,20,24,2,27,5,22,2,0,16,24,2,0,18,2,1,17,4,0,3,1,26,0,30,41,14,2,0,0,1,2,19,21,2,27,21,0,0
0,4,2,5,1,1,3,0,4,10,1,4,18,1,24,0,4,21,2,5,31,2,13,1,2,2,6,1,4,9,21,3,1,21,7,22,2,4,5,29,3,1,2,0,1,4,0,2,24,2,1,2,5,20,2,1,20,2,2,0,23,0,14,30,2,3,25,4,2,2,16,4,1,1,2,2,2,28,1,2,1,21,2,12,16,2,39,3,1,6,32,4,3,2,3,3,27,4,1,3,1,5,0,1,2,5,11,1,2,3,3,0,0,2,18,1,0,2,1,6,30,0,6,21,33,22,3,16,2,1,20,14,21,4,3,0,2,0,2,4,0,15,3,8,3,18,0,3,0,32,7,2,4,37,0,0,0,1,4,3,17,31,3,22,30,2,8,1,0,5,39,1,5,21,4,2,1,0,0,0,18,5,25,4,6,2,2,0,1,3,10,2,3,0,2,26,0,0,15,2,0,1,2,15,3,1,1,1,6
10,4,2,0,3,1,1,16,3,1,1,18,2,0,3,1,2,17,2,2,2,35,10,17,2,1,0,0,2,30,4,2,1,26,4,0,0,0,2,1,2,3,2,1,0,2,2,28,4,0,20,0,5,0,26,3,5,5,1,26,3,2,16,0,0,0,2,3,0,4,20,24,5,27,0,0,1,14,0,1,3,25,26,2,4,34,34,5,0,0,0,1,13,1,28,4,2,2,29,1,22,31,13,29,24,4,9,18,0,1,17,21,1,0,0,2,11,2,2,0,0,30,0,30,1,2,2,23,20,0,3,31,2,3,1,2,2,2,2,2,0,5,22,1,1,0,0,3,5,18,1,0,0,1,15,0,0,23,2,31,30,1,26,5,2,2,26,1,22,0,3,26,2,2,2,4,17,4,0,2,3,21,8,20,2,0,1,0,1,2,32,2,18,25,3,18,23,36,0,1,0,20,33,21,1,25,2,2,3
25,21,2,2,1,21,0,0,1,1,0,3,3,20,5,1,1,29,2,24,0,2,2,15,29,22,2,1,0,18,2,13,1,1,22,27,3,3,1,0,0,28,1,0,1,1,0,1,0,2,2,0,2,0,1,37,4,3,2,1,3,1,1,0,2,2,3,0,28,1,2,2,27,22,1,2,1,7,0,1,24,1,21,4,13,2,0,1,11,0,19,5,1,30,3,2,3,3,2,11,0,4,2,23,17,0,17,26,1,17,20,0,1,36,26,4,3,1,5,1,0,1,16,22,2,0,26,28,1,2,0,2,36,3,14,0,23,0,1,36,3,34,2,0,2,27,0,1,2,5,20,4,2,1,1,2,0,1,3,3,2,33,3,1,12,2,2,0,1,2,3,9,4,0,0,33,28,12,0,22,0,0,4,3,2,2,0,21,6,26,1,1,28,23,32,11,0,0,3,2,4,2,2,1,3,16,4,1,2
18,5,23,2,0,1,1,3,0,19,4,30,20,0,0,16,7,24,0,1,0,5,0,4,26,2,1,2,11,0,12,21,24,21,2,2,1,2,35,2,4,32,21,2,0,1,0,16,0,1,1,0,25,1,2,2,0,1,4,0,1,3,2,22,23,27,5,1,2,1,1,0,13,32,0,5,1,2,12,0,25,2,3,23,0,1,5,3,20,1,3,0,19,0,0,1,1,2,3,2,1,2,2,1,14,4,2,29,13,2,2,3,0,31,35,1,19,0,0,0,27,4,0,0,28,1,0,1,2,5,2,1,4,0,29,1,1,5,25,1,2,0,17,0,1,13,1,0,21,3,10,14,2,21,25,14,2,3,12,8,15,3,0,30,30,0,1,0,1,10,3,0,1,1,35,2,1,4,39,0,0,27,33,0,29,0,1,34,3,26,2,2,0,6,32,0,0,3,2,1,2,3,27,2,0,2,23,5,0
25,25,0,23,1,1,1,0,20,1,2,1,18,21,2,2,25,5,0,18,3,17,7,3,3,30,18,1,1,26,2,0,0,20,2,39,29,0,28,1,3,0,1,3,25,3,0,5,23,0,0,2,34,16,0,6,25,3,4,0,6,34,1,4,2,3,31,0,1,0,3,4,2,1,4,25,15,1,14,0,33,5,3,4,32,2,24,5,22,2,0,1,0,0,3,6,22,20,0,0,1,2,6,1,29,19,13,6,1,1,22,1,0,2,1,0,23,6,0,0,3,18,4,2,1,0,18,0,1,20,5,6,3,2,0,3,20,1,2,19,1,3,4,2,11,3,0,0,2,36,0,28,1,23,10,43,17,3,2,1,3,0,2,24,1,1,1,24,31,0,4,4,2,5,0,13,1,1,4,25,3,0,31,1,0,21,1,2,2,31,37,1,3,3,29,2,5,30,2,1,0,1,30,29,1,1,23,20,28
16,2,0,16,9,2,2,5,0,1,0,1,31,2,0,5,3,2,2,0,3,0,2,4,3,1,2,3,17,31,0,2,4,1,31,6,26,0,3,25,2,3,0,3,0,36,0,0,20,0,4,5,4,4,30,24,10,3,32,3,12,30,0,0,24,24,1,37,0,1,4,5,25,19,0,25,11,0,12,0,15,4,0,1,1,9,2,34,0,3,6,0,0,0,0,1,20,12,0,0,0,33,9,6,0,1,3,3,4,21,0,1,30,0,0,1,1,4,1,2,1,4,28,1,2,1,27,3,4,1,3,18,2,4,25,3,2,12,1,1,1,2,30,0,0,3,0,1,2,2,29,3,23,0,27,1,19,0,0,0,2,2,0,3,3,0,3,0,1,5,27,2,36,1,2,2,5,1,26,29,22,4,2,2,37,3,28,3,2,3,3,2,2,1,2,1,2,0,4,0,2,5,1,21,9,1,54,4,3
0,21,1,17,30,24,4,23,2,2,2,4,2,1,19,2,1,20,0,36,1,1,26,33,0,0,3,2,0,1,3,0,20,25,2,6,0,0,4,7,0,21,1,0,0,1,1,0,19,21,2,14,1,0,0,2,2,1,0,4,2,42,4,23,3,27,1,0,3,0,1,0,1,5,0,2,0,0,2,1,10,0,4,10,0,3,9,7,1,1,2,0,3,1,1,1,0,0,2,0,4,2,5,34,15,0,1,2,0,1,5,4,24,1,32,18,4,15,0,1,5,19,1,2,21,2,1,2,18,2,7,1,20,1,2,4,0,2,4,1,25,3,0,5,25,24,31,1,2,2,20,14,0,2,0,2,3,0,0,0,1,30,1,1,2,0,0,22,16,2,2,1,0,11,2,1,17,0,5,2,1,5,0,0,0,2,30,3,20,11,2,15,2,0,0,1,19,0,0,28,4,5,1,23,2,0,0,3,19
21,1,0,0,2,20,2,3,1,11,21,0,3,3,1,0,31,2,0,2,17,10,5,0,1,32,1,2,0,29,4,2,4,21,1,1,14,3,2,39,2,22,25,1,16,17,2,10,1,22,3,2,28,0,1,20,1,20,3,7,3,0,4,1,6,1,25,2,4,19,29,1,0,3,4,3,3,2,1,4,0,7,12,9,1,0,14,28,2,24,1,3,1,20,0,3,0,5,1,1,30,1,2,2,1,3,0,1,2,33,3,2,22,2,31,0,2,6,40,1,0,3,0,26,3,20,2,1,21,18,1,5,0,14,25,1,25,2,23,12,0,26,2,1,0,0,1,1,3,2,2,1,2,5,3,3,33,2,1,1,1,1,4,1,19,18,0,27,5,4,3,2,2,0,5,28,3,31,17,2,1,30,7,21,4,3,6,1,0,6,2,0,1,6,3,0,3,3,1,1,14,2,3,19,2,1,22,3,37
1,18,0,1,0,34,5,3,2,5,4,23,2,23,3,0,2,2,20,18,0,18,2,5,5,3,3,0,0,1,24,0,5,26,0,1,1,2,9,1,20,6,1,27,2,24,18,2,21,0,42,0,19,3,3,3,4,1,3,19,19,0,1,0,2,2,34,3,3,1,22,5,3,2,24,0,2,3,6,1,17,4,23,1,1,5,0,3,30,1,2,1,2,27,0,3,3,3,24,20,15,17,0,5,24,7,2,28,2,23,2,4,3,1,2,40,18,2,27,34,2,1,2,25,25,0,1,1,10,27,15,2,1,31,3,0,15,0,2,7,0,21,4,1,2,0,31,0,4,3,2,2,0,33,1,5,0,0,4,0,3,2,3,6,44,29,4,1,4,26,5,14,4,1,1,13,1,2,1,3,2,49,22,0,3,3,3,5,3,24,1,5,0,1,0,1,0,0,3,5,1,4,29,20,25,0,1,2,18
0,13,0,2,3,20,30,17,18,4,19,4,0,26,3,14,28,0,0,4,0,2,0,3,29,13,16,2,0,1,26,4,3,0,0,22,7,1,4,22,6,29,3,12,11,23,25,3,1,2,0,2,1,1,18,4,3,2,1,1,1,36,0,0,0,3,2,0,2,2,25,1,26,0,1,16,3,23,2,1,2,19,21,3,0,19,22,0,10,0,3,2,7,2,26,1,1,1,2,2,1,0,22,26,13,13,3,25,17,0,2,3,2,1,0,23,0,5,1,18,24,31,0,1,2,2,0,48,1,24,0,2,1,3,3,5,0,2,0,3,4,21,2,5,4,2,1,2,32,23,1,6,24,3,19,1,0,0,1,1,0,1,2,0,6,18,15,26,3,3,26,17,13,5,1,34,0,8,2,29,2,0,3,0,22,5,4,2,0,3,1,15,24,5,25,2,9,5,3,27,0,0,22,0,12,1,0,4,0
0,1,16,0,17,26,1,27,42,14,20,0,2,1,9,8,4,3,2,3,0,3,1,14,2,3,0,1,4,1,25,0,3,1,1,0,0,3,3,21,27,2,29,23,1,1,2,18,18,0,1,5,2,5,19,1,1,2,1,4,2,0,0,8,26,1,1,0,4,0,6,0,0,1,0,0,2,2,2,1,2,6,0,3,18,1,28,14,5,3,0,28,24,1,1,31,1,0,3,21,2,20,19,1,2,3,4,1,0,3,0,0,1,2,0,0,4,3,3,2,34,1,4,0,0,2,1,0,47,4,0,0,3,0,3,1,19,0,3,1,5,12,1,0,17,31,34,0,4,22,4,14,22,27,0,0,2,4,1,3,43,23,2,2,3,2,36,0,0,2,1,6,0,4,2,9,3,2,3,16,3,17,2,3,4,2,24,5,2,1,4,0,0,0,1,1,26,7,0,2,4,12,3,36,21,6,22,2,21
0,3,1,5,21,1,3,20,26,5,18,2,43,0,11,2,30,0,1,1,1,40,18,2,2,1,1,6,3,3,0,0,5,3,3,12,0,28,21,19,2,2,19,4,1,25,4,4,4,35,0,24,4,23,1,0,0,4,2,6,0,25,0,25,4,3,1,22,0,13,3,4,5,1,4,3,4,6,4,13,19,0,12,6,2,39,6,2,15,26,3,17,0,33,3,1,26,24,1,0,2,9,3,29,0,1,0,24,30,1,2,1,2,4,4,3,3,1,1,5,6,0,1,0,1,1,2,2,3,4,3,3,29,0,4,3,24,1,0,2,1,34,3,1,3,0,2,5,0,1,3,0,3,11,34,3,1,8,0,3,0,1,1,2,4,0,1,1,1,3,1,17,20,2,0,31,1,19,1,0,18,17,0,27,1,9,1,2,2,0,30,2,2,0,0,2,2,2,32,0,5,16,13,2,35,1,3,2,27
1,21,3,2,28,1,16,0,32,2,3,4,3,0,7,1,3,0,2,2,9,1,0,4,0,1,4,3,22,29,8,4,2,20,3,29,1,0,2,22,5,4,35,0,5,1,21,16,3,18,3,30,17,21,2,16,30,3,2,3,1,20,20,0,21,0,37,0,1,2,26,3,1,18,0,33,3,1,2,5,0,21,2,0,1,0,1,0,0,1,7,1,2,1,0,0,9,22,1,6,3,0,1,1,5,2,2,2,5,2,0,4,0,3,3,0,3,4,1,0,0,4,2,23,1,0,6,24,3,25,0,5,0,2,19,1,4,3,0,19,1,3,2,4,0,1,25,5,1,3,4,0,0,4,0,1,4,5,9,2,16,0,0,5,25,28,3,1,0,2,5,0,2,1,0,0,1,15,0,1,30,0,3,1,2,0,3,27,2,20,0,5,0,5,0,1,1,0,2,25,19,0,2,27,32,0,2,26,1
0,1,2,2,0,1,1,12,2,1,24,4,18,0,1,2,28,3,3,1,3,0,0,26,0,0,2,2,0,0,26,4,3,2,0,2,4,0,1,15,1,22,20,5,2,21,2,0,5,0,3,0,2,2,5,15,1,2,21,2,6,20,3,1,26,4,0,1,3,0,32,17,25,2,3,6,5,0,6,12,2,24,16,14,6,7,2,23,3,3,31,1,1,0,4,0,1,2,3,7,0,0,2,2,0,1,1,16,1,1,0,3,2,0,26,33,24,2,12,0,17,30,2,1,4,2,36,0,0,1,0,0,22,3,5,1,2,13,0,14,27,2,14,1,1,3,1,9,0,4,2,3,1,2,1,39,4,23,2,0,9,3,2,1,11,8,0,13,31,17,2,16,7,2,4,2,1,3,0,23,4,0,2,0,2,3,15,1,28,0,2,1,25,3,4,6,3,1,0,1,23,3,3,23,4,1,3,0,3
42,16,5,3,3,3,2,1,0,42,0,28,30,2,17,3,2,15,23,2,2,1,34,1,36,0,20,24,4,3,1,4,23,4,1,3,0,24,1,2,1,18,2,2,0,0,0,16,1,0,1,1,1,3,1,2,20,0,5,3,0,22,32,25,1,2,2,2,0,20,12,12,13,38,2,30,17,1,2,3,6,33,0,23,5,3,0,2,5,0,4,0,5,3,41,1,25,2,16,0,0,1,9,1,21,0,14,0,5,0,2,1,1,1,2,1,2,2,1,20,16,4,3,29,2,0,1,23,6,0,22,0,25,1,3,2,0,20,4,32,3,3,21,20,2,1,4,0,1,0,2,2,3,2,27,4,0,0,1,0,3,1,2,0,21,1,3,32,5,1,0,3,5,0,4,0,32,0,2,0,2,17,0,23,19,6,2,13,0,17,9,13,2,3,3,8,6,44,27,0,0,0,1,1,27,1,22,1,3
16,5,4,29,15,33,2,3,20,3,2,11,1,0,0,0,0,0,3,0,1,0,0,2,2,14,0,21,4,1,25,41,5,5,16,10,22,22,2,18,0,21,2,4,0,0,2,3,2,1,20,0,3,25,1,21,1,3,2,0,4,17,4,0,22,4,4,2,12,11,4,2,1,38,18,24,5,1,3,4,1,11,1,3,0,4,2,0,1,1,11,2,2,0,3,3,2,1,1,1,32,0,26,3,26,6,2,1,1,2,0,0,15,12,5,1,1,25,18,4,0,26,3,0,4,5,30,1,3,18,0,27,0,24,0,18,0,23,1,3,25,4,2,35,0,0,0,2,20,19,21,0,20,20,0,31,3,18,2,2,0,18,2,1,30,17,17,1,21,4,0,20,2,3,31,17,1,0,1,17,0,21,0,1,2,1,1,0,1,29,0,4,23,2,4,1,29,0,4,0,0,0,2,4,2,1,32,3,1
0,1,2,2,7,5,17,9,0,9,2,0,4,3,4,2,2,3,1,2,2,3,18,27,18,25,0,1,0,20,18,17,0,4,0,5,3,12,2,1,1,3,4,2,2,31,28,1,2,11,4,1,19,3,18,2,18,4,15,29,0,2,29,7,0,20,0,3,4,3,21,5,26,4,2,0,6,1,7,1,25,0,27,28,0,3,5,24,1,0,18,13,0,0,32,4,1,30,0,3,2,19,17,8,2,15,30,1,5,3,25,2,3,25,2,17,0,35,24,13,0,3,5,3,0,1,37,3,22,6,0,29,8,0,13,9,0,1,2,1,11,15,2,3,18,35,20,3,1,5,2,1,5,0,8,30,1,1,25,23,24,21,29,3,17,23,1,1,2,3,2,2,3,0,15,0,0,0,3,22,27,24,21,22,0,1,2,1,2,0,1,6,0,3,2,2,15,21,43,19,2,4,1,3,17,29,12,14,0
2,21,21,3,2,1,0,24,2,0,3,7,5,25,0,1,1,29,1,7,14,2,0,42,23,0,26,0,0,2,22,1,3,21,21,1,21,6,0,3,21,5,2,2,1,1,1,38,0,4,30,3,20,4,0,10,5,3,12,4,0,6,3,0,24,0,29,2,3,1,0,0,2,4,30,0,4,3,3,2,2,0,2,19,26,2,1,1,0,2,3,4,4,0,6,3,1,23,2,4,2,2,0,6,2,2,3,4,1,39,1,1,20,0,26,1,3,0,0,2,3,14,2,1,4,1,3,0,2,0,3,2,28,1,0,1,6,0,0,0,0,4,2,1,27,3,1,23,24,0,2,0,0,0,39,2,10,1,5,0,1,0,2,2,43,4,23,1,3,8,28,3,1,3,1,23,3,1,1,4,0,38,1,29,27,0,1,28,24,0,3,0,2,4,0,32,5,1,1,0,7,0,3,4,35,0,1,0,2
4,1,2,0,0,2,4,1,2,2,31,1,1,0,20,0,0,0,4,3,0,13,1,2,0,21,31,2,6,3,2,30,4,1,1,1,14,3,1,22,1,16,21,30,1,37,2,1,1,2,19,3,0,3,1,21,0,0,0,0,17,0,0,3,5,1,5,1,4,4,3,2,0,22,1,1,1,1,29,0,27,1,2,4,1,1,3,0,4,3,2,32,18,3,3,4,2,1,1,28,0,0,1,0,0,4,2,0,1,4,4,13,35,1,12,32,1,2,34,15,32,5,1,2,8,0,3,1,0,28,8,22,5,3,26,0,9,13,0,29,1,24,5,0,0,13,2,5,6,7,0,0,2,17,4,26,1,3,0,3,2,1,0,2,35,1,3,2,1,0,17,3,0,5,29,20,29,1,1,2,3,18,17,19,3,2,3,3,3,21,14,3,0,1,25,0,3,0,3,18,0,0,0,13,0,25,2,32,5
6,0,3,1,0,0,2,12,2,0,0,1,15,1,3,3,28,2,0,3,2,2,1,4,4,0,1,1,4,1,3,2,25,25,3,3,0,2,29,23,1,2,3,20,15,3,1,28,2,2,24,1,0,4,0,2,0,26,2,14,0,40,4,1,0,0,3,1,14,0,3,26,3,17,2,23,1,4,2,4,24,2,1,2,0,2,21,35,2,17,1,12,0,3,17,1,1,27,4,2,0,20,15,4,2,1,2,25,0,14,2,30,1,26,1,29,3,1,19,0,1,2,2,2,2,1,2,1,4,21,0,1,14,2,1,4,1,14,4,25,5,34,20,0,0,22,25,0,21,1,2,3,0,18,2,0,33,3,24,2,1,4,21,3,2,30,1,2,2,2,0,0,34,24,1,0,2,6,8,2,0,22,21,0,15,0,0,7,26,2,3,1,1,1,1,3,0,2,0,20,0,2,1,0,3,1,1,26,1
9,3,1,0,1,8,1,1,3,2,9,1,1,1,0,4,3,23,24,1,2,2,0,0,2,2,1,17,19,8,1,3,1,5,3,0,51,0,3,1,0,3,3,7,31,5,36,2,0,11,6,2,4,17,3,24,3,0,4,2,3,21,1,21,0,17,23,1,16,33,6,30,0,2,29,1,1,1,2,45,6,2,16,2,2,4,22,27,5,8,1,23,2,0,4,1,4,1,12,0,4,3,0,15,2,0,5,0,0,19,5,27,0,17,27,17,2,5,1,22,5,3,3,19,1,0,0,4,0,28,0,11,3,21,1,0,3,1,0,17,0,17,29,1,4,6,2,0,2,9,1,5,1,26,18,2,2,0,3,0,4,10,3,2,0,3,19,0,2,22,0,0,2,5,2,2,1,0,2,0,1,17,1,0,0,23,3,29,1,2,1,28,5,0,1,23,16,34,0,2,2,0,26,4,2,6,1,2,2
0,4,24,24,5,0,9,31,3,0,1,30,26,2,0,9,4,5,24,4,0,22,26,4,5,0,28,2,0,19,1,5,3,2,3,21,0,6,18,2,5,0,2,5,30,2,0,12,2,27,2,0,4,4,6,2,2,3,27,1,2,1,29,5,0,2,5,3,0,2,33,28,3,4,1,3,4,5,3,0,2,0,6,0,0,0,1,2,3,0,25,4,27,5,5,4,4,3,0,24,2,4,7,2,0,3,2,1,2,25,0,23,0,1,0,0,1,0,2,23,27,0,2,1,4,5,2,1,2,26,3,22,4,2,1,24,3,0,2,1,23,23,4,4,3,35,2,23,17,7,42,1,15,2,2,11,22,1,31,0,1,4,2,1,2,4,1,1,31,4,28,1,23,26,26,2,19,4,2,18,1,21,0,1,2,3,26,0,1,5,2,4,17,1,3,0,1,30,28,23,33,13,3,28,3,19,1,0,0
7,2,3,3,1,1,3,3,1,1,21,2,27,1,1,1,1,0,36,3,2,1,1,0,2,1,4,4,6,0,3,2,23,2,25,21,3,1,9,2,27,3,2,1,13,0,5,34,2,0,16,1,1,17,1,22,1,6,4,2,1,0,33,1,3,2,0,2,0,4,1,35,0,26,2,3,3,2,2,3,1,1,1,0,1,0,2,2,5,18,29,0,0,2,24,4,14,1,15,0,2,2,19,0,31,1,3,5,0,3,1,38,4,2,1,16,22,21,0,1,2,0,1,21,4,22,0,27,18,4,0,4,4,0,1,0,3,0,32,21,1,1,2,27,6,17,1,15,29,27,1,4,0,30,0,1,2,1,0,2,0,1,5,2,1,1,4,1,3,2,24,5,2,15,26,3,8,1,32,10,2,1,2,1,3,4,1,24,1,20,4,0,25,4,0,25,1,18,22,20,1,14,16,0,35,0,4,4,2
0,3,0,2,2,20,1,0,30,21,3,27,1,2,2,1,17,3,16,24,5,1,1,21,4,1,2,19,1,25,0,4,1,4,16,31,3,2,1,29,11,26,2,1,2,0,17,37,0,0,1,1,5,24,5,22,3,0,2,0,3,1,3,9,1,1,3,2,0,2,21,0,1,20,39,2,0,0,3,4,4,3,1,2,2,1,31,3,1,5,1,24,33,2,2,28,22,0,27,0,2,3,4,0,30,29,2,0,0,20,2,29,0,2,18,2,1,3,2,29,1,2,42,5,11,13,23,2,1,3,0,0,4,1,25,26,4,0,2,21,0,4,3,1,0,0,1,19,21,4,2,37,14,23,24,2,3,19,0,4,24,17,3,13,24,3,5,2,0,0,0,1,12,2,2,3,22,1,10,12,2,1,24,4,5,2,6,32,27,39,26,17,0,0,1,0,2,1,2,1,0,14,15,15,1,4,1,3,28
0,47,0,5,3,0,0,1,2,34,2,0,20,0,30,1,5,3,2,0,25,0,0,3,22,0,2,1,1,0,38,26,1,0,2,4,3,1,1,0,2,1,2,20,1,2,25,33,1,1,26,0,4,2,0,1,13,3,17,1,1,5,4,9,0,0,0,0,0,1,1,28,27,27,4,0,2,9,0,21,4,2,0,3,2,4,0,2,33,1,0,0,1,27,2,2,25,26,1,3,2,1,2,25,5,3,1,3,2,5,36,3,16,9,0,0,1,4,0,3,2,2,2,1,2,3,1,0,3,0,3,2,3,29,24,4,0,1,4,9,22,3,2,1,0,17,40,2,24,3,2,0,0,2,18,32,1,1,2,27,0,5,0,1,8,12,0,0,1,24,1,0,45,20,0,0,0,3,3,5,0,1,18,3,0,4,2,2,1,1,3,1,0,24,3,2,4,3,1,2,5,1,0,1,0,24,2,1,0
28,3,1,1,0,0,1,0,25,3,28,0,1,0,34,24,33,0,0,2,1,19,2,32,23,2,22,1,4,35,0,1,2,20,22,19,2,4,1,3,0,0,4,0,2,8,2,21,2,28,12,34,2,21,0,8,0,1,0,25,20,1,4,1,27,3,0,13,3,1,0,1,1,0,0,35,1,31,24,31,3,20,18,26,4,0,3,14,17,21,2,1,33,0,20,14,0,3,0,29,0,17,20,26,10,5,1,5,1,26,35,1,1,35,12,1,13,1,16,12,5,2,17,1,34,1,2,23,3,0,1,1,33,16,22,1,2,1,5,0,4,23,2,0,1,17,17,25,15,29,2,2,31,3,30,3,1,18,2,1,2,4,0,1,0,28,22,24,2,26,13,2,34,7,2,2,6,2,0,21,2,1,36,0,17,3,0,2,4,3,3,39,4,2,2,3,3,2,1,2,6,0,1,2,1,7,0,2,17
0,2,10,4,28,0,5,1,1,0,2,0,4,31,0,0,1,0,16,0,19,1,4,1,0,13,5,2,2,1,14,0,4,3,15,0,14,4,0,0,1,4,1,1,1,3,6,0,1,0,2,14,10,3,0,0,11,1,1,0,3,6,1,2,1,3,1,0,17,16,0,1,1,3,37,0,1,3,0,3,0,1,21,23,26,0,3,4,2,5,20,16,36,30,16,19,1,0,18,1,6,1,4,3,2,35,8,31,26,21,4,3,0,37,1,24,2,4,2,1,20,22,2,3,1,12,0,2,0,0,0,1,0,24,13,2,1,27,14,2,0,2,7,3,2,0,8,0,2,20,2,0,1,3,21,0,38,1,1,0,2,0,4,21,28,36,28,32,22,3,1,18,1,2,21,29,2,24,0,3,1,5,20,0,26,8,5,0,4,0,23,15,0,0,2,1,0,2,2,26,3,29,0,3,4,25,0,1,22
15,26,1,2,15,1,5,1,2,26,16,27,23,1,30,19,24,19,1,0,0,3,18,2,7,32,3,0,22,4,2,0,3,1,2,4,19,1,2,4,2,1,2,6,3,19,28,5,0,0,3,38,4,2,21,3,3,18,6,4,15,0,26,25,0,2,13,2,5,36,1,17,10,42,16,5,0,15,2,1,30,3,17,2,2,2,35,2,1,1,2,0,8,0,30,0,0,1,21,2,28,19,0,0,0,1,4,21,13,20,2,35,0,41,5,5,2,2,2,0,0,1,4,1,32,24,0,2,21,25,23,4,30,0,2,46,2,23,0,0,4,30,33,3,4,24,0,0,1,26,2,0,22,15,31,1,24,5,1,27,26,2,5,21,1,3,3,1,0,1,1,3,3,4,1,2,24,4,2,0,1,0,24,1,1,6,27,34,14,2,0,0,4,2,0,25,15,2,2,0,0,26,30,0,1,2,0,17,3
18,3,19,1,26,1,1,31,0,2,1,3,3,1,2,2,23,1,1,3,30,1,0,2,2,5,1,1,2,4,0,37,1,0,2,0,1,1,1,0,0,1,1,3,1,29,1,0,3,3,11,19,29,2,29,1,19,1,23,45,3,1,4,1,0,1,2,24,2,0,7,2,1,20,17,28,2,19,23,1,0,23,3,2,13,4,1,2,28,0,0,3,14,31,1,2,2,2,21,3,0,11,0,2,19,17,28,1,0,3,2,9,2,12,21,1,0,1,1,0,6,3,0,3,10,19,1,4,2,1,20,0,3,0,14,21,0,2,2,1,3,5,24,1,0,28,2,1,12,7,0,29,2,19,3,1,1,1,27,3,1,28,2,24,2,2,0,0,3,1,5,1,0,25,1,2,21,28,0,0,31,2,1,3,27,24,22,0,1,23,4,6,19,15,0,1,0,0,2,2,3,14,0,5,4,32,28,4,1
12,16,24,6,15,27,3,23,0,34,34,22,2,0,3,9,2,35,31,4,4,0,0,0,0,5,5,2,0,4,25,4,6,3,1,5,3,37,1,16,3,0,13,3,26,41,0,1,1,3,0,22,4,0,3,30,27,0,0,0,0,20,2,0,21,21,5,25,1,1,4,27,1,5,34,1,22,0,12,2,41,5,2,31,1,3,2,22,1,4,25,10,20,3,8,23,0,0,17,2,0,5,0,13,31,2,6,1,0,5,0,21,3,33,0,22,0,3,1,43,24,37,2,27,0,17,0,3,1,1,0,1,6,33,2,22,3,3,19,2,1,18,5,9,2,3,0,1,11,28,2,0,0,2,0,2,0,5,1,1,7,3,18,0,2,15,3,32,2,0,0,4,1,26,0,16,31,0,0,27,0,0,26,0,1,1,3,18,17,2,19,1,3,0,1,38,19,7,1,0,4,32,2,1,21,0,2,9,3
3,8,1,1,0,18,1,2,5,18,20,1,20,5,16,2,1,1,22,35,3,0,3,3,7,2,2,4,4,0,1,20,29,2,1,0,2,2,0,2,3,1,23,4,3,0,1,8,2,0,0,5,5,18,2,4,27,32,1,4,3,2,23,1,2,5,0,24,2,22,3,1,0,0,11,13,0,0,0,13,30,3,0,23,1,27,33,3,31,4,14,2,36,0,2,4,2,0,1,29,0,3,24,0,0,6,14,0,23,22,10,0,1,6,23,15,0,20,0,24,0,1,3,0,16,2,4,0,0,22,1,13,2,6,2,1,0,5,4,22,27,1,4,21,2,0,0,18,3,2,0,4,0,1,0,14,1,2,32,18,1,3,0,3,1,1,17,6,15,16,1,0,13,1,1,7,2,1,0,2,12,20,0,1,1,1,2,2,13,24,0,2,5,4,5,31,23,26,16,16,2,25,2,0,33,9,27,23,0
4,20,28,1,3,0,1,1,0,0,1,10,1,20,2,2,2,2,1,1,3,6,2,1,32,1,6,26,28,3,2,0,2,19,0,1,18,0,25,19,23,3,2,27,14,3,30,13,2,19,1,20,1,3,33,24,2,0,4,0,15,0,2,2,1,4,5,1,4,18,6,4,2,1,27,1,0,27,6,0,4,1,4,2,14,1,0,21,23,0,7,18,46,1,2,1,4,19,2,26,10,2,3,1,21,32,5,0,18,0,4,4,28,1,1,1,1,25,31,0,1,1,0,0,18,3,2,0,4,0,2,17,5,1,3,1,3,4,1,28,1,4,2,3,2,33,0,3,1,12,0,3,2,26,2,3,20,0,5,24,28,1,24,21,16,0,1,22,16,31,30,0,0,2,22,5,1,2,4,3,0,5,6,0,27,5,1,0,22,20,4,7,0,0,0,0,1,4,3,34,0,4,0,1,29,0,1,2,1
17,0,3,0,33,28,0,0,7,20,4,31,14,0,3,2,0,16,1,21,26,0,1,0,3,4,1,0,0,3,0,1,0,0,7,3,1,2,24,6,15,0,1,3,3,0,0,0,5,0,0,1,24,1,0,3,1,0,1,14,29,1,27,5,0,3,25,0,3,0,1,1,5,9,31,4,1,23,23,19,18,0,1,15,1,1,0,0,6,0,22,17,1,1,7,3,25,23,0,1,0,0,0,4,2,15,15,21,0,19,31,6,0,0,26,1,3,5,2,2,1,34,0,32,12,10,1,2,2,1,26,1,0,2,26,1,37,0,20,0,0,1,0,28,0,27,3,2,0,25,0,2,0,0,0,4,0,10,34,24,19,0,1,30,0,11,15,1,24,2,1,21,33,22,26,22,3,17,1,16,35,27,28,0,0,5,50,4,15,0,2,20,1,5,1,3,3,5,4,0,26,3,0,0,0,0,2,0,4
0,3,23,2,1,16,23,2,0,5,0,2,3,1,29,0,1,1,28,6,2,2,0,20,0,1,24,0,0,3,11,43,0,0,3,20,18,2,1,8,16,34,1,15,11,18,3,2,1,2,2,0,0,0,0,15,0,3,0,0,8,35,3,19,30,3,2,5,0,0,1,2,5,17,21,4,2,0,1,1,0,4,4,0,0,9,5,1,39,1,2,5,28,3,16,2,3,4,3,0,0,0,37,1,3,23,1,3,0,16,25,15,2,22,1,1,1,3,24,3,4,1,1,2,21,2,0,3,4,3,3,1,22,1,2,3,0,1,23,0,28,2,0,6,20,14,3,0,16,3,7,20,4,1,2,4,0,0,6,0,3,25,44,13,25,1,19,2,35,19,5,19,2,0,2,23,0,2,8,1,0,2,1,0,3,22,24,8,1,0,27,1,0,0,6,1,1,31,1,3,0,4,0,3,3,7,5,0,0
3,4,1,1,19,3,3,14,2,1,0,2,4,4,1,20,2,21,2,19,13,2,9,3,0,24,0,6,34,1,2,33,1,2,8,21,3,5,0,12,13,26,13,3,28,3,6,3,26,2,30,2,3,0,13,0,1,8,2,2,2,1,3,26,3,2,30,1,2,1,0,0,0,19,1,1,33,28,2,0,1,0,18,1,0,3,5,20,0,37,1,4,28,33,24,2,6,5,2,6,1,0,2,17,1,5,9,3,3,28,2,0,10,1,3,12,1,5,21,6,1,1,25,13,0,12,1,4,0,3,1,0,1,3,6,22,3,2,1,23,33,1,5,28,1,4,17,1,2,1,1,27,0,2,19,3,2,26,1,2,24,4,3,1,1,1,13,2,0,28,13,4,25,20,1,30,0,2,4,1,28,3,0,3,4,3,0,1,4,2,22,0,1,0,3,4,4,20,31,0,4,0,28,30,0,21,13,1,22
0,3,21,22,1,0,4,24,3,1,23,1,5,3,2,3,3,1,1,0,1,0,1,24,25,4,4,4,4,8,0,1,24,3,2,15,1,2,3,22,2,2,20,0,14,30,10,2,22,0,3,21,0,0,5,28,3,2,1,3,0,6,5,23,6,4,1,2,20,0,2,26,19,0,2,1,1,3,1,20,2,31,1,0,2,2,1,11,0,6,24,0,2,0,2,0,0,4,0,1,1,2,0,3,3,3,0,24,3,19,12,1,2,3,3,4,4,3,0,0,2,18,26,3,0,6,23,21,28,1,3,23,1,0,1,2,3,0,3,0,12,0,3,2,1,3,2,0,0,14,4,3,37,0,0,4,4,1,3,23,0,2,0,2,4,22,12,4,0,3,19,5,1,4,2,23,2,8,0,25,27,30,1,15,0,22,3,20,0,3,3,0,28,17,2,0,22,1,25,0,25,2,0,27,5,3,0,0,0
2,0,3,20,0,24,16,37,1,32,0,14,3,1,14,3,14,1,1,3,1,1,1,1,1,5,0,4,23,7,32,7,0,3,5,1,35,21,4,10,14,14,4,8,5,14,0,3,3,1,2,18,8,2,4,2,2,20,3,3,3,0,3,3,18,3,5,42,3,2,3,3,2,1,0,10,0,21,3,4,0,3,1,0,26,3,2,0,30,1,9,3,0,2,0,2,1,3,0,24,23,0,3,2,0,14,0,1,2,2,1,3,2,2,7,0,2,2,4,5,2,33,0,0,0,20,30,3,0,3,0,1,14,39,0,3,36,28,1,15,22,19,2,4,0,1,25,18,2,2,22,1,2,18,1,0,2,0,3,1,0,1,3,6,5,3,1,2,17,26,2,3,3,3,26,0,17,2,0,31,1,0,2,37,8,16,3,6,17,6,1,3,1,2,0,37,1,1,7,2,20,2,21,3,1,1,2,31,2
2,0,21,1,28,0,0,26,37,1,2,2,1,24,5,0,3,0,0,12,1,3,40,0,22,2,3,1,4,0,19,3,19,32,3,13,29,2,2,0,6,1,14,0,0,1,5,3,0,0,21,1,34,0,24,6,26,15,1,20,0,11,1,5,0,29,6,0,0,3,0,0,33,2,3,1,1,4,19,0,34,1,1,1,27,0,30,3,0,2,0,0,2,0,27,24,21,2,1,2,1,0,1,0,7,22,2,2,31,6,0,3,2,1,0,1,1,25,5,1,3,28,23,0,16,1,13,3,0,14,18,3,1,1,5,0,2,2,4,5,1,1,2,1,24,0,28,2,2,0,0,26,2,0,14,5,0,17,28,35,0,0,2,30,2,4,1,9,0,1,0,1,0,14,10,0,2,1,11,4,3,1,1,1,3,27,1,1,0,32,0,20,26,22,1,32,23,2,3,28,1,5,8,34,6,11,29,4,4
23,3,0,1,2,16,4,11,1,0,2,1,3,28,2,0,14,0,5,0,2,1,3,15,3,2,5,1,0,1,1,4,22,3,38,1,1,0,0,2,25,1,24,1,15,3,0,38,6,36,25,0,1,2,17,3,1,4,5,9,1,5,29,1,4,2,12,10,31,3,34,0,19,2,3,2,7,0,2,0,1,1,33,3,4,6,4,30,8,3,25,1,23,1,17,16,2,15,1,2,1,3,20,5,4,0,4,3,2,35,4,23,1,27,2,1,6,2,1,0,3,4,5,1,31,1,4,3,23,9,3,1,0,32,2,0,4,25,1,10,0,24,7,32,5,2,0,3,3,3,34,4,1,6,0,5,5,4,1,20,19,21,0,1,11,0,3,2,1,20,2,1,23,1,0,1,4,11,1,27,21,3,0,0,1,32,1,1,0,0,0,2,4,14,5,2,1,2,4,18,13,4,3,5,33,2,0,1,4
3,3,2,0,23,4,20,20,0,0,1,2,23,3,19,10,6,18,1,31,28,2,17,24,6,1,0,21,0,24,9,35,5,16,0,25,22,1,1,3,0,0,11,0,0,2,1,17,18,0,1,0,4,0,0,16,16,1,0,0,22,11,0,1,1,31,15,1,0,0,2,2,6,29,16,3,0,1,3,0,14,3,31,0,35,0,1,1,0,0,0,0,13,19,0,1,1,1,32,16,3,5,1,2,1,3,3,0,34,0,17,4,3,0,1,3,1,3,0,0,2,4,7,2,0,13,0,28,4,1,4,3,4,4,1,17,3,1,28,0,0,28,0,2,20,0,4,2,2,2,4,38,1,3,26,3,0,2,12,4,3,1,2,1,1,5,12,16,1,1,2,29,1,22,14,0,1,3,25,8,0,10,0,0,4,0,26,5,3,0,1,0,4,15,39,0,2,36,1,17,4,0,4,20,24,6,2,17,2
18,2,1,3,26,0,30,1,2,6,1,0,3,21,5,0,1,0,5,1,1,23,4,30,2,3,25,3,20,10,29,26,23,43,3,2,1,3,2,11,23,2,1,4,32,1,12,2,0,0,2,4,5,3,1,33,33,19,9,0,1,2,25,1,2,7,29,25,0,29,1,4,0,21,0,3,0,17,30,0,6,17,18,1,2,4,24,3,2,0,1,3,0,4,1,1,28,29,3,17,0,20,2,0,0,1,2,1,23,24,2,8,33,3,16,28,2,3,2,0,1,4,7,0,0,0,4,0,0,31,2,1,2,2,2,1,2,0,5,23,18,2,15,1,5,27,5,31,2,3,26,22,1,9,12,20,22,1,1,0,0,0,4,0,30,20,1,24,21,24,5,26,7,2,14,2,2,2,0,30,12,17,0,0,2,18,2,3,19,25,4,0,1,0,21,2,2,2,1,0,3,4,2,22,3,2,4,0,20
5,18,2,0,0,0,3,2,0,0,25,1,2,29,2,23,4,3,18,13,24,21,0,20,6,2,2,20,23,2,1,0,3,24,1,3,4,28,1,1,2,3,0,0,0,1,27,10,1,3,34,1,1,0,1,3,3,5,40,1,5,15,21,30,13,2,4,39,2,2,2,0,3,25,1,0,5,1,0,22,3,32,5,31,22,5,0,22,22,3,5,31,0,3,2,41,15,1,1,23,1,1,3,2,1,12,21,1,2,25,17,9,0,0,3,0,1,18,19,2,0,30,28,0,19,4,5,30,1,3,26,3,1,0,13,1,19,0,37,4,18,1,0,1,0,2,2,0,1,0,2,4,2,3,3,2,23,3,21,0,23,16,19,21,1,30,4,23,12,1,21,1,1,2,25,2,0,1,0,2,0,33,3,0,2,1,4,5,3,3,5,19,20,23,2,1,4,2,5,2,1,15,1,0,2,4,0,30,28
2,37,1,1,2,25,21,18,1,3,16,0,26,0,3,9,19,3,0,7,2,1,2,3,4,1,1,24,4,2,3,2,0,33,34,44,0,1,1,3,1,1,1,2,2,0,21,28,34,18,0,1,3,20,5,6,28,22,1,0,5,1,26,1,5,1,38,3,21,5,1,1,0,1,5,3,1,0,0,0,15,0,1,1,27,3,16,16,3,1,14,28,1,5,1,25,3,4,4,32,2,0,2,4,3,27,0,6,9,1,0,20,1,1,0,0,11,23,25,0,0,4,3,1,1,26,0,16,4,2,16,15,0,0,0,1,0,0,1,33,0,3,0,22,0,2,0,3,28,7,19,30,3,2,0,2,26,0,25,0,2,0,3,2,1,3,1,21,1,0,25,2,5,15,1,0,0,3,3,0,2,0,2,0,2,1,4,30,24,2,9,3,2,2,39,0,16,5,17,1,3,0,23,24,17,3,20,1,0
4,3,4,1,5,1,0,30,1,0,14,0,12,0,0,1,0,6,3,37,18,29,1,1,18,1,0,2,24,1,2,1,1,3,24,1,2,18,0,2,1,4,3,22,4,2,17,1,0,2,1,3,3,2,2,17,2,1,2,1,1,0,3,2,24,22,1,1,1,1,2,2,2,1,4,1,0,1,5,0,3,9,0,2,3,9,1,22,18,3,15,8,2,2,0,3,2,1,2,36,0,0,5,3,25,1,6,2,2,2,3,5,2,1,0,2,35,2,17,33,25,1,22,9,0,3,5,0,16,23,4,19,0,2,0,0,14,0,24,3,22,4,33,2,1,2,14,21,26,2,15,25,17,5,7,21,0,4,1,0,3,5,1,2,2,0,0,3,1,26,23,0,22,1,23,0,4,0,1,1,0,0,0,1,2,3,30,28,0,22,14,0,21,2,24,1,4,0,1,2,7,3,4,23,34,0,3,1,2
1,23,0,0,0,6,26,2,2,5,0,28,0,0,1,1,0,20,1,4,15,22,2,1,17,2,22,24,11,3,5,5,2,2,37,22,0,1,3,2,1,17,3,2,2,3,20,0,21,4,0,28,15,1,0,4,0,3,10,32,1,32,30,1,2,1,24,39,30,39,18,1,3,3,5,18,16,1,6,5,0,20,3,6,0,0,29,33,26,2,2,25,1,1,3,1,2,2,0,30,14,1,7,5,3,3,45,27,2,0,0,13,1,18,16,0,18,29,2,13,1,11,5,0,28,20,0,39,7,0,17,28,2,7,3,1,4,16,0,3,0,0,0,0,20,2,1,1,1,0,1,2,29,3,35,25,1,32,2,2,1,47,22,30,5,2,0,2,7,6,0,3,1,1,6,2,1,1,3,3,0,1,2,0,21,2,2,0,1,0,3,2,30,2,3,3,1,4,32,1,18,0,2,1,30,2,1,0,23
27,2,17,3,18,0,19,1,1,13,0,0,0,3,17,22,4,1,7,15,0,17,0,27,2,0,1,1,6,17,1,1,0,26,4,3,32,22,1,2,1,2,0,31,5,32,1,27,8,2,23,2,2,0,0,2,34,24,1,16,1,6,19,0,4,2,10,0,3,3,2,4,22,22,2,5,29,24,2,5,6,1,0,26,10,4,26,5,2,3,4,0,2,23,0,3,41,16,1,4,3,1,30,19,3,29,10,3,12,2,3,2,29,21,3,0,0,38,3,29,3,27,5,1,0,3,4,28,18,3,29,1,20,3,26,4,1,1,0,28,21,0,26,3,0,0,34,25,1,3,2,18,3,2,6,1,5,5,13,2,23,38,0,1,1,1,3,33,1,5,3,5,0,2,0,2,1,1,4,5,4,1,2,20,1,22,0,2,4,22,2,17,27,19,9,22,4,2,1,1,4,2,0,3,0,28,1,1,21
0,1,0,1,3,14,0,0,1,0,2,2,43,20,2,2,14,0,21,0,3,2,0,1,16,1,2,1,2,2,1,1,2,26,0,28,2,36,0,0,1,2,1,6,0,0,2,1,1,25,20,2,24,0,2,2,20,5,21,0,2,6,24,3,4,1,26,3,2,1,21,12,21,1,2,2,34,2,18,1,25,2,1,0,3,0,9,5,1,23,19,3,28,5,2,1,1,2,2,1,0,0,12,3,3,3,15,10,0,26,5,2,3,28,0,27,1,2,2,5,3,1,3,0,2,1,0,2,32,0,26,0,29,2,1,2,28,26,2,1,26,0,0,1,1,1,15,5,3,1,1,32,2,3,5,25,17,2,1,1,2,0,1,1,4,2,1,2,4,4,4,1,1,0,3,29,22,18,5,3,25,1,2,2,3,32,2,3,15,0,0,2,6,22,23,2,3,28,18,0,0,18,3,2,2,6,0,16,0
4,2,2,4,0,1,2,29,1,1,23,2,3,2,5,33,1,21,1,16,21,0,1,2,0,0,32,21,0,0,3,0,0,1,12,19,2,22,3,2,21,1,1,2,2,9,27,4,11,2,0,26,4,4,2,1,3,3,41,8,2,17,1,0,0,25,32,3,2,24,18,5,0,3,43,2,2,3,34,0,0,3,0,3,33,20,16,35,2,1,2,17,0,1,1,0,1,31,3,3,3,14,2,6,8,0,1,0,4,3,0,24,2,4,0,21,4,3,0,3,0,15,0,26,4,1,17,4,1,2,0,3,1,1,1,30,30,0,0,9,2,1,0,2,2,4,0,0,2,0,1,3,3,7,21,0,1,5,33,2,31,32,1,3,2,8,2,2,1,2,1,7,2,25,34,24,28,0,1,3,1,3,1,1,1,22,1,2,19,1,19,2,0,18,21,1,1,27,26,2,4,1,6,4,0,29,2,37,2
12,3,4,0,3,0,22,2,23,2,15,5,3,2,5,0,2,19,0,1,3,0,22,2,29,2,7,4,2,2,1,1,16,0,5,1,0,7,1,33,5,10,20,2,0,26,4,2,24,0,6,4,4,4,1,0,2,2,0,0,6,1,2,0,0,0,0,3,0,2,1,18,3,38,0,2,1,29,3,0,26,0,3,0,5,31,1,3,21,1,0,2,1,18,3,1,33,0,17,2,21,6,3,0,0,0,7,3,23,0,2,0,1,27,0,2,2,0,0,0,0,0,16,2,33,1,0,22,0,3,0,2,25,0,2,1,17,0,14,4,2,8,10,6,18,4,1,1,1,4,1,1,1,1,4,17,27,1,6,3,1,32,4,2,0,13,0,23,4,5,1,0,17,8,5,3,0,2,2,9,3,30,3,34,1,3,2,0,20,0,4,1,2,19,2,2,14,1,10,3,25,38,0,2,0,0,3,7,1
1,0,3,4,46,36,16,3,2,0,35,0,2,2,6,1,25,2,1,2,2,21,4,3,3,3,33,1,26,6,0,30,0,14,2,2,23,5,1,3,3,2,2,0,0,2,27,1,20,3,0,5,22,22,1,1,19,0,28,5,4,38,3,3,1,27,0,19,2,2,29,7,4,4,5,1,0,1,0,16,13,2,28,17,4,5,5,15,0,19,0,0,1,13,29,3,10,42,3,3,2,2,2,2,3,3,14,0,13,0,1,3,0,3,0,37,15,34,14,2,2,1,32,36,4,5,2,0,23,3,0,25,13,2,2,0,2,1,6,29,2,17,30,22,2,22,2,1,4,25,25,22,24,17,36,2,5,29,5,0,18,25,2,0,2,3,8,2,3,1,6,2,17,2,20,1,19,41,0,1,2,1,31,1,1,29,10,6,1,1,3,3,6,3,1,0,3,21,18,0,23,2,21,16,0,5,0,3,19
1,0,19,2,1,4,29,3,3,2,1,3,3,28,2,0,2,2,2,23,0,2,33,1,20,4,4,2,5,21,3,28,1,0,4,20,2,1,0,2,2,15,0,6,0,26,1,18,0,19,18,16,43,32,26,0,2,0,0,0,2,11,26,18,3,30,1,3,4,14,21,27,1,2,4,17,2,0,1,26,2,22,0,19,3,14,3,1,1,21,2,25,3,0,22,1,1,3,3,1,17,4,5,3,5,2,18,0,1,29,3,17,1,1,1,24,4,1,0,3,4,19,4,1,0,35,2,2,1,2,0,4,2,22,25,3,4,3,1,0,1,23,2,24,2,2,3,0,1,3,0,0,0,0,27,0,3,0,0,3,14,0,17,4,2,1,3,1,36,1,0,2,2,13,2,0,5,2,3,2,2,3,1,4,6,4,2,2,21,1,2,23,2,19,3,2,2,0,1,23,0,1,0,22,6,1,0,3,2
3,1,3,1,31,2,29,6,1,25,2,4,24,1,17,0,29,32,29,0,3,1,3,0,3,6,5,4,1,2,0,5,1,16,0,20,1,17,0,1,1,22,12,1,2,1,0,3,4,3,2,2,19,20,1,0,0,2,0,4,1,2,3,25,3,0,33,5,3,3,6,5,1,5,4,18,13,0,2,30,4,3,3,0,1,6,17,25,1,24,1,23,19,30,3,19,1,22,0,6,18,1,6,29,32,0,36,5,1,30,0,5,17,9,0,1,20,1,1,1,2,4,3,6,1,1,7,1,0,1,24,1,0,1,24,18,24,2,19,1,9,0,3,2,4,3,2,1,30,27,1,0,20,0,2,4,19,0,31,2,0,0,18,14,11,35,25,2,0,0,2,34,3,31,0,4,4,1,0,1,2,5,2,2,2,15,27,5,14,2,2,2,0,17,1,9,0,11,2,17,1,1,20,0,24,2,14,1,2
0,13,0,9,17,0,1,2,2,2,3,9,0,3,1,1,1,2,29,6,2,1,2,0,1,26,12,15,15,25,3,27,21,3,1,1,7,20,1,0,34,1,2,0,1,5,0,29,1,17,28,1,19,0,4,0,3,2,1,1,16,0,1,28,2,4,33,33,2,3,0,0,3,2,0,6,8,2,0,3,4,1,3,0,0,3,4,1,0,3,0,2,0,23,2,3,1,20,4,4,6,8,3,27,3,2,14,2,6,4,0,0,2,5,6,6,18,3,0,0,21,0,2,25,0,1,18,3,1,2,0,28,28,34,0,0,1,6,3,1,2,0,2,1,1,2,3,11,2,2,0,4,4,29,2,2,1,2,2,2,1,1,28,0,28,1,1,2,3,21,16,1,0,1,0,1,33,1,0,1,0,23,3,3,9,2,44,1,1,0,20,3,27,4,2,31,13,17,1,1,16,16,3,3,0,2,3,3,2
2,31,0,5,3,0,30,2,22,13,22,1,0,0,2,18,1,20,2,6,2,3,21,23,2,27,25,3,1,14,3,1,33,5,2,0,3,25,3,3,1,2,6,30,0,0,21,29,2,1,23,0,3,1,0,2,18,4,2,4,27,29,3,13,30,2,0,3,2,22,14,1,3,29,2,0,0,2,1,0,4,2,0,3,4,0,1,28,20,1,1,2,5,0,21,1,0,1,4,26,1,3,1,30,29,4,3,24,2,4,2,3,0,1,0,20,1,16,2,1,3,1,3,6,0,26,4,3,10,1,3,22,23,6,17,13,2,2,0,19,0,26,0,1,28,43,1,41,3,24,6,36,1,32,4,1,23,2,1,11,5,20,18,0,2,26,2,1,0,4,16,0,24,1,5,5,3,26,2,5,3,1,3,1,23,28,1,4,4,1,0,1,3,5,40,2,0,4,27,1,1,4,14,26,3,2,5,1,1
0,4,20,0,32,1,2,4,3,4,3,4,5,1,0,1,0,5,0,3,2,19,1,1,1,1,0,3,0,16,0,28,3,2,6,0,14,26,1,29,27,29,1,2,0,31,1,23,17,0,1,2,1,3,2,1,1,3,0,31,22,22,32,20,0,1,1,31,4,5,1,0,0,4,2,4,28,1,1,3,6,0,19,0,0,3,21,2,32,6,6,0,5,1,6,1,30,6,1,19,1,0,0,24,0,24,1,2,2,1,0,5,0,2,1,2,5,1,0,0,27,3,5,4,14,37,0,1,0,31,1,2,4,0,3,0,0,18,18,2,32,1,1,0,3,1,3,1,0,4,2,29,31,0,0,1,13,51,0,0,26,0,17,0,26,1,2,0,0,4,2,0,1,0,3,0,0,1,1,4,2,0,6,3,3,20,19,2,23,0,0,0,2,7,1,1,0,3,6,2,0,3,1,31,34,1,0,13,0
0,4,3,15,0,3,30,3,1,26,0,0,14,6,4,43,4,1,11,2,3,2,2,26,2,3,2,0,3,3,29,3,24,24,25,4,25,1,5,1,0,6,20,0,31,21,4,33,1,16,1,5,19,0,2,6,0,3,3,1,1,1,0,26,2,0,28,0,7,3,1,1,26,4,20,2,1,0,0,6,4,19,1,4,5,5,5,4,2,5,5,1,0,2,0,0,23,5,3,5,26,18,1,28,1,4,0,2,4,0,19,1,1,2,36,2,1,0,2,17,1,27,2,2,2,2,33,0,1,28,4,20,14,2,3,14,24,0,4,1,2,1,4,2,3,3,2,23,2,1,2,25,39,4,6,2,11,0,2,0,2,19,26,21,0,3,3,16,20,26,2,11,31,22,19,21,1,21,5,0,18,9,3,6,1,5,4,15,19,3,3,5,2,4,2,0,1,0,3,30,3,1,0,1,25,22,1,3,9
0,3,1,17,16,2,20,6,0,13,15,2,0,1,12,4,20,4,2,3,0,2,3,25,5,6,2,2,3,2,0,4,11,1,3,1,29,1,4,16,3,3,0,30,2,27,2,18,30,3,0,2,3,2,0,55,2,5,28,3,3,21,2,0,4,0,0,0,3,0,34,18,1,0,4,27,23,4,17,4,13,1,3,22,19,23,1,0,0,4,0,28,32,2,0,24,21,1,3,3,3,2,0,4,0,5,3,34,28,2,27,3,4,2,0,0,0,3,26,0,0,22,3,2,0,23,22,5,2,5,3,0,4,20,20,4,1,1,2,2,2,25,29,3,3,2,11,3,2,1,4,0,1,25,5,0,1,21,3,2,27,42,29,0,2,1,1,3,0,21,1,2,1,1,24,2,2,0,0,3,3,2,0,15,13,0,5,6,2,5,1,33,2,1,26,30,23,1,30,0,1,1,17,11,6,1,11,0,0
0,2,6,22,2,1,8,0,3,21,2,1,0,3,3,0,7,0,4,2,2,0,1,2,1,2,1,0,27,0,3,22,16,0,0,0,1,3,3,1,1,0,1,22,0,3,18,2,2,0,1,17,26,0,0,1,12,3,2,2,2,4,0,3,4,1,0,28,13,2,15,38,1,10,1,7,1,2,3,24,26,0,2,3,14,3,2,0,1,1,1,6,18,36,12,11,25,39,4,1,1,2,2,0,3,1,0,29,1,2,15,26,0,4,1,23,30,16,22,3,4,4,0,4,3,2,0,1,0,2,0,0,0,17,15,1,26,2,4,1,4,2,2,5,3,6,2,2,0,1,32,1,1,16,4,2,2,1,25,0,16,0,28,1,29,10,1,18,3,2,28,17,1,19,1,2,23,2,12,9,0,21,0,16,4,1,3,0,1,0,1,0,22,16,3,3,4,36,20,1,5,0,2,4,18,29,23,3,0
34,3,28,5,2,1,14,3,3,1,27,25,0,22,23,0,0,3,2,4,1,25,4,5,1,19,23,2,24,20,0,17,37,2,4,0,28,20,32,4,1,5,1,24,3,1,1,3,0,0,2,2,0,0,2,2,1,1,4,24,0,3,4,4,21,22,0,22,3,2,15,18,2,0,0,22,3,3,0,1,30,0,2,14,4,2,3,2,2,0,0,3,21,2,2,3,0,26,1,2,20,2,16,0,1,0,5,0,0,1,2,3,17,4,4,24,1,7,32,13,2,2,3,10,2,1,2,7,1,24,3,16,5,1,1,26,0,3,32,1,3,5,2,3,1,1,26,1,2,17,5,5,2,2,1,5,2,0,1,3,25,23,11,2,5,0,30,31,3,29,2,3,4,22,2,1,15,1,0,1,3,2,35,13,29,3,26,1,35,3,2,1,2,31,0,0,0,0,3,21,2,0,2,1,4,2,1,1,3
0,28,1,40,2,1,7,0,12,1,0,30,4,1,16,2,4,1,0,2,1,3,12,1,5,0,3,0,16,2,32,1,2,1,0,1,3,0,7,4,17,8,0,1,0,2,18,0,4,6,0,1,0,0,24,27,32,0,4,2,2,4,0,15,0,0,18,1,1,24,4,15,7,11,3,0,0,1,1,21,0,0,1,31,35,0,0,3,1,18,0,37,39,2,4,0,3,1,18,1,3,19,4,0,2,5,14,1,1,0,14,33,1,8,1,0,21,1,0,2,31,0,22,32,2,3,4,0,5,2,1,29,35,1,1,1,1,22,27,2,0,24,4,0,1,26,1,3,0,0,0,26,1,31,3,33,0,6,2,0,14,21,0,30,16,23,1,0,0,20,4,3,0,3,2,5,2,0,2,0,31,1,3,0,2,2,0,3,0,3,21,16,0,18,0,2,4,32,11,17,1,1,2,1,9,5,4,23,8
13,0,20,23,3,3,12,16,0,22,1,0,1,0,5,26,19,0,2,1,1,26,2,0,1,3,24,23,0,1,1,19,6,2,17,28,3,34,0,30,21,5,11,3,0,2,2,25,1,0,0,24,2,10,0,1,23,2,2,0,0,20,3,34,1,0,2,3,1,0,1,25,3,1,20,1,2,30,22,0,23,5,12,3,2,3,2,1,31,1,4,35,2,0,27,1,1,1,2,0,1,3,22,21,1,25,35,0,27,0,1,26,21,3,26,2,30,0,31,3,21,24,3,6,1,0,22,1,1,4,2,2,0,0,25,22,2,0,0,2,17,1,3,1,20,4,19,2,0,0,0,2,0,5,16,22,3,3,5,2,17,3,18,5,1,4,2,27,7,2,25,1,0,1,32,4,4,5,2,19,2,6,1,2,0,1,1,0,2,36,0,25,1,16,0,34,1,1,1,0,1,2,2,1,24,1,1,2,0
1,3,32,0,0,4,2,12,40,0,0,2,23,1,1,2,1,2,28,0,15,2,0,4,0,0,2,25,2,17,2,3,2,2,0,0,5,1,36,2,1,0,0,1,1,4,8,2,0,34,2,3,25,4,1,20,4,0,0,1,2,0,3,0,1,0,1,0,10,0,1,23,18,32,3,0,7,3,19,2,27,2,29,2,21,1,0,28,0,21,19,5,3,2,0,3,0,2,28,2,24,1,3,3,2,34,0,22,19,0,0,4,19,0,1,3,3,0,29,0,2,5,0,31,3,0,2,2,7,17,24,23,2,1,20,1,23,4,0,22,0,1,5,13,2,1,2,0,1,1,22,2,1,18,0,2,1,0,32,1,2,2,1,1,2,1,0,0,15,0,0,24,1,4,0,14,1,10,1,1,1,0,4,0,2,19,1,19,13,0,4,1,0,0,3,0,2,2,0,3,6,4,25,0,23,26,0,3,1
2,3,1,1,3,19,33,5,14,2,22,6,27,1,3,2,3,0,1,3,31,26,22,3,24,19,2,22,23,4,1,0,5,2,2,3,28,27,31,18,34,0,2,34,4,1,2,2,2,30,1,2,3,28,1,3,1,2,17,7,36,0,26,26,1,0,29,40,2,2,1,2,5,0,2,0,3,1,16,6,3,3,6,3,0,3,0,14,1,1,27,5,0,3,3,3,3,0,15,6,0,27,4,4,2,4,17,1,3,6,4,5,2,2,2,24,3,23,2,18,1,10,3,20,1,1,0,2,2,2,23,3,1,10,18,0,3,1,4,0,24,10,4,2,1,1,5,2,18,0,1,22,20,3,1,2,26,3,4,1,3,21,3,3,3,29,19,0,4,3,5,4,3,25,0,0,2,1,24,32,3,2,2,1,3,1,28,1,3,3,3,9,3,4,32,2,25,1,3,1,2,25,1,0,3,2,2,29,4
29,3,21,29,0,1,1,3,3,27,2,2,3,0,1,3,1,3,15,1,0,3,17,1,3,2,1,1,1,0,27,0,1,4,2,0,2,1,2,22,2,36,2,0,1,2,4,26,40,0,1,0,2,0,30,2,0,0,34,0,22,0,2,3,3,2,0,2,0,1,2,2,0,27,17,19,2,2,26,1,0,26,5,0,1,3,5,2,5,3,5,1,29,13,3,2,1,0,2,1,0,1,5,33,28,2,3,2,21,0,3,1,3,14,3,2,20,0,1,2,0,43,0,3,1,11,34,6,2,1,3,1,26,5,33,1,0,1,1,28,0,36,21,0,1,0,4,1,3,6,0,3,0,2,3,2,1,3,28,1,34,2,2,0,0,15,2,3,0,5,0,1,31,2,1,1,8,1,1,1,37,22,16,3,1,2,2,20,27,2,0,35,0,1,2,24,5,1,1,28,14,3,0,18,3,0,1,3,0
24,2,4,1,16,3,1,2,23,2,20,4,0,0,27,3,24,1,0,1,2,2,0,6,5,20,0,1,2,26,8,0,3,2,3,1,24,0,3,2,1,1,1,2,0,1,29,1,31,2,2,22,3,1,0,4,1,2,28,6,20,29,13,3,1,2,23,28,5,1,1,1,0,27,4,28,0,4,1,2,1,0,35,15,1,24,16,1,22,5,1,2,0,0,3,21,2,17,24,3,4,22,5,5,0,35,4,0,3,0,18,5,3,2,23,4,19,27,2,3,0,3,17,1,3,7,2,21,3,2,30,31,2,1,1,34,1,4,29,1,0,24,3,3,3,1,1,23,28,0,4,2,22,1,4,22,25,1,5,21,0,1,2,2,39,17,2,0,7,1,6,3,2,2,2,2,2,1,1,0,25,5,4,24,25,0,5,3,1,1,0,2,35,0,27,20,0,4,3,1,1,2,23,3,0,33,1,0,28
5,2,3,0,3,1,25,1,1,27,0,1,5,25,14,17,10,3,2,1,2,2,19,22,2,2,4,31,0,0,1,25,0,4,1,2,21,3,2,26,33,1,23,9,1,16,0,1,1,0,3,21,5,0,26,2,4,26,3,1,21,2,1,1,10,22,1,5,27,1,24,0,1,1,2,2,2,2,4,1,4,0,2,0,1,12,3,3,2,1,1,1,0,4,1,34,29,2,16,1,0,1,0,5,2,2,2,30,1,1,14,2,0,14,2,2,5,8,7,0,14,31,3,0,2,17,0,18,0,0,1,26,21,1,7,3,1,1,1,1,5,5,0,4,1,15,6,1,1,2,1,4,20,19,0,1,41,13,0,2,8,30,0,3,1,2,0,1,26,8,0,16,0,3,44,3,17,7,2,1,31,1,4,1,0,1,0,28,2,19,7,0,0,21,15,3,0,19,22,2,2,26,2,25,2,0,0,2,4
1,0,1,1,0,0,0,5,3,1,2,3,2,13,9,0,14,2,1,3,2,16,28,2,2,0,30,0,18,0,16,3,2,4,1,0,4,0,2,3,1,0,0,3,25,15,2,3,25,24,1,3,3,1,4,1,13,3,1,14,1,1,33,3,0,3,1,2,0,15,1,1,2,36,4,1,0,2,19,2,15,19,22,7,3,1,4,3,5,3,26,0,22,4,4,2,21,2,5,16,4,1,32,22,35,0,0,4,2,2,0,2,0,31,12,8,1,32,1,18,0,4,1,0,27,20,5,0,2,19,0,3,2,4,24,2,29,20,3,3,1,0,2,0,4,1,8,3,5,5,1,1,2,24,1,33,0,4,33,0,28,0,15,6,0,4,24,0,31,2,15,10,1,0,1,15,4,2,0,2,9,0,2,0,16,2,23,3,0,0,1,4,1,17,0,0,30,3,16,2,19,0,2,2,4,17,21,1,17
15,31,4,3,0,1,22,32,4,1,3,42,1,1,2,18,2,0,0,0,1,1,0,2,4,4,0,2,2,1,2,1,0,6,6,3,3,2,27,1,13,1,4,0,28,22,1,0,0,1,0,0,0,19,1,4,0,3,29,2,2,26,0,0,3,1,2,2,0,0,4,0,1,1,31,0,1,2,2,0,22,1,1,27,23,29,35,4,0,8,0,1,2,25,0,11,10,4,3,1,0,3,0,1,1,4,3,3,27,0,2,3,2,4,31,22,3,33,2,0,26,24,23,0,0,4,0,26,21,0,1,1,18,0,0,0,1,14,24,3,0,29,2,4,2,1,3,1,4,1,1,1,7,1,0,20,0,27,2,9,2,0,0,21,16,8,1,3,3,2,19,3,1,1,0,4,2,33,20,1,3,1,21,25,0,22,0,1,31,6,30,5,1,0,1,0,5,15,1,2,1,0,0,11,0,0,1,0,4
2,1,4,1,17,29,2,2,24,20,10,0,19,2,24,0,1,4,1,37,3,5,0,5,17,2,26,4,5,27,1,4,21,1,31,3,24,3,13,5,33,23,4,24,6,21,2,28,21,1,1,20,0,1,1,2,3,2,1,0,14,3,28,5,24,2,0,16,0,17,27,3,16,4,4,2,1,1,2,2,26,23,4,5,5,2,0,2,8,26,2,0,4,16,44,12,4,21,2,17,3,2,3,40,25,0,0,2,20,2,14,30,32,19,24,2,0,30,24,18,16,20,31,21,18,20,2,22,2,3,4,4,24,1,1,4,11,0,3,4,27,2,22,4,3,3,17,23,21,0,6,0,1,20,25,0,3,20,3,17,35,2,17,2,38,4,22,21,3,28,4,1,10,27,5,1,3,3,1,6,3,23,1,1,20,29,35,2,1,20,0,3,2,3,28,1,15,0,27,21,2,27,1,1,33,16,3,0,26
2,0,1,4,2,3,22,2,33,2,3,3,1,6,9,3,2,18,14,1,4,1,6,3,1,3,2,1,2,0,0,0,11,1,1,20,18,3,16,4,2,1,4,3,14,32,3,8,2,3,1,5,2,1,20,2,2,1,1,20,6,26,1,2,0,25,20,11,0,1,0,2,0,0,2,2,2,6,1,0,3,13,4,14,2,21,20,3,25,18,24,33,0,2,1,2,5,4,15,20,35,19,31,2,1,0,1,0,25,22,2,4,18,0,21,26,3,25,3,13,5,13,3,20,0,25,2,20,2,1,2,3,2,5,29,17,3,2,1,0,0,1,35,19,0,19,0,3,35,20,2,1,12,2,19,22,0,22,4,0,0,37,20,3,0,0,4,6,14,8,1,1,0,2,4,15,1,1,9,1,1,6,2,2,0,27,3,19,2,0,6,1,3,4,4,4,4,2,0,0,9,16,3,31,4,3,2,16,14
1,3,4,0,3,4,14,2,0,15,1,4,20,2,2,3,21,2,3,20,2,34,3,0,1,5,3,26,20,1,24,0,25,0,17,23,3,1,1,3,8,30,0,3,1,0,6,4,0,21,33,2,0,3,0,1,0,0,28,0,0,2,1,0,0,0,1,0,21,2,16,0,30,0,0,6,2,23,3,1,29,0,16,32,5,2,9,1,2,3,17,3,16,25,1,2,19,4,23,21,33,0,1,2,1,16,14,17,0,5,0,0,0,3,0,26,0,22,3,31,3,0,20,18,0,0,0,24,3,0,2,1,1,0,0,1,15,2,21,0,30,0,0,22,29,1,0,0,0,1,0,1,1,5,2,15,18,21,21,3,0,0,16,1,30,5,18,3,1,2,20,1,24,1,1,31,33,23,16,1,0,25,14,30,0,3,3,1,7,8,31,0,0,23,2,40,0,1,0,2,0,35,19,3,0,30,29,23,19
3,2,0,31,15,5,2,0,1,0,0,1,30,1,4,4,4,3,17,3,0,3,24,3,1,1,4,6,3,1,1,3,1,1,2,3,3,1,3,1,0,5,3,15,5,1,45,2,27,2,1,4,0,21,4,1,1,2,2,1,0,2,3,16,1,24,1,2,1,3,1,4,0,2,21,1,0,23,4,3,0,1,14,1,2,1,28,1,22,7,2,21,0,2,3,5,19,0,22,2,15,15,1,2,1,0,2,27,2,23,2,17,0,4,1,2,0,11,3,31,2,0,2,3,2,0,6,4,3,25,1,2,2,4,4,0,14,1,32,0,4,21,2,2,2,17,6,1,0,25,2,1,2,0,23,4,2,0,1,48,4,19,17,1,3,0,0,1,9,31,19,21,1,1,26,2,2,0,4,1,3,18,2,0,27,29,4,0,20,1,26,3,28,5,3,4,27,21,3,14,3,6,4,1,4,22,2,22,24
6,21,1,0,33,25,1,3,2,2,0,24,1,19,0,3,1,40,3,2,0,0,0,4,16,0,2,3,28,26,14,1,5,18,2,0,23,1,20,23,2,1,0,3,1,25,0,36,2,3,2,0,1,19,2,0,0,14,20,31,0,19,0,0,1,1,5,23,3,33,5,0,17,4,1,5,15,1,3,19,20,6,28,2,22,2,0,23,25,24,28,2,2,30,27,29,1,16,28,19,5,30,18,25,2,3,11,16,0,26,1,27,0,1,18,32,3,0,3,4,20,23,27,4,4,26,1,0,30,8,0,4,0,1,1,13,2,1,12,3,23,1,3,4,0,5,3,0,1,17,4,16,4,25,0,24,31,6,26,1,2,4,15,4,0,2,7,1,4,11,0,0,26,0,1,17,23,1,3,0,2,24,1,31,1,38,1,17,15,25,22,24,15,28,1,2,28,1,22,3,19,0,16,4,2,2,4,2,1
4,6,2,18,3,2,6,2,0,5,6,2,14,14,1,0,4,4,0,21,24,0,16,0,4,5,0,16,0,24,4,0,2,1,0,1,5,2,0,2,2,20,0,3,12,2,1,2,0,1,2,0,9,0,1,0,15,0,1,1,5,3,0,38,3,4,27,4,0,27,1,16,1,1,1,3,0,2,24,29,4,19,0,6,1,7,1,10,3,4,0,0,12,0,25,3,1,3,12,2,0,1,3,6,13,0,1,3,2,1,3,1,1,3,36,29,0,5,10,3,6,1,2,34,4,2,26,18,21,4,0,1,2,4,1,5,3,1,5,1,19,5,1,1,1,4,6,35,0,1,1,20,2,5,20,3,26,2,0,2,19,0,0,4,1,0,0,1,2,0,0,0,9,1,14,2,31,19,3,2,3,1,22,1,0,1,2,2,2,0,18,0,4,12,2,24,19,3,3,3,0,1,2,1,5,23,26,2,6
1,1,0,3,5,23,1,2,2,15,26,2,8,19,46,2,24,3,26,1,0,0,1,0,3,4,3,2,25,2,1,0,32,4,1,0,0,1,24,0,16,1,2,17,1,18,2,2,0,0,0,1,2,27,4,0,0,5,2,0,6,22,2,27,4,31,1,3,5,1,0,17,6,4,0,38,28,1,2,31,1,6,2,3,5,0,3,2,2,17,14,1,1,2,21,2,21,1,1,1,4,1,8,1,24,1,3,1,22,2,25,14,2,1,2,1,1,2,4,0,2,3,1,5,4,1,1,1,1,1,18,0,0,0,3,2,32,0,4,2,3,27,4,1,1,25,15,0,0,1,26,29,24,17,0,1,1,31,1,28,0,1,17,3,3,25,1,4,19,25,32,14,5,1,4,0,1,31,1,4,30,13,16,0,1,1,19,2,2,0,5,21,0,4,1,2,24,0,2,0,12,1,0,1,14,26,0,2,0
12,35,0,3,2,5,5,1,6,0,2,0,3,1,2,22,1,30,0,0,16,2,15,20,18,3,0,15,1,0,2,5,2,0,24,2,3,2,25,1,32,1,1,27,1,0,4,0,42,4,2,23,5,36,1,16,3,41,0,1,1,2,27,0,2,3,0,1,3,2,25,0,1,2,22,1,18,0,5,2,0,24,4,25,1,1,16,1,38,6,17,30,20,12,3,25,20,3,1,0,0,38,3,2,1,3,0,4,28,1,1,8,0,25,1,28,3,14,2,2,20,1,2,12,4,28,2,20,2,21,24,1,19,0,2,24,1,0,0,1,3,3,2,2,24,3,3,6,1,2,1,4,11,0,2,4,25,1,1,5,2,0,3,28,2,29,1,27,3,3,13,2,2,4,0,0,3,16,17,6,1,3,0,28,2,0,1,4,27,5,1,19,2,1,31,13,23,2,1,3,3,30,1,4,25,4,20,23,18
3,18,9,0,1,4,1,21,3,3,39,1,8,22,5,16,3,23,2,0,5,0,0,1,0,6,3,2,0,4,0,2,3,0,19,0,31,4,3,0,1,3,1,19,0,11,2,1,1,2,16,17,0,0,21,1,0,2,1,3,25,54,16,33,1,2,15,0,2,0,0,5,3,16,4,13,5,4,8,0,1,6,2,2,6,3,4,1,1,6,21,0,1,1,6,21,1,25,8,13,25,21,2,4,3,0,3,1,1,2,20,2,24,2,16,2,0,2,2,0,16,1,1,17,3,21,16,3,2,1,21,0,3,21,3,2,3,0,4,4,3,25,0,20,26,0,1,0,4,0,2,1,21,2,3,0,3,6,3,0,15,2,26,1,0,24,2,20,30,3,1,0,1,13,3,2,1,6,15,20,29,5,4,2,39,1,1,1,3,18,3,2,0,25,3,2,1,0,2,1,1,25,0,1,3,0,3,0,5
2,0,3,2,38,0,2,1,0,23,26,2,5,26,24,3,2,0,1,19,13,19,1,2,4,0,0,38,1,1,31,1,2,2,4,5,29,2,3,33,33,1,3,4,3,3,0,4,25,5,0,15,2,6,1,17,14,0,1,3,1,0,1,18,28,2,12,1,6,17,30,0,1,4,20,18,2,3,4,16,11,1,4,3,27,1,36,12,4,1,4,1,1,18,0,37,1,16,0,2,26,7,28,1,2,1,0,18,7,1,0,3,17,5,32,0,4,1,3,0,0,1,1,1,5,4,0,3,1,1,25,5,17,0,1,19,1,6,21,3,20,3,4,3,2,16,31,3,21,28,27,0,28,5,1,0,4,3,0,5,1,7,0,0,5,1,2,14,23,3,1,30,22,22,1,0,16,2,1,11,4,0,14,5,2,3,1,1,11,29,2,24,19,2,1,32,22,1,1,38,26,1,3,2,18,26,26,1,1
15,0,2,2,4,3,29,0,2,31,0,0,7,0,6,2,0,2,0,5,1,2,3,6,14,30,3,2,3,0,23,0,0,4,31,7,22,9,24,21,1,18,26,2,19,2,2,2,0,0,1,3,4,2,3,3,20,25,28,11,25,2,1,0,32,1,4,1,3,1,3,20,22,0,27,1,0,29,5,1,0,1,21,21,5,2,4,24,19,28,1,14,19,2,2,26,0,2,9,6,0,23,4,0,26,23,27,0,3,0,1,0,1,26,26,5,2,0,2,1,2,5,3,2,10,1,2,2,0,0,0,4,1,1,0,0,2,1,3,3,2,4,22,28,1,0,2,2,1,2,0,1,1,4,2,1,2,0,36,0,3,23,0,24,1,7,20,4,4,27,2,3,3,1,1,0,1,1,3,17,0,23,4,4,1,28,2,1,26,1,6,27,26,13,4,10,3,26,3,12,2,19,5,2,1,2,15,32,0
4,1,2,3,3,3,1,18,32,11,2,0,12,2,4,1,0,4,0,28,25,20,38,0,4,13,0,4,3,0,10,2,0,0,0,6,4,26,4,1,3,5,24,28,2,0,2,2,3,1,19,24,2,24,0,14,4,2,2,0,1,1,4,0,2,2,3,26,3,21,3,0,20,1,31,0,21,1,6,1,1,0,18,5,2,5,14,26,2,0,13,29,26,26,1,2,18,1,1,4,16,1,1,2,27,29,1,30,31,0,1,17,3,23,1,17,0,25,4,21,30,24,0,2,17,1,36,8,1,8,1,1,23,3,21,2,1,1,3,0,25,3,2,23,3,1,3,1,6,3,24,18,1,4,8,27,25,23,15,2,3,34,0,15,3,3,31,25,4,4,3,24,2,4,4,2,1,28,5,18,28,4,13,5,1,0,6,27,2,2,28,27,2,19,2,21,24,4,4,1,27,0,2,0,2,3,1,21,25
