2,29,2,35,33,3,4,5,5,42,4,32,28,0,2,32,2,5,5,30,5,1,2,24,1,7,1,8,3,5,27,36,8,44,9,8,7,2,4,2,2,7,4,31,44,9,24,17,3,23,41,3,6,46,31,8,6,0,10,5,9,2,0,16,5,8,5,6,8,2,2,16,10,5,25,6,8,4,21,38,27,1,26,1,37,23,3,4,27,3,3,35,3,24,33,21,12,4,5,39,0,8,0,27,19,4,19,5,6,8,38,20,22,38,26,3,46,21,6,6,44,3,4,1,28,1,9,41,35,2,20,2,7,0,5,7,2,29,9,1,4,1,25,5,7,3,5,27,44,27,23,8,1,7,32,32,23,26,34,1,33,39,41,2,7,1,36,4,23
4,51,4,4,2,2,2,3,3,40,11,22,33,7,8,28,0,5,30,3,5,31,1,8,2,6,3,19,2,24,0,2,4,21,3,32,21,29,5,4,7,27,30,0,23,9,23,3,11,0,2,25,1,37,8,6,27,6,2,2,43,7,4,32,3,12,40,1,35,5,19,0,2,50,7,9,4,28,34,5,0,1,3,3,6,4,0,0,5,1,6,8,6,34,8,0,30,4,32,0,44,3,4,10,21,5,4,34,3,4,27,12,4,1,4,3,4,38,22,30,3,36,8,29,4,32,13,31,4,25,5,3,5,18,6,30,20,40,6,3,2,31,4,33,4,27,0,1,30,3,7,2,4,5,7,7,3,6,7,31,6,43,36,7,3,3,5,0,5
6,1,7,38,4,4,9,2,22,12,0,31,4,37,0,29,3,1,1,6,37,6,25,6,0,27,0,8,3,8,37,7,24,4,27,1,5,22,7,8,4,7,0,2,9,22,3,37,32,0,27,42,7,6,0,43,2,24,7,6,7,1,3,27,22,6,6,3,4,1,4,1,24,1,6,1,10,4,34,6,5,34,2,5,1,10,10,0,44,28,6,4,8,4,4,47,1,30,6,6,5,9,5,27,2,20,7,5,1,30,33,30,6,3,2,6,47,17,1,1,6,4,8,7,6,25,37,4,5,1,0,10,19,16,36,23,7,2,1,26,1,33,28,3,8,2,17,2,4,1,7,5,4,5,4,29,36,33,7,5,19,6,9,3,4,18,7,8,4
7,17,27,31,9,0,22,4,2,39,15,1,34,1,1,7,7,6,6,2,9,6,9,6,9,1,18,3,2,25,9,10,3,3,2,3,8,4,31,3,20,7,7,24,4,7,14,16,28,3,5,10,0,2,2,18,25,4,4,3,38,2,3,6,5,25,25,21,3,38,23,32,39,0,47,3,2,6,6,4,13,9,0,23,20,44,9,6,5,11,31,5,16,0,19,7,50,25,1,6,6,3,0,2,44,6,0,6,0,7,2,0,7,28,27,5,3,42,4,3,0,37,1,20,8,3,3,17,0,11,28,2,49,26,7,5,23,24,8,0,38,35,28,29,1,5,6,3,3,39,0,33,32,30,21,7,6,6,3,1,21,0,18,3,3,5,22,40,4
2,6,0,4,0,20,30,5,6,8,27,1,9,41,3,4,33,5,19,1,2,37,34,0,10,8,18,30,37,6,16,10,6,9,10,5,1,6,34,30,5,3,0,35,30,7,22,21,5,0,6,36,4,39,5,0,1,8,32,2,31,24,5,4,9,36,0,37,3,21,7,24,2,4,3,7,23,29,4,6,7,8,3,29,30,5,4,27,2,2,32,7,29,20,2,1,0,4,43,3,6,10,24,2,3,6,2,4,4,27,7,26,4,1,0,12,34,1,3,36,33,29,0,24,29,31,22,6,0,3,7,23,1,23,3,49,23,9,52,2,1,27,0,36,27,1,1,0,5,6,7,7,30,51,40,4,7,9,3,24,13,30,3,36,8,3,27,2,6
2,26,27,3,2,2,34,5,5,62,31,50,12,5,7,7,5,2,2,6,44,7,3,3,3,5,9,8,3,3,3,30,32,32,34,5,21,17,31,3,4,2,30,41,2,26,4,5,5,4,3,8,41,5,0,10,28,14,4,19,7,40,26,9,2,37,4,10,1,26,8,8,21,4,43,2,27,0,26,3,5,22,3,4,2,24,2,11,4,4,3,2,18,43,21,28,26,9,7,8,2,26,5,6,30,0,6,38,5,45,40,1,39,9,0,23,4,25,8,2,6,1,4,25,29,45,4,34,23,23,3,13,6,9,4,10,5,1,38,2,24,7,1,4,36,7,6,30,2,8,5,7,26,31,3,28,4,11,3,3,29,3,20,8,11,6,23,5,2
25,1,5,29,3,26,25,6,8,8,0,39,33,1,9,2,41,3,26,36,21,3,18,4,6,5,4,24,21,6,3,4,3,2,32,1,10,17,45,2,4,2,19,47,23,2,20,1,5,37,7,4,30,32,3,23,6,3,5,5,40,1,13,10,17,2,2,9,4,26,5,25,8,5,24,39,14,22,14,8,2,5,24,28,9,31,5,4,6,30,1,29,32,11,5,0,7,6,9,5,21,46,3,7,21,17,21,16,31,0,22,6,16,3,6,5,8,3,5,15,2,4,0,23,22,6,38,2,37,23,8,23,18,1,3,3,4,2,9,6,26,32,1,0,34,1,36,3,9,36,5,2,22,8,6,7,8,6,1,1,16,2,18,3,3,3,5,27,4
1,25,2,2,2,38,4,3,1,6,39,6,0,1,48,19,13,4,6,10,3,1,39,0,35,23,7,38,23,41,23,25,6,4,9,39,26,31,3,36,0,4,3,36,8,0,25,3,4,1,6,0,38,7,0,3,6,8,1,10,4,5,5,41,16,5,37,32,26,4,1,23,5,34,2,8,2,38,4,18,28,3,6,33,1,7,7,5,20,4,31,5,3,5,10,3,7,6,2,2,5,33,5,3,2,4,5,5,2,3,37,19,6,40,1,19,6,3,3,18,7,32,2,4,4,4,4,2,4,0,4,43,7,5,0,5,37,4,6,7,5,22,1,2,0,28,2,5,6,9,23,5,8,0,1,2,36,8,10,6,2,3,38,6,28,8,2,4,32
3,31,6,3,8,27,8,32,5,4,3,0,24,7,4,50,4,34,40,39,4,38,1,5,0,4,8,2,2,31,3,8,31,28,1,37,26,6,26,18,5,30,42,4,32,20,28,4,21,6,3,5,6,0,41,38,2,5,4,2,37,3,3,6,2,17,36,39,25,0,5,3,8,6,5,6,38,32,6,3,26,19,30,16,5,5,9,45,3,24,1,26,8,5,4,54,36,4,6,0,3,5,50,4,28,26,39,3,4,0,4,4,0,2,32,6,7,44,38,9,3,1,5,42,29,11,3,33,5,4,30,2,2,44,2,42,2,33,36,7,41,32,8,6,1,2,33,10,6,3,1,23,21,1,2,14,8,5,26,4,1,4,23,7,24,43,37,2,4
3,27,1,31,24,4,0,12,25,8,28,1,30,7,32,29,1,5,0,1,33,6,3,20,0,7,5,8,11,5,4,0,27,1,3,7,0,43,29,1,0,20,28,29,3,2,1,1,20,0,13,2,6,35,29,3,4,6,1,0,21,17,0,5,24,2,29,19,12,36,0,6,4,1,38,3,1,2,4,29,4,45,6,26,2,3,3,4,3,20,13,35,4,26,10,32,32,22,35,4,36,5,27,1,5,28,2,1,30,34,31,2,32,6,3,25,47,3,37,7,6,6,1,9,41,0,3,1,1,12,3,5,5,5,21,16,5,5,6,22,3,45,4,16,40,44,27,2,3,36,3,3,26,49,2,9,6,2,3,8,2,28,5,6,5,16,0,5,0
1,48,7,5,5,8,4,36,0,2,39,22,27,3,7,20,28,19,4,2,3,42,22,5,33,5,7,32,24,30,4,2,31,1,5,24,31,21,28,27,26,2,3,6,2,28,0,3,8,37,8,22,3,9,3,5,21,2,20,33,41,6,28,2,51,1,5,1,3,2,34,31,2,3,0,29,1,2,18,2,3,7,37,18,8,4,0,0,26,5,28,6,4,3,28,15,11,23,28,5,42,3,4,8,3,4,3,16,5,7,40,6,3,10,27,20,25,9,1,7,9,11,7,2,28,10,6,19,0,6,2,29,1,29,1,1,38,37,1,0,37,25,9,3,16,4,11,3,1,0,7,39,3,7,3,5,24,19,34,3,8,21,8,5,4,25,10,39,0
33,3,2,0,26,6,10,5,3,6,32,47,3,4,4,3,5,33,36,26,45,44,22,5,2,39,4,38,35,8,5,5,1,2,5,32,4,4,39,38,25,30,7,33,5,27,2,0,6,2,9,18,7,4,24,2,8,5,28,4,1,5,6,3,1,4,1,18,6,4,4,5,4,1,42,24,26,6,1,5,1,8,7,31,5,12,52,9,9,2,3,28,5,5,24,0,3,0,2,8,8,1,4,23,5,8,5,28,6,1,5,2,9,20,0,36,4,24,28,6,0,4,2,1,7,24,4,21,6,1,7,14,22,21,2,4,20,1,36,5,5,35,2,2,1,4,2,1,37,3,4,5,8,40,3,1,4,8,8,2,24,49,0,0,18,3,5,29,0
5,3,2,1,2,2,39,3,22,1,16,2,4,4,0,1,1,0,0,7,39,3,28,1,5,13,33,1,32,24,4,6,4,5,31,4,10,3,2,12,10,12,4,51,4,1,5,3,5,6,2,3,37,17,6,3,4,1,37,4,5,2,10,3,7,1,6,0,2,6,7,0,0,4,7,8,2,4,5,4,32,3,17,29,24,1,6,27,4,2,3,28,16,8,8,5,27,3,4,6,40,0,2,6,3,31,1,6,4,4,40,2,30,18,1,6,50,10,32,3,29,58,1,0,6,3,4,5,45,13,27,3,2,5,6,4,2,4,0,40,3,8,7,4,12,2,20,36,34,10,2,34,7,4,31,48,30,3,47,32,3,5,0,1,32,16,5,36,10
56,6,36,5,6,12,8,26,8,5,1,1,42,46,25,0,19,3,34,5,5,41,5,2,9,34,0,3,6,6,30,1,8,5,4,37,6,8,20,38,0,24,32,40,8,4,31,8,36,0,8,5,35,27,27,38,11,7,4,6,30,0,6,20,3,6,24,3,25,0,4,2,18,6,3,7,2,10,12,5,0,11,1,7,3,2,33,6,25,10,6,0,7,4,7,5,5,0,2,9,38,1,6,47,7,1,34,0,8,27,32,30,4,9,26,5,17,2,6,28,4,0,4,25,0,6,26,2,6,1,7,29,5,6,8,18,39,2,30,5,0,3,7,5,7,23,28,24,3,5,6,4,37,42,7,0,4,28,5,5,2,11,20,7,3,7,2,33,29
7,3,6,5,1,0,6,4,0,16,2,7,25,23,16,40,18,5,22,20,2,43,7,4,8,2,6,4,18,7,2,25,3,7,11,3,5,42,1,40,7,2,8,10,10,45,3,40,7,7,6,0,27,6,23,0,6,14,1,4,31,39,28,11,7,33,23,22,5,6,31,8,33,4,5,21,23,7,3,23,23,23,32,8,6,17,30,23,27,0,14,34,31,20,0,9,17,6,7,9,2,34,3,26,30,0,2,27,5,1,18,14,3,23,1,7,16,3,2,3,10,3,6,3,1,6,27,5,2,4,4,11,2,34,19,11,6,4,30,19,15,32,9,4,23,5,36,25,4,19,3,22,3,26,47,9,32,39,9,4,20,5,1,7,0,35,3,1,1
0,35,36,7,26,34,18,32,22,3,42,11,28,1,1,3,5,29,10,59,0,0,7,17,4,2,0,6,26,0,28,4,0,25,5,0,7,0,0,1,2,21,6,1,5,19,6,6,5,0,16,4,3,38,8,28,25,11,20,3,5,3,1,9,5,3,1,39,29,2,47,19,0,7,19,7,7,44,22,15,7,4,18,6,6,2,1,33,37,5,28,0,1,8,1,4,3,28,38,20,0,37,2,0,8,30,7,1,5,1,3,8,4,40,2,11,3,34,6,0,2,0,23,3,5,43,25,3,9,2,29,24,3,4,23,6,1,29,4,19,6,30,43,19,43,3,27,22,20,7,6,24,6,10,35,32,23,13,44,7,40,1,14,33,0,45,30,4,5
26,5,33,10,8,3,30,5,34,7,41,2,0,2,4,3,8,48,8,39,3,4,5,3,23,0,32,44,4,8,28,1,12,32,40,7,2,5,3,6,21,7,6,3,10,3,6,3,24,3,34,3,7,3,31,27,1,1,3,3,2,0,6,6,6,7,2,5,1,39,24,1,4,5,21,31,0,2,6,2,31,41,33,2,1,2,4,7,1,4,5,32,33,3,1,3,40,6,0,20,6,26,41,5,6,2,3,1,35,10,3,4,21,0,3,6,7,20,4,27,34,7,8,1,5,2,26,6,30,5,5,3,23,2,4,26,3,33,0,29,28,49,1,35,3,28,2,1,9,3,5,26,3,5,4,5,2,9,38,2,6,4,6,7,23,7,6,35,41
4,3,6,17,4,7,3,0,1,8,23,4,38,3,1,39,46,33,29,4,36,5,1,41,24,38,1,27,5,23,2,0,33,3,2,29,32,34,5,3,1,2,1,5,1,3,6,2,34,3,27,37,4,2,17,13,33,0,0,7,45,1,32,42,6,36,5,9,6,1,22,33,47,4,42,4,4,3,4,0,48,2,29,5,8,17,40,4,36,4,3,39,1,25,7,21,0,32,19,6,6,4,37,23,4,8,31,3,3,10,7,9,1,7,2,3,5,34,5,5,3,4,5,1,9,7,4,2,26,10,3,34,35,7,4,5,4,0,14,0,2,38,3,23,36,6,4,5,1,33,1,2,5,35,26,5,5,4,20,27,6,5,2,6,5,3,1,1,30
8,20,34,3,3,7,24,6,42,32,4,11,29,6,2,6,1,41,23,1,36,4,6,4,0,6,25,1,5,4,3,5,4,7,5,47,23,29,33,16,41,5,6,34,5,0,7,16,3,9,8,32,5,1,1,0,39,3,7,2,50,39,18,35,4,33,3,5,38,1,0,7,0,9,35,2,4,6,40,27,39,5,20,3,26,5,29,4,5,6,1,2,7,7,2,8,3,7,17,37,14,1,0,3,5,2,32,40,1,6,46,23,22,0,3,0,7,3,3,4,5,43,31,39,3,48,8,2,5,2,41,3,2,1,8,22,7,43,5,4,1,40,3,1,2,4,2,44,2,6,6,44,2,23,7,50,1,0,7,17,36,4,5,3,4,16,2,44,43
22,10,5,5,29,10,2,51,25,15,34,38,3,3,5,34,0,3,5,5,35,31,5,1,10,1,1,0,29,5,30,26,2,3,4,6,9,7,4,39,6,40,5,5,2,3,5,33,3,1,4,7,5,2,1,5,7,40,3,7,38,3,29,2,44,4,3,36,6,19,5,2,2,10,3,27,6,36,3,4,8,4,22,1,7,36,35,41,4,3,25,5,1,3,36,26,42,29,10,4,5,3,25,29,5,24,40,0,1,40,6,35,8,30,6,38,0,30,31,20,3,0,22,3,15,4,38,1,0,1,8,0,1,13,23,7,51,38,5,39,1,0,6,6,5,4,32,27,12,0,4,17,47,5,5,5,5,39,29,2,3,1,45,6,35,5,7,30,26
29,2,6,33,2,6,3,26,30,3,4,0,43,32,4,23,3,30,8,15,0,7,8,20,50,1,1,2,4,7,5,26,2,9,28,13,6,10,4,34,5,5,38,4,2,5,6,13,35,44,0,5,16,7,39,6,5,7,4,33,1,2,4,0,1,4,4,2,3,20,8,3,3,29,42,8,28,2,5,8,4,7,4,3,31,8,21,32,2,1,0,2,8,8,7,19,4,6,3,6,52,4,47,46,19,2,20,3,2,30,1,2,15,5,33,6,5,9,8,18,42,3,8,4,1,5,1,41,1,8,40,5,4,3,5,7,5,10,5,4,0,17,6,28,5,4,47,27,8,21,25,1,36,3,38,27,18,13,4,3,31,9,5,36,4,5,28,10,38
4,23,6,6,6,2,0,3,5,26,32,8,30,28,36,15,0,3,4,4,39,34,4,36,1,1,4,19,3,40,8,36,9,4,8,6,7,3,4,8,7,4,34,2,2,6,14,8,27,5,0,3,33,7,6,24,1,4,5,9,7,29,4,39,3,35,4,1,3,27,6,7,1,36,35,0,10,33,26,3,0,1,4,22,39,34,3,34,32,4,20,2,5,1,2,8,19,6,4,2,22,5,0,36,5,24,24,22,22,0,5,4,24,4,18,4,12,39,3,2,15,0,28,5,27,2,26,7,8,31,18,8,12,5,2,4,7,7,41,0,8,27,38,6,14,6,50,5,36,3,1,38,1,4,2,25,6,25,14,19,38,10,29,6,0,3,4,39,37
61,1,5,1,3,4,6,8,15,32,1,27,32,2,49,16,2,1,7,37,30,7,25,4,4,2,10,25,1,2,10,5,6,1,7,4,2,7,4,4,34,2,37,5,5,32,23,7,4,0,43,2,2,28,6,3,0,2,0,26,9,3,19,20,20,5,12,8,8,38,4,31,16,1,10,24,2,35,8,39,8,2,1,7,30,4,2,2,28,28,18,4,7,5,21,22,4,24,3,1,52,7,1,0,28,61,3,6,4,0,31,0,0,13,3,32,6,4,31,8,7,17,23,5,38,32,3,10,1,26,4,4,38,4,5,7,6,6,29,2,15,4,3,6,8,14,4,29,29,30,10,2,9,42,4,5,4,12,26,39,6,29,8,4,3,8,4,44,2
30,44,8,11,30,27,28,3,4,36,0,2,3,8,0,7,2,6,8,2,5,34,25,39,7,7,7,0,25,31,34,29,19,5,20,4,5,39,0,3,3,8,1,25,17,34,38,5,20,2,42,7,39,9,8,9,33,2,4,40,27,4,9,21,31,46,6,45,5,20,5,1,3,0,3,14,4,3,29,0,1,37,1,46,3,3,27,7,3,18,0,3,0,18,11,8,33,2,22,28,1,6,0,3,0,5,5,3,39,2,54,26,2,0,28,5,1,2,31,4,4,38,7,3,6,38,7,4,1,4,2,34,0,19,37,4,6,0,4,9,25,29,29,34,25,2,4,6,1,3,0,1,8,0,0,20,3,2,5,23,0,27,21,4,39,6,11,29,3
5,31,4,39,6,3,25,4,3,5,26,7,23,7,26,0,33,3,6,35,11,29,25,2,1,27,8,37,5,9,4,6,4,27,4,24,6,4,7,4,6,15,3,16,24,25,5,3,3,7,12,31,35,1,28,2,24,5,4,6,4,4,39,2,34,5,3,7,28,4,34,2,1,35,6,1,0,6,23,6,12,17,20,2,21,0,5,37,3,22,12,5,25,2,0,7,35,0,25,7,6,22,7,10,1,8,23,29,8,4,35,5,34,42,1,0,0,8,5,3,5,2,26,32,17,4,2,52,27,24,2,6,13,26,8,3,14,4,6,3,0,2,6,4,5,12,7,34,27,36,6,29,3,38,1,19,0,39,36,8,4,28,41,39,36,28,37,0,2
2,3,3,3,42,3,12,24,11,2,37,1,31,38,1,29,21,18,32,25,1,9,1,2,9,7,33,20,11,46,41,29,1,0,9,27,8,2,21,3,26,29,5,0,3,9,6,34,0,1,36,9,5,0,39,3,4,24,7,37,30,37,40,37,9,0,17,8,5,35,5,46,21,32,30,5,8,1,0,33,33,34,9,1,30,25,7,6,5,1,7,37,6,8,4,21,5,2,4,4,7,10,26,2,1,18,5,2,31,20,3,19,1,1,42,1,4,3,19,1,29,3,1,3,32,29,0,6,23,6,0,0,2,22,8,5,24,6,3,2,6,6,3,5,3,16,28,2,19,6,0,7,2,3,16,26,8,17,7,4,5,4,3,1,3,0,4,3,2
24,0,4,4,2,21,43,30,23,44,4,6,1,4,37,3,6,33,2,8,6,59,5,31,0,1,26,26,5,3,0,15,25,6,3,6,24,11,1,6,5,17,17,6,0,9,6,11,4,1,8,1,29,36,6,0,3,2,45,37,7,6,7,1,25,0,1,48,33,3,30,9,31,0,23,23,43,29,24,6,8,5,3,33,7,31,7,1,29,38,3,3,2,2,4,8,6,52,4,7,16,18,7,7,23,3,1,27,28,7,21,26,1,33,8,13,3,30,5,41,29,7,36,1,13,31,6,16,6,2,2,11,23,38,29,27,4,17,10,28,6,7,4,6,23,3,1,3,4,5,1,2,4,3,3,4,26,1,5,5,7,0,5,7,10,44,20,27,28
13,4,17,23,17,31,41,36,2,6,28,2,22,6,2,1,14,35,2,5,20,5,9,4,4,6,36,3,1,4,12,20,26,2,1,15,32,28,25,1,14,35,39,2,34,23,3,10,24,2,15,0,2,3,3,33,30,2,46,43,2,1,4,28,9,6,7,27,22,32,24,4,7,4,7,5,32,9,9,4,10,39,4,9,1,11,5,6,7,1,22,5,29,26,9,7,0,32,7,2,8,23,0,1,5,0,11,32,7,16,17,4,1,0,6,35,20,32,6,0,1,8,31,21,9,22,23,3,9,38,1,0,2,6,22,1,25,33,25,1,4,3,3,2,9,20,32,7,36,5,44,17,11,35,4,19,1,7,1,3,0,31,10,7,34,7,1,22,4
28,4,5,0,27,32,54,5,3,13,2,8,34,2,7,29,4,27,53,27,29,23,5,10,20,13,9,6,18,6,6,11,7,0,0,1,8,27,0,5,32,57,0,15,3,3,5,20,5,33,1,3,4,37,4,6,1,2,19,4,4,1,2,28,40,2,7,5,2,5,10,4,20,25,13,35,2,22,4,8,11,5,2,2,10,3,22,29,31,4,2,22,9,12,26,2,6,4,8,6,6,43,26,6,8,25,4,0,8,25,47,23,32,4,8,25,8,6,33,8,5,5,40,18,7,32,4,20,27,7,3,1,3,1,10,0,11,7,7,10,36,45,0,0,59,2,23,1,52,0,27,36,5,2,0,5,8,6,14,6,4,2,31,3,7,9,49,25,4
1,3,37,34,3,4,16,7,37,2,6,27,4,9,0,31,42,5,3,5,7,31,5,26,4,28,2,32,29,2,3,36,4,6,6,3,1,1,0,31,5,2,3,1,50,5,4,29,13,3,20,7,1,6,2,29,0,22,28,33,33,7,3,8,25,3,5,9,1,44,30,2,30,5,0,45,3,42,38,10,32,3,2,4,2,43,6,29,30,5,18,3,36,2,20,22,0,8,44,0,2,51,5,34,4,7,29,3,4,7,39,3,4,4,40,28,38,4,6,1,4,4,9,9,12,5,11,2,16,0,0,7,3,36,33,1,9,5,24,4,31,30,5,3,32,4,7,25,0,42,28,5,28,32,26,14,44,5,7,9,3,9,29,6,7,3,29,33,1
1,33,29,2,2,7,3,15,0,6,33,26,22,8,4,6,4,24,9,35,15,18,27,3,3,20,34,2,6,10,6,19,19,30,1,2,7,3,25,2,0,6,24,33,31,15,2,2,24,32,6,28,1,28,3,3,2,5,37,5,24,36,6,42,30,2,10,0,6,18,7,26,24,6,12,29,13,4,23,12,5,3,7,0,49,18,1,3,3,2,19,7,9,0,16,0,6,9,14,3,2,55,8,27,0,29,1,29,8,2,8,6,7,22,43,3,7,0,5,18,7,5,5,5,31,3,21,3,8,5,3,5,18,0,27,1,4,37,38,2,28,1,1,16,1,1,2,30,8,25,28,33,33,6,35,5,1,1,3,5,5,41,19,3,24,32,27,29,28
5,4,6,2,4,25,32,44,20,0,2,6,4,44,6,14,5,31,3,4,6,4,47,4,27,9,22,4,26,25,31,20,2,23,0,4,10,9,5,39,4,5,31,6,46,37,8,4,43,4,44,4,9,6,39,38,6,4,36,7,53,29,6,40,6,9,3,32,45,3,8,27,4,39,16,34,1,4,60,4,8,5,5,3,5,27,10,5,27,7,1,5,7,2,1,32,0,9,3,3,2,3,0,3,4,0,3,9,2,3,2,7,3,64,13,1,33,1,35,2,4,0,6,2,9,4,5,35,6,30,7,7,2,5,28,4,3,1,27,0,3,4,1,6,36,1,0,5,4,5,2,50,5,35,3,52,12,0,6,44,1,7,9,4,24,38,10,3,6
5,13,5,4,17,22,1,14,1,42,3,3,43,31,8,0,1,31,5,3,9,5,5,4,42,10,4,2,8,3,5,9,35,23,35,38,3,1,33,26,23,7,29,4,0,5,2,0,35,2,7,2,3,0,36,18,9,2,1,31,5,8,36,9,9,1,4,6,22,1,37,5,0,25,6,40,38,8,46,5,4,27,30,2,28,3,1,4,7,1,31,7,21,29,8,7,5,7,2,24,39,31,9,0,7,32,5,0,12,7,27,9,3,31,8,31,5,6,28,2,1,2,2,0,1,26,3,4,53,1,42,9,2,27,5,7,49,5,38,0,4,3,38,1,8,2,2,1,0,40,26,5,2,3,7,1,10,14,46,3,4,2,1,7,2,20,8,0,16
34,28,21,5,7,6,4,10,12,2,28,1,11,28,32,3,33,7,2,7,8,9,8,6,1,5,35,32,1,1,10,5,4,5,30,0,8,30,3,31,38,18,35,3,7,8,45,32,24,5,25,2,2,9,4,8,5,21,32,13,9,0,2,62,1,7,31,3,27,30,27,0,25,39,2,7,2,1,1,3,4,23,30,10,9,4,4,23,20,29,2,8,6,20,41,0,23,7,9,33,5,4,8,2,4,1,2,26,1,4,7,7,36,3,7,5,27,15,3,2,5,9,31,18,27,7,26,25,0,21,28,36,1,1,5,22,1,7,2,9,26,35,7,26,32,2,5,44,6,4,4,4,34,12,0,6,29,4,4,26,2,5,34,39,1,20,31,3,2
8,7,4,21,2,49,43,0,41,19,4,5,5,14,8,10,10,9,6,3,6,25,44,5,3,7,1,3,25,31,29,31,24,5,38,23,4,27,24,6,18,2,1,8,3,3,36,28,8,0,0,44,3,3,5,28,0,27,1,1,35,29,27,4,34,2,7,6,15,28,3,2,2,6,4,23,35,0,24,7,29,26,17,1,31,6,35,6,41,7,7,21,7,5,6,3,18,5,25,4,7,4,5,0,33,0,2,35,22,0,4,14,9,4,7,41,20,26,7,1,31,5,22,4,22,20,25,28,18,8,3,40,5,42,14,4,34,26,8,6,0,47,32,5,2,2,4,30,3,8,31,3,5,6,3,46,5,3,9,39,3,0,10,2,8,6,2,5,7
44,29,24,4,5,3,3,19,19,38,0,6,33,35,40,4,40,6,34,5,5,4,2,23,5,0,18,25,6,1,25,1,4,2,3,1,10,26,13,30,6,7,8,41,3,3,5,2,2,48,5,7,8,26,27,4,6,3,6,7,2,32,3,3,40,18,33,38,5,32,7,7,31,3,32,30,10,1,38,4,5,5,3,6,1,14,5,34,4,5,17,5,6,2,28,28,25,6,37,3,28,41,2,2,0,7,7,24,5,26,7,1,24,3,6,2,30,4,9,6,6,28,2,30,2,5,2,24,0,33,2,7,26,28,4,6,39,2,3,29,9,0,1,3,2,0,31,8,27,2,33,8,38,4,30,2,8,4,3,8,1,0,5,1,5,6,2,2,12
2,8,30,24,3,32,24,4,39,3,36,3,22,3,4,3,5,1,3,32,5,24,17,5,3,23,28,6,3,9,32,0,33,1,2,3,30,28,32,9,8,2,24,4,9,6,5,4,0,3,6,3,30,3,27,32,8,23,4,2,25,4,6,13,31,7,0,6,48,24,1,4,7,2,3,35,44,1,7,3,7,5,27,0,3,20,0,38,0,3,7,0,29,3,3,2,5,5,24,1,32,2,29,40,25,20,3,4,14,3,23,6,0,1,28,3,51,4,25,21,17,17,6,35,7,31,28,9,4,42,1,12,27,4,3,0,16,32,18,26,18,9,6,29,4,4,23,2,31,3,2,5,11,7,1,2,28,5,24,0,6,39,0,23,3,5,30,35,6
4,1,5,30,5,6,15,4,6,10,26,6,23,6,31,3,26,0,3,2,4,6,30,8,4,5,21,39,31,3,9,28,40,5,50,3,34,18,34,35,33,29,2,9,40,34,6,7,1,10,5,1,8,9,7,1,8,5,5,1,41,4,6,27,3,37,38,6,0,5,22,0,8,26,12,45,1,25,16,36,5,6,17,3,20,5,18,2,35,25,6,1,3,5,2,26,15,1,42,4,8,34,3,8,7,11,4,5,20,6,39,5,0,30,10,42,7,20,41,4,4,32,7,2,22,21,30,15,9,0,3,40,34,3,2,46,8,31,2,2,23,4,41,19,26,6,2,2,18,34,31,0,2,21,4,41,27,1,3,6,8,3,5,2,25,10,7,39,6
6,14,0,5,8,0,43,0,6,6,25,43,7,32,30,2,16,2,6,5,8,4,25,2,3,35,4,4,27,6,4,3,5,4,4,5,22,5,3,2,3,4,11,42,33,22,28,22,4,1,11,33,22,31,21,0,35,10,44,6,6,9,29,2,14,6,5,2,3,7,3,6,5,34,7,1,7,16,23,5,22,5,4,7,34,4,3,2,38,10,34,39,19,1,21,1,2,1,6,42,1,23,10,9,5,19,9,34,1,0,2,12,3,3,10,7,5,3,5,23,4,7,1,2,4,43,4,2,7,5,5,29,0,8,21,30,2,16,34,10,4,5,2,31,6,3,5,6,44,26,33,30,36,2,27,0,37,0,3,27,12,4,3,12,0,8,25,0,30
11,2,0,2,26,24,27,32,8,7,0,1,7,38,32,1,1,3,7,6,5,8,10,20,7,4,25,3,42,3,0,37,45,7,1,3,46,10,4,39,41,6,27,14,0,12,1,28,19,12,0,7,19,1,2,6,3,1,4,38,4,26,21,18,19,27,3,3,1,9,38,2,4,8,6,3,4,1,35,3,1,35,7,7,3,6,1,4,5,5,2,38,44,2,4,3,37,3,5,22,13,15,3,5,3,5,3,6,46,1,3,0,15,16,22,6,2,26,20,1,0,37,0,10,42,1,6,0,5,43,7,2,33,8,4,11,3,26,1,29,12,30,6,6,6,25,5,1,1,5,35,5,3,4,4,12,35,3,8,10,0,38,33,51,28,7,4,2,4
28,6,27,7,22,7,1,3,41,17,24,2,6,4,10,5,7,32,8,3,1,20,32,6,6,7,33,30,0,5,21,3,18,34,25,6,32,9,6,7,31,23,9,4,1,0,3,26,4,31,0,9,47,4,41,3,21,6,3,26,27,38,8,10,5,0,4,30,14,20,21,2,2,36,38,29,3,28,1,6,51,32,20,36,19,18,1,2,38,5,24,22,2,2,3,40,6,5,3,3,6,43,1,25,0,6,51,1,23,15,0,2,25,4,2,10,4,25,15,6,0,2,29,27,22,8,4,25,6,0,1,3,5,6,25,5,7,3,6,4,42,6,31,29,30,37,5,4,4,1,5,1,3,14,26,30,2,0,26,1,1,9,2,34,22,19,5,21,4
2,33,36,0,50,30,27,16,1,3,1,13,0,0,7,8,32,26,5,21,13,3,10,3,4,46,7,7,3,1,5,23,21,1,6,5,0,3,22,4,9,31,23,6,26,3,3,7,3,7,4,3,33,33,6,1,37,26,4,27,3,2,3,39,4,30,11,0,4,21,4,7,2,5,33,25,4,1,3,5,1,26,1,33,29,7,8,7,44,34,6,18,6,35,6,34,8,9,9,36,3,42,4,12,2,27,4,5,17,34,24,7,26,4,26,7,36,1,4,38,20,9,0,3,46,3,5,20,6,0,3,35,5,2,1,31,3,5,4,2,47,0,4,42,5,5,5,37,5,3,2,2,0,2,5,9,0,7,3,35,7,27,0,4,3,4,2,4,7
4,19,30,29,4,0,7,0,3,2,2,6,39,9,1,3,1,26,27,9,6,8,2,1,1,19,6,5,5,27,34,6,29,47,0,4,1,0,39,33,1,41,1,0,0,32,28,34,1,2,32,16,36,4,30,3,1,36,5,22,5,2,28,0,5,33,24,22,2,0,42,14,37,5,8,44,29,21,21,26,5,45,6,5,6,36,0,30,5,26,4,3,0,31,11,32,17,28,20,38,0,34,2,32,27,22,50,3,39,29,25,22,47,4,2,6,12,4,4,4,35,4,2,21,4,24,32,0,11,34,5,9,32,1,4,5,7,1,8,5,1,4,27,3,6,5,40,4,26,31,6,5,4,3,28,1,1,3,30,27,1,2,15,23,3,4,25,22,32
1,30,33,48,26,9,3,12,0,2,9,8,34,4,35,30,7,5,9,26,3,36,3,7,42,7,7,22,4,0,5,30,5,2,29,4,23,4,5,31,26,26,5,32,0,3,3,11,10,30,2,4,2,6,7,22,41,7,6,33,1,2,0,40,39,7,3,37,3,10,11,22,7,1,2,38,9,6,2,1,6,5,0,25,2,6,7,6,6,19,43,14,2,40,3,20,1,3,4,40,11,6,3,4,36,8,10,47,33,4,9,28,0,23,9,2,5,2,39,4,6,50,22,5,9,4,8,0,2,35,37,34,4,2,3,29,6,2,5,3,1,9,50,27,4,4,3,5,23,6,18,22,6,4,4,18,1,6,38,29,6,0,30,42,9,30,6,4,8
7,6,9,1,7,3,11,7,3,1,34,32,21,1,5,5,31,4,8,5,3,4,29,16,39,7,37,2,3,0,23,5,26,7,40,0,2,6,4,26,20,10,6,3,3,30,39,0,3,2,1,1,32,7,2,39,2,10,1,5,11,3,12,3,38,6,6,5,5,8,2,0,4,5,38,24,30,40,1,9,0,45,2,6,6,9,30,2,48,47,2,3,29,5,5,31,33,5,3,2,17,5,15,3,8,33,8,0,5,30,34,3,4,2,5,2,27,7,2,9,2,8,29,20,28,7,7,26,8,6,7,4,11,7,24,0,4,0,33,7,6,8,39,2,3,11,39,8,33,0,29,44,4,5,3,14,0,33,5,2,0,4,7,0,3,4,6,5,8
31,6,4,0,4,27,35,24,4,37,52,24,25,3,5,28,44,7,2,4,44,6,5,1,10,24,6,5,5,3,24,6,7,22,2,31,1,34,1,3,2,38,20,8,9,42,38,3,5,3,0,3,14,7,41,5,25,17,0,27,33,3,21,24,14,12,29,6,25,6,27,5,7,2,36,2,6,4,2,3,56,8,1,0,3,5,22,5,2,2,1,8,7,8,7,35,16,25,16,44,24,26,5,14,5,3,10,0,36,5,2,3,3,2,7,52,7,27,1,3,5,31,4,2,30,38,30,30,43,5,5,29,25,6,4,36,3,7,3,5,3,2,31,5,3,23,10,6,8,5,11,35,27,27,3,5,4,4,6,30,30,4,1,43,3,7,35,51,3
6,31,21,1,5,5,4,40,5,5,5,7,2,9,52,13,9,33,35,5,7,0,3,26,2,41,5,34,4,5,4,4,2,17,30,32,37,5,5,6,6,1,6,23,31,19,4,10,6,35,29,2,4,35,1,46,1,8,2,0,33,3,0,3,7,23,2,24,0,6,1,2,7,42,26,7,14,5,6,16,23,5,6,3,31,5,20,22,5,21,8,1,6,9,7,3,1,0,3,6,3,1,23,1,24,3,5,8,1,1,13,4,3,4,2,28,2,49,4,3,34,7,5,4,6,7,3,27,33,45,0,4,4,7,2,6,5,48,5,4,5,5,44,34,6,37,22,5,1,8,4,4,7,29,5,1,6,8,44,23,36,4,3,2,1,2,1,37,3
0,0,2,5,5,5,2,4,11,2,0,7,25,1,0,1,2,3,4,1,4,39,7,30,4,2,9,29,25,2,6,2,7,2,7,11,8,2,2,22,3,1,1,3,20,8,8,28,2,5,44,5,17,31,7,31,27,27,7,45,25,32,0,11,1,42,0,18,0,8,2,6,24,4,5,29,8,44,6,5,26,28,5,2,49,6,8,6,0,27,12,3,26,3,4,5,34,1,4,5,34,34,26,26,31,5,26,32,6,22,3,4,3,5,9,1,0,2,1,9,2,2,40,30,2,5,26,0,40,1,2,56,3,6,6,36,5,1,9,28,6,14,28,1,41,7,2,7,27,2,3,2,22,7,7,47,3,4,26,37,2,5,5,0,7,7,19,11,26
29,4,1,31,17,8,3,3,27,6,25,1,27,37,0,52,2,51,35,7,4,35,4,27,7,2,25,5,43,1,3,5,36,3,1,0,20,32,5,3,2,2,2,36,0,9,4,1,6,13,3,5,5,19,8,2,1,5,5,27,31,45,2,9,22,6,2,12,28,0,4,16,3,5,37,3,7,5,5,2,2,4,7,7,32,6,3,8,7,22,1,42,3,5,6,30,7,40,19,28,21,2,4,36,5,2,0,27,45,8,10,4,43,6,3,5,7,7,2,5,13,43,37,33,27,8,9,27,7,0,23,28,1,50,6,6,3,40,2,3,39,9,29,37,29,1,35,3,0,13,3,22,16,4,4,4,35,16,6,3,6,8,4,10,5,0,37,4,44
5,2,7,14,29,7,5,32,3,7,5,28,11,35,4,5,0,31,6,0,10,5,15,0,4,2,2,2,8,2,22,7,5,25,0,1,6,11,5,44,5,8,0,26,4,35,2,14,2,1,34,6,41,4,1,4,7,31,0,1,0,23,7,28,34,2,2,2,29,7,29,4,3,9,30,30,5,6,19,23,22,2,0,4,3,34,4,25,35,4,3,28,4,4,26,2,1,3,0,3,20,20,0,22,4,6,3,28,39,26,36,4,3,6,6,3,0,2,4,4,9,1,27,17,28,5,29,31,2,4,41,7,0,0,6,44,7,5,5,37,25,4,41,25,28,5,7,31,5,5,27,2,2,25,6,4,1,1,14,2,2,6,7,2,7,0,7,5,2
1,6,44,25,5,34,4,11,31,4,23,36,29,5,24,30,8,4,24,1,2,0,25,2,2,22,9,5,36,3,4,5,5,1,5,5,4,14,4,8,2,8,16,5,44,1,4,21,32,16,39,32,3,1,24,55,8,35,19,8,24,8,3,21,4,3,9,0,28,1,33,17,37,37,4,5,24,1,5,30,6,31,5,43,5,6,28,23,6,6,32,2,41,21,5,2,3,4,9,0,7,33,23,1,8,23,33,5,4,18,36,6,6,1,7,5,21,7,2,21,48,30,3,3,20,31,42,1,4,30,1,32,1,5,7,44,6,4,32,29,14,2,4,32,3,6,65,46,6,5,32,6,4,1,5,5,3,4,1,45,20,4,7,8,31,8,0,6,3
35,22,3,8,32,14,27,13,27,39,1,33,6,2,27,5,28,1,3,21,4,1,5,2,1,4,4,11,23,12,0,3,4,2,27,4,29,8,7,6,2,4,20,1,7,8,31,0,19,14,1,5,34,2,5,51,5,5,2,33,6,6,33,25,31,28,17,30,6,28,4,25,5,0,4,0,37,43,6,7,21,33,2,2,25,23,23,1,7,5,8,7,8,24,23,8,33,4,0,2,24,17,10,2,5,20,33,29,2,2,40,22,8,45,32,30,4,9,2,5,24,49,24,0,18,27,11,3,3,27,35,46,1,43,4,4,4,7,9,7,5,2,7,7,3,3,3,9,1,3,4,6,2,5,52,2,22,34,6,7,29,8,2,5,44,10,30,5,1
36,10,22,7,4,4,2,5,22,35,0,25,7,1,5,2,5,13,5,7,0,0,6,1,2,48,13,50,30,3,5,2,45,5,24,28,5,7,3,1,40,4,34,2,22,20,5,4,1,8,2,4,2,54,6,0,1,50,4,3,3,1,0,29,7,1,2,1,0,32,4,2,1,30,3,38,6,23,3,35,0,12,4,42,21,5,6,9,3,6,3,46,4,19,5,34,5,23,4,2,33,25,1,1,35,0,0,38,4,36,4,38,3,4,35,26,2,21,34,7,37,39,8,48,0,1,0,8,4,2,31,4,4,32,1,1,1,40,6,1,4,26,3,3,4,34,32,1,1,8,3,1,2,28,30,1,5,4,5,15,1,8,6,45,32,2,5,22,36
3,15,6,3,31,25,0,6,1,0,20,12,2,30,11,26,25,22,3,5,23,10,8,3,18,10,36,10,15,10,9,30,23,2,4,26,27,1,1,4,3,3,26,33,6,1,1,46,3,3,7,2,68,5,13,6,31,6,8,1,14,6,5,24,2,39,18,18,43,26,4,7,8,3,6,6,10,33,29,38,1,1,4,4,16,0,0,9,3,1,3,29,24,2,51,6,27,7,6,22,30,7,37,4,25,3,1,6,31,3,24,5,3,23,16,3,2,6,0,4,3,6,11,6,3,40,36,3,0,35,8,21,4,5,1,35,32,2,45,0,0,28,10,7,4,5,5,4,25,8,4,30,3,6,1,7,6,6,4,7,5,20,0,30,2,1,2,8,2
4,1,30,8,32,5,5,41,5,7,1,29,8,1,23,38,15,5,4,6,4,6,31,25,1,0,30,2,3,23,7,4,47,1,57,4,1,8,5,22,6,49,26,3,27,23,30,36,5,0,29,36,8,3,6,6,5,2,8,3,25,7,48,7,28,7,2,1,44,0,5,6,6,23,1,34,22,27,0,3,4,33,8,34,7,2,30,25,2,36,7,3,8,8,14,5,3,8,20,4,5,49,45,2,13,3,3,1,24,7,34,43,13,25,10,1,25,7,26,17,2,5,5,7,0,7,3,2,1,3,2,15,5,25,43,8,24,2,4,5,0,1,3,2,3,0,1,8,4,0,4,0,6,34,1,9,2,3,54,22,40,23,27,2,9,0,22,1,1
5,5,5,33,0,32,1,5,3,3,7,46,2,1,7,5,5,3,0,3,3,2,3,4,31,3,3,5,6,22,12,1,11,4,19,5,4,48,2,27,0,12,1,40,9,25,10,6,0,2,7,15,1,7,7,5,8,27,8,0,5,30,1,28,33,2,7,26,6,3,3,33,6,4,44,23,4,2,27,3,3,10,7,49,1,2,2,0,0,3,38,4,1,1,31,4,2,29,7,22,4,5,8,9,27,21,3,45,4,7,49,9,4,28,41,29,6,13,32,27,25,5,7,33,34,2,31,20,24,59,3,29,46,3,6,7,39,0,31,31,20,5,5,3,3,4,7,21,3,29,2,17,28,4,8,4,0,1,1,35,8,6,7,4,30,3,1,0,34
32,7,28,6,4,21,2,6,9,5,2,0,10,4,1,17,13,42,0,1,8,25,1,16,30,1,5,0,2,5,8,4,4,31,21,26,48,3,30,2,4,5,24,36,1,0,0,21,1,3,9,4,7,0,0,40,28,6,32,1,34,7,7,4,9,2,36,2,42,1,6,23,45,2,1,7,2,5,17,31,7,32,56,6,4,8,1,26,22,3,2,0,45,4,4,10,25,26,26,3,0,32,10,25,4,2,3,3,40,4,8,5,42,0,4,56,8,7,7,39,7,2,49,4,26,32,2,30,4,3,56,7,4,3,9,2,4,2,5,2,40,4,2,51,9,30,2,0,7,7,34,1,32,4,1,0,5,50,2,1,4,46,8,6,16,1,8,15,5
6,3,52,18,5,5,5,27,5,15,2,10,32,6,26,2,3,4,2,15,38,7,6,3,28,6,5,34,5,42,2,15,37,8,33,3,33,0,2,5,6,22,37,4,7,6,3,17,0,8,5,6,1,16,8,4,0,34,22,6,44,22,0,7,42,3,7,30,5,3,5,5,20,3,32,8,4,26,25,6,41,8,38,1,26,6,10,1,17,0,34,20,38,2,7,2,7,40,4,20,33,5,1,2,24,7,20,2,3,5,31,4,4,5,6,12,8,31,0,8,5,30,6,1,5,8,20,29,0,19,40,29,8,6,35,7,1,50,4,28,2,2,1,35,7,48,39,11,1,3,5,32,31,31,14,19,1,8,1,1,0,0,0,37,6,6,1,7,5
22,38,0,4,47,3,3,9,9,3,1,29,9,24,34,33,1,6,10,6,40,3,1,6,44,20,6,3,34,8,3,27,3,4,3,0,24,20,1,0,3,10,4,1,18,0,11,9,19,36,22,6,7,18,5,1,34,15,1,13,5,3,6,1,1,33,8,39,31,8,43,3,22,4,29,2,2,27,2,7,47,3,0,8,2,3,10,5,21,6,6,6,25,19,8,1,0,8,47,7,8,5,18,0,8,29,58,8,1,2,3,7,4,9,4,7,3,6,39,3,1,38,0,6,22,31,4,6,3,3,11,22,1,9,40,12,3,7,38,6,0,3,19,25,31,5,5,5,18,22,4,8,13,6,2,0,34,33,29,20,8,5,6,8,46,2,24,1,26
34,34,2,3,25,6,8,23,29,8,6,3,0,3,32,35,4,37,1,5,50,0,8,1,4,2,7,0,9,3,8,4,26,4,3,48,28,4,31,9,7,7,5,33,20,2,25,25,4,18,9,0,6,3,4,2,23,10,5,5,5,2,3,14,6,1,29,26,5,35,7,0,1,6,1,31,19,3,2,39,22,0,45,5,6,3,27,45,6,0,2,5,32,0,18,4,7,31,6,0,1,4,7,5,27,0,2,2,3,33,33,35,36,1,32,2,34,1,2,29,4,9,7,5,5,32,38,3,0,1,9,4,37,14,2,2,1,29,5,6,9,39,4,7,24,0,0,12,6,6,2,23,17,8,8,2,29,3,28,4,7,35,42,5,25,3,1,21,7
34,0,3,31,38,5,1,37,2,36,6,21,29,5,7,9,0,1,3,0,8,0,6,10,33,18,7,4,6,8,20,20,0,2,3,2,7,30,48,30,4,7,5,5,4,0,47,7,3,9,37,0,2,2,44,5,28,6,3,5,30,23,5,9,47,38,4,49,23,37,4,5,0,40,8,4,31,7,6,34,39,24,44,41,5,42,4,4,6,0,2,31,6,5,7,30,35,5,3,18,2,22,0,9,25,26,3,5,0,24,17,1,6,8,23,6,36,9,19,18,5,6,4,36,6,30,34,0,3,2,17,3,5,4,30,6,2,4,2,0,23,2,0,20,7,1,29,24,8,8,32,3,32,4,10,24,33,5,0,25,22,6,39,8,23,3,5,6,33
24,1,6,5,32,45,23,3,28,9,28,34,8,5,1,0,5,2,35,34,2,17,48,24,27,6,5,31,0,4,11,5,3,19,6,29,4,1,4,5,7,4,2,4,7,16,14,6,11,11,22,1,32,2,2,23,1,8,21,1,21,31,22,4,4,40,26,22,20,25,5,29,4,21,3,5,2,6,2,2,3,6,6,16,21,23,4,4,4,2,3,4,19,7,23,3,21,7,5,1,7,8,30,1,2,48,10,38,11,22,40,3,7,8,42,4,0,9,6,8,38,37,3,5,3,22,8,22,8,21,39,6,25,16,3,9,9,5,23,14,15,22,6,37,4,3,21,0,0,19,3,4,29,7,37,28,6,36,2,2,8,24,36,0,31,32,29,5,3
5,37,32,35,4,6,0,41,5,23,0,28,25,19,0,6,4,7,5,32,31,39,29,0,3,23,6,35,17,48,20,24,31,36,5,2,31,28,21,1,27,2,33,16,15,9,4,10,0,1,27,45,1,1,2,3,4,9,7,3,8,21,22,2,2,0,5,1,6,3,6,7,6,5,3,6,38,0,2,23,22,34,30,4,3,5,13,5,30,31,1,7,32,38,2,2,1,35,8,9,16,2,0,0,34,29,7,3,6,1,3,39,7,8,6,0,21,0,27,2,4,4,5,23,5,5,14,22,2,7,2,38,40,5,22,8,11,3,5,12,7,9,33,18,2,41,0,17,9,10,35,8,38,4,3,9,36,7,16,29,3,27,1,31,6,4,6,7,47
6,26,19,29,4,21,2,6,26,2,29,1,42,1,26,7,3,31,33,11,0,2,2,20,2,4,3,23,3,34,29,7,6,5,4,8,3,33,1,31,2,0,3,5,3,33,2,38,9,1,4,6,4,24,1,25,6,6,28,30,7,4,10,27,44,7,1,24,29,8,7,30,7,3,5,34,0,34,32,4,23,41,4,4,9,1,3,9,2,6,3,8,2,0,8,3,26,4,6,9,34,6,4,3,25,33,32,31,7,4,8,26,6,1,1,3,11,21,44,0,3,8,21,6,9,28,2,3,37,38,4,38,13,28,1,5,0,21,51,5,0,12,4,6,29,9,4,54,6,27,16,12,41,2,6,4,4,8,31,2,2,6,4,37,8,0,51,8,6
29,38,6,0,0,32,3,1,4,48,2,5,6,19,4,1,18,44,32,20,30,2,6,2,3,8,3,39,3,39,23,24,25,9,50,25,0,0,6,4,11,7,29,12,20,0,9,7,1,2,6,4,1,0,1,3,25,7,32,1,12,4,7,35,31,7,24,1,33,32,0,33,0,3,27,28,6,16,5,33,6,2,2,48,17,5,3,3,1,1,4,33,6,1,22,2,33,15,34,1,25,34,24,8,3,42,23,28,10,29,5,27,4,7,3,3,0,2,22,4,21,1,7,3,54,2,6,6,15,18,30,17,3,42,9,3,23,27,6,5,39,0,1,30,1,5,11,8,33,29,29,35,23,7,43,3,5,15,4,13,18,23,9,33,17,3,1,4,6
8,6,31,7,1,7,49,47,1,5,42,2,6,27,20,0,16,0,3,7,31,7,1,7,3,4,41,5,11,35,42,5,4,26,6,0,1,1,1,6,3,5,7,1,35,6,8,2,7,37,3,27,4,1,4,25,4,26,1,5,29,6,9,34,5,10,1,18,7,2,18,5,21,33,8,8,0,7,0,39,23,4,6,25,2,5,5,0,1,21,19,47,31,2,58,35,2,16,5,6,3,6,24,0,2,6,25,6,14,31,16,4,2,4,3,39,29,5,26,3,32,26,19,3,29,39,31,22,0,5,4,2,38,26,5,2,1,8,1,35,2,2,3,43,5,3,8,3,7,5,0,46,10,2,36,9,7,6,5,4,38,30,5,4,21,4,9,22,3
26,31,22,22,0,27,2,0,3,0,2,0,2,5,25,35,6,38,0,0,25,32,0,6,2,34,8,36,5,24,0,5,0,5,7,7,35,27,5,0,3,2,8,5,2,4,22,21,3,5,32,2,7,24,26,1,19,3,6,8,57,2,4,2,3,8,29,3,4,25,4,28,22,35,2,12,3,4,29,42,20,2,37,29,2,4,3,31,5,5,18,2,2,22,40,6,5,2,7,8,7,6,35,37,27,31,5,1,1,2,1,0,0,9,5,2,6,0,8,5,36,3,48,5,4,4,41,7,1,7,5,3,5,25,4,30,40,2,12,44,29,11,14,30,7,6,10,5,0,3,36,0,22,45,26,19,6,19,33,3,36,22,41,43,32,4,2,10,0
7,0,3,4,43,29,24,5,34,6,5,2,7,12,22,4,45,4,2,1,7,5,2,39,36,1,0,0,1,32,3,32,25,1,28,39,5,3,0,32,7,0,0,35,6,1,5,9,44,30,38,4,5,19,0,2,29,3,4,2,1,6,29,38,3,45,40,2,17,5,0,1,5,34,4,31,7,7,7,22,3,0,3,3,1,39,4,6,0,23,42,9,10,11,54,2,8,26,7,27,37,29,6,2,35,1,48,7,0,25,39,33,10,5,7,4,3,1,2,4,35,8,26,2,12,26,4,1,4,5,44,6,7,6,0,32,5,2,36,2,2,11,30,4,3,31,0,1,3,4,2,6,15,5,5,7,4,1,25,5,49,5,9,1,6,4,4,32,29
4,7,5,13,18,5,2,15,3,5,6,2,4,5,12,1,27,6,30,6,33,5,2,1,7,28,2,5,29,28,36,2,12,10,20,22,3,4,0,33,1,22,32,0,0,5,25,5,5,31,2,36,34,6,6,4,27,4,3,1,20,8,3,1,1,34,2,27,20,3,17,49,19,20,34,35,21,1,2,6,26,39,29,21,3,7,44,4,5,3,2,25,12,5,5,7,5,6,6,4,0,7,0,4,8,29,37,16,10,4,25,2,4,19,24,0,0,13,31,8,1,14,3,1,29,7,1,10,36,6,27,1,25,1,2,8,45,8,39,4,8,0,3,0,0,6,7,5,1,5,29,10,2,6,0,0,4,28,4,30,54,1,1,24,8,37,18,5,3
32,16,3,1,40,5,22,2,4,1,4,38,1,25,6,3,46,1,4,8,1,0,5,6,21,4,4,1,2,20,11,28,33,3,1,8,4,6,6,18,2,2,2,36,2,35,16,7,15,9,6,4,24,17,2,3,5,7,3,4,8,25,5,33,3,2,2,16,0,28,29,7,5,4,0,2,0,14,4,37,5,4,27,4,28,22,1,4,6,0,8,7,2,0,9,7,35,42,0,32,4,0,2,19,35,11,12,3,38,4,30,4,28,25,4,20,1,10,8,28,4,5,5,7,2,39,25,2,0,35,6,8,5,35,34,0,3,38,11,44,39,25,28,2,6,22,24,0,41,1,6,3,6,2,6,29,5,4,2,0,48,59,5,27,25,20,6,4,3
4,2,0,9,11,27,23,2,2,0,36,52,9,28,1,2,44,17,23,20,4,26,4,46,35,33,2,6,30,32,4,7,2,33,1,1,1,3,30,13,6,7,0,18,4,25,0,3,37,39,32,0,34,0,29,3,29,15,27,0,13,27,2,41,5,4,16,2,0,44,39,3,28,25,6,29,49,6,3,8,7,2,21,19,45,32,31,51,22,42,7,2,1,26,35,3,7,5,1,40,5,7,6,0,6,6,1,2,39,6,50,33,6,6,9,3,11,11,3,23,6,9,34,30,8,12,39,2,0,0,10,23,5,20,6,4,3,6,8,45,45,1,5,7,1,36,15,0,1,14,21,1,36,2,5,12,1,34,1,9,9,5,26,4,28,4,6,4,21
1,8,12,48,27,36,7,12,5,27,2,0,8,19,17,29,24,25,6,32,0,26,2,1,4,1,28,31,0,2,1,1,23,35,4,3,19,33,6,1,5,31,8,6,5,0,3,19,35,6,22,7,34,35,22,42,8,6,3,45,3,32,3,32,13,1,3,0,4,34,34,3,1,5,5,5,8,2,5,5,6,35,7,2,26,24,3,42,48,3,36,0,2,10,5,23,16,27,2,1,27,39,29,4,38,33,1,16,41,2,9,5,29,3,2,3,5,51,37,0,6,1,7,5,2,3,11,6,8,29,4,0,8,42,5,24,6,2,31,4,49,28,5,5,5,3,26,1,7,33,42,2,0,9,57,4,10,35,4,41,7,2,27,3,7,2,16,5,3
8,20,6,1,2,6,36,3,30,0,3,24,6,4,34,0,3,32,0,6,5,2,27,4,19,29,30,7,5,6,5,27,5,6,8,48,1,33,34,4,29,37,7,3,6,23,24,2,26,6,31,6,8,6,10,2,7,37,4,4,3,1,0,27,2,8,6,30,3,55,2,10,3,34,35,10,0,6,10,2,5,0,1,22,5,2,3,2,7,9,18,34,35,2,19,18,6,41,9,8,10,0,19,13,36,2,37,34,3,29,5,3,37,7,29,3,9,6,2,4,2,2,13,3,40,9,13,31,2,22,48,33,0,9,4,3,5,53,6,4,24,0,22,1,12,35,1,13,32,6,34,20,4,38,8,10,23,2,34,5,6,45,17,20,11,4,6,40,16
7,29,28,12,37,11,1,1,3,5,0,7,1,7,33,4,7,49,7,7,48,5,33,0,33,40,16,4,44,5,7,7,26,30,5,6,3,4,3,25,2,1,3,0,22,1,19,2,8,3,0,0,33,22,1,33,3,7,4,5,4,6,22,9,2,7,4,8,29,0,8,35,8,3,5,10,2,32,9,9,1,24,6,6,36,5,1,28,4,33,10,0,34,23,18,5,2,6,26,13,5,3,36,37,35,2,7,0,1,41,3,26,23,6,4,0,24,4,5,2,33,6,3,4,26,22,1,7,0,5,5,31,10,6,5,9,1,3,2,4,8,22,5,5,31,19,27,2,36,30,5,7,34,7,3,2,43,16,27,8,22,28,4,30,41,17,32,0,2
4,5,7,7,1,6,34,4,43,5,5,25,6,3,32,9,3,30,4,36,6,20,28,1,38,2,21,1,21,6,0,1,21,2,4,7,9,2,7,0,3,7,33,25,1,9,2,2,26,5,5,4,0,4,7,3,22,3,1,2,5,5,8,3,0,47,2,7,6,0,1,35,17,8,0,19,35,1,10,8,2,27,6,29,3,7,30,2,1,3,4,33,26,35,8,3,3,4,11,48,1,22,27,3,0,8,5,4,36,13,32,2,2,0,10,4,29,13,7,1,5,26,2,0,5,4,37,37,3,19,42,1,6,3,2,27,41,4,4,3,6,5,3,1,23,28,8,1,0,0,0,36,3,7,47,30,39,0,34,25,57,3,6,46,29,4,6,7,29
19,28,19,14,6,0,34,4,7,5,2,8,6,36,4,27,3,41,3,18,9,0,11,7,36,4,17,10,27,1,3,1,3,32,3,4,1,25,48,4,3,2,27,30,6,41,13,4,5,4,1,11,3,1,1,13,4,2,18,3,23,7,4,6,17,9,6,2,3,1,23,5,8,5,32,7,30,36,3,46,22,2,28,3,0,3,14,7,6,6,41,22,49,4,51,5,2,1,6,32,20,26,5,7,2,3,4,25,1,0,4,4,39,3,2,2,41,4,1,45,29,1,2,19,43,28,14,31,9,6,44,47,2,5,3,4,6,6,1,4,1,1,34,4,25,5,24,4,4,4,31,28,7,3,14,6,23,20,6,2,34,29,6,3,1,48,6,27,21
31,0,1,5,37,22,5,4,4,2,26,45,22,0,1,0,5,7,19,5,47,4,37,0,5,29,36,6,5,2,0,9,16,2,0,51,7,1,19,29,41,1,48,4,31,8,3,3,45,0,2,6,7,1,5,5,3,3,4,2,8,19,3,3,6,3,4,6,3,0,3,3,26,37,43,45,8,2,2,27,5,2,24,1,4,6,1,30,3,4,7,10,7,6,8,24,31,34,7,18,32,16,9,33,35,3,1,27,31,4,33,5,5,29,2,6,0,6,20,29,7,2,1,3,35,36,8,5,0,6,0,24,6,19,0,0,42,6,9,5,22,25,28,7,31,8,6,46,2,32,7,2,2,33,4,33,31,36,7,1,11,1,23,34,3,1,2,25,42
31,5,0,24,25,6,18,37,24,1,3,6,2,2,0,7,20,37,40,3,27,26,2,35,50,6,5,4,4,1,40,30,50,23,42,36,5,2,2,31,2,33,1,36,37,4,32,8,6,4,1,43,6,12,1,29,3,1,3,6,30,0,7,21,5,23,42,3,27,2,0,1,0,3,6,12,31,5,36,4,0,2,1,6,22,3,29,1,4,3,4,16,5,39,7,9,5,2,1,6,40,24,7,7,2,33,29,5,5,3,2,29,22,3,5,3,34,5,11,13,9,37,6,4,0,3,0,1,6,1,26,5,31,7,3,32,35,31,4,8,7,1,1,4,34,2,25,1,1,1,3,28,31,33,5,8,37,23,4,1,1,42,19,0,5,1,38,9,5
5,1,2,3,45,1,46,1,1,6,6,13,5,28,1,28,42,2,0,24,22,7,22,30,29,1,5,9,34,2,2,2,1,35,3,22,26,5,1,6,31,32,7,34,40,0,31,30,6,29,29,44,51,2,7,10,0,31,1,0,9,6,7,36,6,3,2,5,1,19,50,38,32,22,37,2,32,6,30,30,39,31,9,31,4,29,2,9,3,4,1,3,5,21,4,2,2,4,22,31,0,2,25,0,6,6,4,2,16,9,0,4,6,34,25,4,0,1,5,4,6,29,1,3,6,17,9,5,5,23,39,34,0,3,29,20,3,2,0,4,36,25,6,41,30,2,4,7,5,14,17,5,8,49,23,4,24,23,5,4,2,3,17,0,21,31,26,3,9
7,29,1,24,7,2,0,28,5,4,20,0,30,4,33,22,1,4,28,6,36,27,4,2,3,1,4,4,4,7,18,4,10,28,20,19,33,39,2,6,3,7,7,1,2,37,20,39,1,8,9,36,1,5,7,4,7,40,35,36,1,2,33,2,7,6,6,21,3,5,46,34,22,25,1,28,2,2,43,7,8,1,8,6,4,48,2,5,24,45,5,2,25,3,3,7,14,9,5,5,34,25,33,2,31,4,4,1,41,9,4,1,7,1,9,3,2,36,7,20,29,33,1,23,19,4,37,6,30,7,3,10,9,4,31,6,2,13,26,1,1,4,0,0,30,6,9,6,26,1,35,36,2,7,41,0,15,25,5,1,5,34,2,9,34,27,3,6,25
7,8,2,26,8,9,7,4,22,21,2,46,28,1,21,12,20,40,9,1,26,31,2,29,3,3,5,0,29,4,6,3,49,2,8,18,2,9,3,34,29,33,5,17,2,4,39,4,39,27,9,4,4,0,1,23,7,3,29,9,24,35,6,31,4,7,4,31,4,8,31,18,28,6,7,15,3,23,43,45,29,24,0,6,41,5,5,7,3,2,0,31,23,2,8,34,2,5,5,19,4,1,3,25,6,21,4,35,33,6,13,29,5,1,19,3,1,3,7,33,2,14,2,5,3,0,32,4,5,1,4,4,42,35,5,27,15,21,34,3,17,2,1,33,2,3,30,4,4,7,41,6,4,6,3,0,7,0,21,6,9,7,3,8,27,4,2,26,2
11,28,0,24,10,1,2,1,23,6,8,0,5,19,27,4,6,5,28,3,36,26,6,0,40,0,2,7,10,27,32,4,1,46,2,43,3,32,3,1,27,22,31,5,10,1,1,3,23,46,4,2,3,3,4,39,20,38,39,25,4,4,9,7,3,2,7,7,29,4,9,0,3,37,42,20,5,31,6,31,12,11,1,9,31,9,6,1,37,21,3,5,29,0,6,5,7,12,19,15,4,27,19,6,24,3,4,48,43,41,0,5,6,1,9,19,32,18,3,49,7,30,1,3,2,6,40,7,48,0,4,21,5,36,25,28,0,36,2,40,17,3,3,3,33,40,5,5,41,2,25,30,0,1,5,6,26,1,0,28,5,32,6,38,8,0,3,24,9
4,30,44,24,6,8,3,3,5,28,22,3,6,5,37,2,18,44,5,1,4,3,11,3,1,27,5,1,6,1,36,4,5,4,1,2,6,8,5,5,4,4,39,2,52,0,25,7,0,38,8,21,12,1,2,13,3,8,0,3,2,0,30,8,33,17,1,23,35,19,17,7,2,27,6,1,39,28,33,3,16,4,21,24,2,16,36,0,6,22,1,21,0,33,4,7,5,2,5,4,8,6,1,9,5,2,42,22,25,10,4,24,3,5,2,32,3,5,24,25,30,3,6,6,19,21,19,15,0,1,30,24,32,5,2,15,24,28,23,1,18,28,3,44,40,23,26,37,27,32,39,13,6,0,2,7,40,8,3,26,13,6,1,3,44,24,4,8,26
0,45,2,3,8,5,0,0,5,20,3,34,4,19,45,23,6,4,43,6,37,2,10,34,2,1,35,20,4,8,39,8,8,7,2,45,6,5,1,1,29,5,4,2,30,17,3,9,0,0,4,1,3,0,29,28,3,14,4,6,4,39,19,15,2,5,5,5,2,1,5,9,10,3,3,0,7,13,7,17,3,10,0,0,36,21,36,5,3,2,21,6,2,6,3,47,5,3,2,4,7,4,1,21,4,26,29,39,41,3,45,7,35,1,25,8,3,5,33,12,5,7,0,33,25,6,16,3,7,23,8,32,0,35,21,18,1,34,1,10,27,9,21,28,40,32,19,5,35,6,4,44,8,2,20,8,4,3,17,25,28,6,43,1,7,5,8,1,7
17,9,4,30,9,60,8,30,6,49,1,21,24,3,17,15,4,44,0,30,4,32,5,0,43,3,2,36,5,8,2,1,35,3,35,5,46,36,23,9,39,2,25,13,32,17,6,4,43,1,4,6,38,39,43,0,6,7,21,5,3,30,11,35,34,7,21,6,1,4,9,1,6,6,1,5,38,0,29,3,19,35,8,5,6,4,4,33,16,26,9,31,3,4,9,1,6,6,19,35,19,5,5,32,3,0,31,2,6,36,4,33,45,30,27,32,7,5,31,20,5,39,19,2,4,29,6,14,6,31,5,1,4,3,18,2,1,1,1,22,28,43,2,9,14,31,5,32,24,1,3,22,5,1,0,34,28,2,0,39,6,3,3,8,25,7,11,27,3
14,1,2,8,5,0,7,5,22,0,46,5,6,1,0,21,39,31,3,23,26,42,6,23,8,29,2,5,7,25,9,31,35,2,25,25,3,7,7,4,4,2,37,4,37,5,3,5,10,0,3,7,43,8,4,7,9,38,2,1,45,8,1,32,39,1,4,19,3,16,4,5,0,5,4,1,0,7,17,3,5,8,7,24,6,27,6,20,6,2,37,19,30,1,1,8,2,35,5,3,38,7,33,45,1,1,29,2,8,3,7,3,2,0,0,2,7,7,37,23,20,5,0,3,7,8,8,7,29,0,23,26,35,9,5,2,42,49,6,5,0,2,3,35,21,11,2,3,0,5,0,4,33,2,1,4,41,16,33,1,20,14,31,2,34,2,24,5,22
33,1,40,4,45,36,2,6,19,0,6,2,29,3,1,45,49,29,0,28,30,13,29,6,1,33,10,23,24,22,34,5,37,1,23,0,24,5,5,31,3,21,3,5,33,6,3,37,1,7,3,7,32,2,37,0,2,6,9,23,48,5,3,8,7,2,25,4,3,10,7,33,4,1,5,22,4,0,2,30,36,5,5,4,5,29,4,3,1,8,4,5,6,7,4,4,33,4,8,5,29,5,44,9,4,27,1,39,2,1,46,6,3,1,9,35,4,5,30,1,10,6,7,5,0,19,37,1,4,3,4,22,2,0,7,41,8,7,0,5,9,6,32,23,19,4,1,5,25,9,4,5,1,4,17,33,7,0,5,4,2,5,3,3,4,4,21,29,33
3,0,7,7,4,42,44,10,8,27,2,0,0,10,2,3,40,26,3,2,6,33,26,4,28,29,8,37,5,0,0,7,12,2,2,5,47,0,39,0,0,31,5,34,32,6,6,7,17,1,34,6,3,14,33,4,20,5,8,32,44,9,9,38,7,2,35,5,5,22,3,3,43,49,2,2,10,7,2,31,10,7,5,7,26,1,32,0,9,0,48,3,2,2,1,4,49,8,0,4,5,33,31,4,5,1,0,7,50,1,49,6,28,2,8,6,18,1,5,4,41,3,5,6,35,20,28,24,7,27,2,5,0,0,3,25,2,28,38,36,4,3,4,6,5,6,1,28,4,30,0,21,9,2,4,26,8,28,36,5,34,42,4,5,9,3,4,5,4
5,21,2,7,8,20,2,29,7,2,46,0,0,38,2,0,4,1,0,7,4,5,21,7,19,7,3,43,43,6,1,15,39,2,3,24,5,8,28,19,4,36,8,43,1,3,7,26,13,5,1,2,26,6,38,0,6,34,2,4,7,9,26,4,0,8,42,3,8,12,16,18,7,4,3,14,6,6,4,26,17,23,1,6,2,21,5,36,8,3,27,31,8,5,20,7,4,33,27,7,6,29,45,2,28,34,38,7,1,8,5,5,18,6,15,34,25,5,18,7,26,2,1,38,32,25,18,6,7,29,8,5,1,28,3,1,4,7,2,7,35,17,6,2,19,26,17,11,11,12,6,3,26,7,4,0,10,8,4,4,34,28,41,5,28,5,2,29,24
28,29,9,7,1,21,28,0,27,1,12,34,18,7,36,5,7,5,2,33,2,0,44,35,26,5,33,7,29,2,1,7,4,7,4,6,3,33,6,29,4,6,1,30,1,30,7,20,7,2,2,4,24,20,5,18,0,6,36,29,7,0,6,32,41,33,21,2,30,15,9,6,17,4,3,24,4,5,8,2,2,2,5,3,7,3,2,30,9,15,27,4,44,6,1,6,0,0,9,2,38,5,36,9,43,34,5,3,1,4,49,1,38,5,1,5,3,3,11,3,35,2,6,5,29,13,18,4,2,33,7,6,26,0,1,31,21,28,44,6,7,1,50,27,3,2,4,4,17,37,1,8,27,8,45,11,21,7,3,4,7,44,2,8,27,4,10,5,2
2,6,7,7,4,8,1,52,34,22,8,47,48,6,21,2,28,24,4,6,8,34,29,0,5,1,8,40,38,6,21,29,39,1,7,0,5,6,32,1,5,6,5,5,3,21,2,2,8,1,5,5,2,7,1,11,14,13,30,2,5,6,7,31,9,1,3,0,29,8,3,2,29,3,35,31,5,4,1,7,21,5,2,0,1,7,3,6,0,0,4,2,31,32,2,0,41,9,6,5,26,20,4,5,8,4,2,7,41,26,4,29,6,30,8,21,25,1,28,2,3,1,5,36,30,8,9,17,10,2,25,0,5,5,36,8,34,12,1,7,42,4,6,31,8,3,51,5,4,20,30,5,6,30,5,6,7,40,4,13,32,9,11,18,5,1,6,36,34
6,22,23,27,29,8,21,3,31,6,8,5,48,18,2,4,7,11,31,40,35,34,3,9,4,2,1,8,3,5,9,33,3,25,40,30,6,10,2,8,3,0,2,44,9,4,7,6,7,2,0,3,3,33,58,21,6,6,16,0,30,4,33,4,30,4,6,39,5,4,7,3,23,6,9,3,7,46,0,2,3,30,8,43,18,25,30,2,6,3,8,8,2,36,3,22,5,21,23,5,24,29,1,33,1,35,36,3,5,2,4,5,9,42,25,6,6,4,0,36,3,3,13,52,1,3,8,26,1,28,33,4,0,26,29,38,31,2,25,0,6,1,21,6,5,4,41,25,4,34,1,2,4,23,7,3,35,1,0,1,36,39,5,3,23,6,15,16,2
39,37,5,36,26,25,3,2,1,0,2,0,6,21,10,27,0,35,34,8,3,9,0,1,3,5,5,4,4,1,2,1,2,4,21,2,31,32,1,0,3,47,10,3,4,43,0,2,26,0,33,8,2,4,29,3,40,2,4,3,28,1,23,35,5,5,19,3,3,2,8,7,3,19,3,30,7,0,2,7,1,2,0,6,11,32,7,2,2,26,31,5,6,2,5,9,5,3,3,19,7,4,48,3,6,0,0,2,27,42,0,3,34,5,4,19,37,33,12,4,2,10,20,2,2,24,3,24,3,34,1,18,38,6,27,1,4,29,21,25,23,3,2,33,27,9,13,23,6,6,0,26,0,3,42,3,22,5,34,8,31,6,17,18,8,1,2,6,25
5,4,29,25,4,0,10,6,2,26,2,9,4,27,5,4,0,2,0,5,5,33,2,27,2,4,1,1,34,1,19,2,5,6,22,7,0,19,32,9,3,37,38,28,36,8,0,1,7,6,1,2,6,3,30,4,1,11,35,3,33,7,19,10,4,2,8,32,28,18,3,3,35,2,3,5,2,5,4,41,8,2,6,58,9,8,3,24,21,44,19,6,2,5,8,6,11,8,36,2,42,30,2,23,5,5,7,4,25,4,2,1,13,0,6,2,27,4,2,7,4,2,34,5,1,6,31,57,2,31,16,6,47,4,45,6,3,10,6,38,23,9,1,6,8,12,1,2,0,7,26,3,9,7,44,26,0,9,36,2,4,31,4,1,39,38,53,26,9
33,22,7,32,1,2,30,6,43,7,3,25,1,6,37,7,8,54,5,9,3,7,0,28,5,2,7,22,26,5,5,49,4,21,4,32,1,31,6,11,22,3,24,2,34,2,6,12,1,8,39,4,7,6,9,3,0,1,3,2,3,3,7,3,30,29,42,3,37,1,3,2,2,4,7,4,3,6,0,11,8,21,5,5,39,8,7,1,6,2,32,6,33,3,19,7,41,30,7,5,6,3,29,9,35,2,4,36,4,2,6,2,0,14,31,21,8,2,4,4,0,3,3,8,6,5,23,3,10,25,26,1,6,4,37,4,9,4,28,2,42,3,23,27,17,37,52,1,0,32,5,37,12,5,8,22,22,9,43,34,26,2,1,18,5,29,4,41,7
36,3,13,6,3,13,6,4,37,1,1,1,27,6,11,38,5,24,4,0,17,9,5,7,37,21,15,5,9,6,42,3,1,6,3,20,31,28,7,4,6,35,2,1,3,7,3,42,9,4,22,31,31,6,5,6,33,0,31,10,0,6,5,2,26,36,3,1,1,7,0,31,10,3,8,18,25,3,0,4,30,2,3,12,2,31,3,18,26,11,25,24,2,25,6,13,21,37,31,0,8,35,1,13,7,7,5,25,4,3,1,21,7,2,26,5,0,13,6,5,2,6,31,2,2,5,4,21,6,4,7,3,26,4,6,32,6,6,29,8,4,4,23,6,5,35,29,3,46,41,4,6,1,6,31,33,30,6,0,20,24,2,6,2,7,33,4,37,35
48,4,0,30,4,10,45,30,2,11,3,6,2,0,0,0,1,30,0,19,10,3,4,2,5,28,2,7,1,1,0,2,40,34,33,10,3,30,0,3,3,9,26,7,23,1,5,7,0,3,11,30,7,31,3,3,4,3,3,21,32,2,28,2,3,7,4,15,2,7,35,4,51,4,0,30,32,4,2,9,23,8,30,1,7,1,1,5,1,26,1,39,28,35,7,10,25,28,2,11,5,10,15,26,6,1,2,3,8,19,33,2,0,5,4,7,6,2,22,5,1,0,6,3,1,1,32,41,30,1,33,4,7,25,26,7,1,0,2,3,4,4,3,33,6,3,27,30,4,30,0,27,7,7,48,11,4,33,3,4,32,2,27,6,5,5,3,6,2
0,16,2,0,6,42,27,17,11,2,6,34,4,25,22,6,6,0,17,34,3,31,6,24,10,1,3,4,10,32,7,35,6,27,14,4,7,5,9,4,0,1,4,31,22,6,0,5,18,4,2,22,2,4,16,39,10,36,21,2,26,1,13,5,2,10,0,12,33,17,5,7,9,18,4,1,6,5,0,31,44,6,34,38,0,5,2,0,5,6,18,3,31,15,5,4,8,3,25,0,2,38,23,6,28,4,6,4,39,25,34,0,19,23,34,9,16,3,7,0,5,28,26,38,43,36,26,1,39,7,24,0,3,5,4,3,4,4,24,3,33,16,11,37,1,33,4,22,40,6,35,2,3,7,8,31,8,1,30,5,6,25,0,5,9,9,28,42,8
4,8,36,22,7,47,6,1,25,2,4,6,0,0,3,0,7,4,28,0,32,4,1,2,5,42,33,4,0,46,4,22,5,31,5,1,29,7,43,6,3,0,7,0,24,33,4,39,38,31,5,29,13,1,3,1,0,5,32,8,0,19,2,7,28,22,2,10,2,7,1,28,6,1,0,2,4,9,9,8,36,1,6,5,6,32,8,9,1,5,43,6,22,2,12,5,15,2,5,7,41,21,41,0,34,5,2,0,7,5,7,34,4,3,1,1,19,7,22,2,4,21,28,4,2,1,3,4,4,28,13,17,5,4,28,26,5,23,36,3,8,2,2,1,9,1,27,0,6,39,3,36,3,8,5,1,32,14,0,38,6,22,2,11,28,4,5,0,4
4,25,6,2,6,9,2,6,5,6,9,6,31,21,8,2,0,0,8,30,1,35,38,29,30,6,35,7,3,26,7,0,8,7,2,34,3,2,8,1,1,39,5,18,9,4,35,20,2,0,35,22,25,6,36,3,39,11,44,2,26,4,1,18,10,10,1,6,4,10,4,3,29,6,3,32,32,5,4,10,31,8,1,31,21,6,37,9,24,26,5,3,7,36,36,2,1,8,6,0,6,52,1,6,9,5,6,22,0,20,18,7,30,1,1,6,1,6,6,0,5,40,18,0,4,7,31,10,0,3,4,1,4,2,28,0,2,3,5,3,1,32,6,33,27,2,14,16,6,6,20,2,29,36,8,36,41,5,36,5,41,1,8,5,4,29,44,9,20
2,2,9,1,39,28,10,7,1,4,1,25,9,43,39,21,31,2,43,3,29,0,28,4,1,3,6,3,20,28,34,29,7,25,44,6,29,6,1,6,3,45,2,8,10,32,21,28,17,0,24,9,8,25,39,16,3,20,8,0,21,0,33,29,32,11,19,4,4,33,1,8,25,4,33,1,9,3,8,4,5,6,7,28,3,35,46,5,35,1,34,16,3,6,6,4,25,0,33,33,33,28,27,29,6,53,0,4,0,1,2,13,22,3,24,41,17,3,7,22,11,17,5,21,3,8,21,32,31,33,8,4,0,3,7,43,28,17,24,5,36,5,2,4,34,8,5,39,29,0,4,9,37,3,10,4,2,40,3,6,21,3,6,39,24,5,29,4,6
8,6,27,6,8,5,0,10,1,6,1,0,1,5,25,2,31,3,3,28,6,4,30,6,32,18,36,29,4,6,9,7,22,18,34,0,6,22,7,4,5,23,6,2,38,6,21,3,2,1,7,43,15,0,19,28,30,4,17,4,3,27,0,0,9,3,38,0,33,6,37,2,9,9,5,2,37,0,10,32,31,33,5,0,30,23,34,5,2,11,37,1,5,9,4,2,6,0,0,4,18,25,23,2,4,0,7,34,4,2,24,1,10,4,5,0,6,8,28,27,1,7,3,25,24,14,31,37,21,17,6,39,7,40,9,0,45,26,5,0,31,4,6,2,4,8,3,3,3,6,10,6,3,1,30,2,32,5,32,5,25,4,7,2,3,5,3,1,8
